dept,siren,epci_nom,i005,i006,i010,i012,i015,i017,i032,i033,i034,i035,i036,i037,i038,i043,i044,i047,i048,i049,i051,i052,i053,i054,i056,i057,i058,i064,i065,i066,i067,i068,i069,i070,i071,i072,i073,i077,i083,i084,i085,i086,i087,i089,i094,i095,i096,i097,i106,i108,i110,i111,i112,i113,i114,i115,i119,i126,i127,i128,i129,i130,i131,i134,i135,i142,i147,i148,i149,i150,i151,i156,i157,i158,i161,i162,i164
01,200029999,CC Rives de l'Ain - Pays du Cerdon,98.95833333333334,97.91666666666666,42.0,2.961734391659756,2.3026763364396325,132.53192791567494,2.0,31.5,17.2,8.2,9.92,11.54,10.5,29.5,37.2,9.26,11.64,17.9,87.3,1.8,30.8,1.2,1.6136623411551132,32.882165605095544,0.5526315789473685,2.3,0.2,2.69,136.5,22.4,40.1,1.45,47.1,0.0,9.96717275338531,0.757715316763675,39.98416468725257,57.8,30.9,101.0,6.92,57.65,5.23345597216929,8.74,0,3.852725904644641,-4.4,49.0,25.0,86.6,4.9,28.035,2.002,19.22,6,34.2,9.7,13.9,47.5,82.4,29.58,2.6,-5.220000000000001,53.8,16.0,19.43,0.672,1005.542,63.0,0.0,24.1,0.329,78.0,12.3,14.8
01,200040350,CC Bugey Sud,99.53379953379954,95.4326923076923,34.0,1.944295921839304,4.514445828144458,122.02597098050713,2.0,34.333333333333336,18.4,11.5,12.73,1.26,10.3,26.1,35.7,17.03,11.83,17.4,83.3,-0.6,36.7,1.0,1.5842281288505544,32.005352209944746,2.7751203852327446,2.8,2.46,2.35,144.9,21.0,26.1,1.45,54.5,0.0,14.919285966545734,0.6695119736975147,44.65052378499056,61.4,11.1,119.0,16.09,57.65,5.913593858596069,5.28,0,5.290579389650597,-0.4,50.0,-28.214285714285715,97.45,17.78,29.958,0.938,17.76,6,36.2,11.9,14.2,51.8,62.9,29.57,2.9,-7.2700000000000005,85.3,10.68,12.0,0.0,488.007,59.0,0.0,22.0,0.165,108.0,12.3,16.82
01,200042497,CC Dombes Saône Vallée,95.47625031414928,100.0,85.0,3.862238197276561,3.1334817984893397,78.86514260183186,2.0,31.33333333333333,8.6,1.9,11.959999999999999,13.89,5.9,19.5,52.2,1.5,0.53,11.3,85.9,0.4,32.3,2.4,3.252390384662412,42.55011216441132,1.5565297461766352,3.2,0.12,1.96,122.8,29.4,51.8,1.45,6.5,1.0,15.78645718079221,1.6294782663245837,36.4502680166766,54.5,23.0,99.0,11.93,57.65,3.5855195444683856,4.4,0,2.5644793448400973,-11.4,30.0,14.666666666666666,35.95,5.11,56.279,1.911,10.31,5,24.9,5.5,9.3,43.1,91.9,27.05,2.8,-5.76,57.7,5.68,13.74,1.223,773.317,66.0,1.0,29.9,0.648,63.0,12.3,10.67
01,200042935,CA Haut-Bugey Agglomération,96.96864111498256,95.58215451577802,32.0,0.0014444023489297,5.957390777877121,65.88629126336035,4.0,31.75,15.5,5.3,29.82,1.06,10.9,24.2,47.0,10.04,8.13,15.5,84.8,-0.3,30.950000000000003,1.2,2.183714828837604,33.16081608160816,1.83562412342216,1.6,0.89,2.98,130.3,20.4,56.2,1.45,65.6,2.0,8.361281813438461,0.4881391969166789,39.50907868190989,45.8,34.7,106.0,8.98,57.65,6.277759976993585,5.81,1,5.44112985036774,-0.9,32.0,-3.985507246376811,61.93,23.82,19.845,0.154,25.25,7,35.5,17.7,15.3,47.4,49.1,21.96,3.2,-9.81,105.6,9.45,17.88,0.0,549.459,59.0,0.0,21.1,0.138,80.0,12.3,19.2
01,200069193,CC de la Dombes,95.67483798253028,99.86291980808774,83.0,3.857223048151443,3.029851917374764,65.59831046462223,1.0,31.33333333333333,12.1,2.9,13.58,8.97,6.6,23.7,44.1,9.89,7.99,15.7,82.2,0.7,29.166666666666668,1.4,1.109193985703722,35.36124546553809,0.0953543307086614,2.4,0.0,2.22,119.3,24.5,38.9,1.45,12.2,0.0,52.53545278473239,0.5493701659749454,41.701840283640045,60.5,15.0,105.0,12.82,57.65,4.407360559189001,9.12,0,3.779384292550605,-1.1,50.0,-17.045454545454543,95.55,5.38,54.316,1.588,14.71,6,30.5,7.1,11.1,48.1,75.1,33.57,2.6,-5.5,57.8,8.03,20.75,0.246,454.885,62.0,1.0,25.9,0.099,83.0,12.3,11.71
01,200070118,CC Val de Saône Centre,95.36679536679536,100.0,81.0,3.9693158505039694,3.136480277488338,84.2180092526351,1.0,30.33333333333333,12.6,3.1,8.72,11.77,5.9,25.6,40.7,7.12,1.44,14.000000000000002,87.3,-0.4,32.3,1.6,1.046522690514699,36.11880906700775,2.636667130338016,2.0,0.0,1.43,126.8,25.8,44.8,1.45,5.8,0.0,2.279407107113448,0.92405357591422,36.003726129483,50.7,30.1,106.0,6.0,57.65,4.0117050175775,5.71,0,4.332555198910612,4.3,47.0,-4.848484848484849,62.15,3.97,67.182,1.707,9.53,5,27.9,6.1,11.5,39.7,83.0,32.01,2.5,-5.62,48.5,5.6,16.13,0.476,264.555,64.0,0.0,25.6,0.548,75.0,12.3,10.99
01,200070555,CC de la Veyle,96.1627906976744,100.0,76.0,3.921630539461013,2.786219093868917,0.0,1.0,33.4,14.099999999999998,2.2,10.42,10.35,5.9,24.6,38.3,8.62,6.14,15.4,87.7,-0.2,30.9,1.2,0.8600670852326481,32.651612903225804,1.2148019201350424,2.6,0.05,1.72,124.8,26.2,39.2,1.45,5.8,4.0,9.231888821071411,1.3922827400442204,34.1430556140277,53.8,32.9,110.0,3.5999999999999996,57.65,4.268254493850521,0.43,0,3.157748344370861,-4.0,60.0,-31.309904153354637,86.71,12.3,56.588,1.339,11.91,4,28.4,7.2,9.6,42.0,89.7,32.21,2.5,-4.71,55.0,6.44,13.94,2.15,320.802,61.0,0.0,22.2,0.343,85.0,12.3,12.57
01,200071371,CC Bresse et Saône,100.0,100.0,40.0,4.118119726797911,1.4482950623503816,127.13030421216848,1.0,31.666666666666668,15.6,2.7,7.23,3.14,7.6,22.2,41.3,9.2,4.36,15.5,90.4,1.4,31.0,1.2,1.1284046692607004,30.93003652711436,0.4266381766381766,2.6,0.1,2.33,114.4,23.4,41.3,1.45,8.7,1.0,11.864949168207024,1.2284425527931646,34.41849851677189,52.8,34.4,109.0,7.59,57.65,3.979224662773855,8.17,1,3.941619138149557,4.8,40.0,-21.40575079872205,99.32,0.76,64.755,1.982,15.46,3,29.3,7.5,12.1,38.3,85.5,31.28,2.5,-5.2299999999999995,63.8,6.15,15.7,0.0,208.413,59.0,1.0,25.0,0.526,87.0,12.3,12.88
01,200071751,CA du Bassin de Bourg-en-Bresse,98.84233737596472,99.64050329538648,53.0,2.711266721457555,3.1347105001438997,81.62781890554668,2.0,34.75,14.4,3.4,19.53,1.75,7.8,23.3,50.3,7.27,5.9,15.7,82.7,-0.3,30.8,1.7000000000000002,2.216592780240658,38.60301737773948,2.3397565240785574,2.5,0.15,2.5,132.7,26.6,49.1,1.45,24.3,12.0,5.874379765218444,0.8186581477162768,39.59345747502115,67.4,17.8,110.0,18.09,57.65,5.038713090392194,5.08,11,3.78254183627318,-0.6,34.0,-34.32956381260097,93.75,5.38,54.626,1.085,14.0,6,37.8,12.2,13.8,41.5,72.0,39.68,2.9,-4.21,102.4,12.64,17.01,0.515,951.633,,2.0,24.5,0.198,93.0,12.3,15.21
01,240100610,CC de la Côtière à Montluel,92.00799200799202,98.9145183175034,75.0,0.0252175009456562,11.147242552694838,216.09506580255257,3.0,28.0,10.4,1.4,16.13,8.41,5.8,20.200000000000003,49.6,5.46,1.59,14.099999999999998,77.1,4.1,24.4,1.7999999999999998,1.8820577164366368,41.233786005724376,1.3190646701388888,2.8,0.13999999999999999,1.96,146.0,30.7,54.4,1.45,26.0,2.0,20.695123863280024,0.9142033196304684,38.25368640469389,52.1,23.9,93.0,6.569999999999999,57.65,3.969342808650172,0.39,2,4.075042431099976,-3.3,24.0,-45.78313253012048,34.56,8.42,53.255,1.892,11.13,7,27.0,8.2,15.5,41.6,79.9,26.07,2.8,-8.690000000000001,91.2,4.78,19.78,1.176,977.766,66.0,3.0,24.2,0.236,58.0,12.3,15.16
01,240100750,CA du Pays de Gex,100.0,100.0,38.0,0.1707990549118961,2.927259385315013,61.03806835445519,4.0,25.0,7.8,11.5,17.93,19.99,6.4,16.7,50.7,3.39,2.7,11.7,74.0,-3.1,29.6,3.3000000000000003,0.4867805669561896,51.24285605425589,4.209728798966853,1.7,0.74,2.0,26.3,18.5,57.7,1.45,56.9,0.0,71.90314757992675,1.0706469305382575,27.00048632673675,78.7,11.3,76.0,9.26,57.65,4.341748679167099,0.29,1,4.784823370972755,-13.1,22.0,-20.27649769585253,28.52,9.25,25.897,0.85,20.8,7,34.2,12.4,12.4,40.5,44.6,17.06,7.2,-10.17,37.1,7.63,24.11,0.0,1535.951,66.0,0.0,23.1,0.116,44.0,12.3,14.83
01,240100800,CC de Miribel et du Plateau,96.35036496350364,100.0,85.0,2.045315092152808,3.782570851910494,81.31015568282649,3.0,13.0,11.9,0.9,15.559999999999999,14.38,6.8,18.7,60.6,1.72,0.74,12.0,76.6,-2.8,24.4,2.8000000000000003,3.060291721314733,46.83278294806364,2.373969823760619,2.7,0.0,2.38,125.5,26.3,40.5,1.45,8.3,0.0,16.320372064653856,1.7948754617810567,42.25462221006137,44.3,19.4,98.0,6.710000000000001,57.65,4.0669474015448825,2.78,0,3.7420722330742695,3.8,17.0,-30.55555555555556,30.9,10.94,57.64,2.651,8.9,6,29.6,7.7,12.6,39.5,72.5,22.73,3.1,-5.29,108.3,2.83,9.17,0.397,1509.596,63.0,0.0,27.3,0.477,66.0,12.3,11.5
01,240100883,CC de la Plaine de l'Ain,99.17293233082708,98.17684594348222,42.0,2.0506888110209767,1.323660322325457,84.44337776464941,2.0,31.88888888888889,14.099999999999998,4.9,14.41,8.26,7.9,27.4,42.99999999999999,7.09,5.58,16.7,81.9,0.4,30.633333333333336,1.7000000000000002,1.170931916948334,35.339904703015314,2.030452687177345,2.2,1.6500000000000001,2.29,169.6,23.5,49.5,1.45,41.3,5.0,18.649553821977776,1.3397563864060027,39.7754800590842,51.0,24.3,100.0,6.279999999999999,57.65,4.644178360779846,3.02,1,4.24242347036268,1.1,43.0,-20.8994708994709,58.85,8.4,40.52,1.495,13.46,7,32.9,9.4,13.6,45.9,76.5,24.37,2.8,-7.08,87.4,9.15,16.7,0.241,5002.659,64.0,9.0,23.7,0.219,70.0,12.3,13.56
01,240100891,CC Terre Valserhône (CCTV),100.0,97.98387096774194,38.0,0.1607975558771506,4.679141897131042,87.7887227014131,3.0,28.33333333333333,14.7,5.5,24.62,5.37,11.8,25.0,42.2,10.24,8.06,15.3,77.7,-1.8,29.6,1.0,5.864154776746549,31.77473698686653,0.347089947089947,1.5,2.02,2.77,65.5,17.3,13.3,1.45,69.7,1.0,39.19654101995565,0.5749158061684599,38.7505658669081,68.5,24.7,92.0,10.94,57.65,5.518182589346891,0.92,2,4.571095784040561,8.0,35.0,-16.666666666666664,60.0,31.32,21.103,0.346,26.75,7,35.9,15.1,18.1,40.3,52.3,18.65,4.2,-8.58,71.1,12.08,31.42,0.0,3628.791,63.0,0.0,20.0,0.133,70.0,12.3,15.19
02,200040426,CC du Val de l'Oise,34.66666666666667,100.0,1.0,7.09551656920078,4.029479812559468,74.52110809616963,1.0,32.75,19.8,2.4,5.13,6.71,8.9,35.8,53.8,18.61,18.43,15.1,89.0,3.2,32.6,0.8999999999999999,5.998232100012627,29.079742639890817,0.563987003458757,2.9,0.0,2.53,155.5,9.8,31.2,3.13,2.3,1.0,0.0205061214569979,0.2426365868540712,31.727306593815968,52.4,34.2,115.0,28.43,44.73,5.946351538427187,3.79,0,6.951734917161613,1.6,81.0,-20.909090909090907,68.74,,85.286,3.328,4.62,4,30.5,13.7,20.8,54.1,56.0,20.65,2.8,-6.11,60.0,13.53,15.66,0.0,156.463,59.0,4.0,20.2,0.458,95.0,19.6,15.06
02,200043495,CA du Pays de Laon,82.6677994902294,100.0,1.0,1.5580405515463551,4.031405385691215,75.61815089005486,3.0,33.0,19.0,4.1,31.009999999999998,-2.18,9.3,26.9,56.50000000000001,6.24,1.83,16.400000000000002,82.4,0.6,32.7,1.5,3.950108927246176,36.54456998110249,0.7868338557993731,2.7,0.0,3.35,159.8,18.4,47.0,3.13,33.4,1.0,9.889502589047543,0.6079678898970725,36.94178162263269,79.0,11.4,107.0,13.23,44.73,6.631341272076277,7.9,2,4.430230920867361,-1.3,31.0,8.181818181818182,50.96,1.03,45.101,3.15,7.49,4,40.6,22.2,23.6,40.0,69.3,21.09,3.4,-3.94,133.6,10.32,10.32,0.0,1064.765,60.0,1.0,19.0,0.515,85.0,19.6,16.62
02,200071769,CC Picardie des Châteaux,96.89737470167064,100.0,2.0,2.0161752239558277,3.834782958083286,63.25026649295274,2.0,32.5,19.6,3.9,8.200000000000001,-1.18,9.1,37.0,44.9,15.88,32.09,16.1,87.6,4.8,34.800000000000004,0.8,5.8763566588715,27.85881505492527,0.214312801343518,1.6,0.2,3.6,140.6,13.2,18.4,3.13,40.5,0.0,16.520792822297274,0.2732222801246257,32.99477484882287,75.5,7.7,113.0,10.63,44.73,6.3636414387442,7.8,0,4.567591038036242,0.2,90.0,-14.838709677419354,90.19,7.57,46.461,2.87,8.13,4,31.2,15.1,22.2,51.1,67.7,23.63,2.8,-7.85,55.9,14.56,15.28,0.0,183.761,60.0,0.0,17.0,0.466,91.0,19.6,14.86
02,200071785,CA Chauny Tergnier La Fère,85.67415730337079,100.0,1.0,2.879822780136607,1.0021771950083256,58.56365332211635,2.0,33.8,22.7,1.9,19.950000000000003,-0.37,10.2,32.9,61.7,6.88,4.64,16.2,83.5,3.1,32.6,0.8999999999999999,4.436998306208115,29.017495797272897,0.470615693413621,1.9,0.0,3.13,171.8,10.8,35.7,3.13,28.4,2.0,24.352189686447268,0.4337388510148233,30.95362355354797,74.7,17.299999999999997,111.0,10.84,44.73,6.735509584557323,4.6,1,5.021755628636479,3.2,36.0,15.656565656565656,63.31,2.66,46.411,3.176,11.14,4,36.2,20.7,23.6,42.3,61.8,17.31,3.0,-8.83,78.0,6.65,11.38,0.0,363.885,61.0,5.0,17.3,0.656,87.0,19.6,16.91
02,200071892,CA du Saint-Quentinois,77.31629392971246,100.0,0.0,1.358695652173913,4.7569835744436935,57.44242515837332,3.0,35.25,22.6,1.4,23.41,-2.75,11.6,27.500000000000004,60.9,3.96,2.01,13.7,77.5,0.6,32.5,1.7000000000000002,4.071753627390422,37.678691355655765,1.4630550193050196,4.0,0.0,3.66,203.9,13.0,63.6,3.13,7.9,2.0,0.3388930238852425,0.6044419662431683,33.945588307905,68.2,16.6,112.0,8.77,44.73,7.086265105258685,4.03,2,5.000037187623959,1.7,18.0,-39.453125,38.61,0.2,77.927,4.257,4.77,5,41.7,23.2,23.6,39.2,57.0,18.13,3.4,-6.0,125.9,7.87,10.9,0.0,419.567,60.0,2.0,16.3,0.586,93.0,19.6,18.4
02,200071983,CC Thiérache Sambre et Oise,83.28025477707006,98.79227053140096,1.0,7.400025444213562,4.026739150937754,53.791078247166496,2.0,37.0,26.9,3.8,10.02,3.01,12.9,37.4,50.9,19.78,16.4,19.0,85.5,4.0,32.5,0.7000000000000001,6.952915345206148,25.099102858335076,2.697846782953166,2.8,0.18,3.66,173.5,9.9,18.6,3.13,6.6,0.0,0.0084697402012314,0.3283016126401384,33.26950694112016,68.1,8.200000000000001,116.0,9.04,44.73,7.11846123009476,25.01,1,6.633709475192549,-0.8,67.0,-30.59490084985836,98.96,0.23,76.462,2.8,6.61,3,34.1,24.4,29.1,61.3,46.5,22.99,3.1,-10.12,79.1,9.03,21.47,0.0,192.078,55.0,0.0,15.6,0.68,95.0,19.6,18.9
02,200071991,CC Retz en Valois,90.40658395774474,99.6393508314967,5.0,5.555524936480729,2.238694705960603,68.75774725653945,3.0,29.33333333333333,14.9,5.9,17.07,0.05,8.0,32.1,55.400000000000006,19.05,16.56,15.4,81.3,0.1,39.2,4.7,6.392757178893534,36.14286370105128,1.4038767923526287,1.7,0.09,2.42,104.5,13.1,55.3,3.13,37.5,0.0,1.7499488743051552,0.3753531729998369,32.768740566828775,59.2,30.1,103.0,13.03,44.73,6.235700415616271,3.46,0,7.410540301151461,-1.0,58.0,-51.293103448275865,57.09,0.86,53.757,4.621,6.03,4,32.4,12.5,19.3,47.5,71.3,19.42,2.8,-8.25,70.2,12.13,21.52,0.0,436.693,60.0,0.0,18.7,0.542,83.0,19.6,13.74
02,200072031,CA de la Région de Château-Thierry,91.0523284515386,99.64862340434996,5.0,5.608762666928646,2.232122381705349,130.64852716320027,3.0,34.142857142857146,18.8,4.8,16.09,5.52,9.5,31.3,45.1,14.19,16.19,15.6,77.4,0.5,41.6,1.1,6.583205429295264,30.737219404027822,0.4448307597913896,3.0,0.05,2.77,126.1,14.8,58.9,3.13,25.7,1.0,0.9820209811439558,0.3655949369089744,36.28031661504465,62.1,18.7,109.0,7.7,44.73,6.6383364217402905,4.81,1,6.273936462570078,2.2,51.0,-2.3720349563046192,88.3,2.85,58.832,3.923,7.25,4,35.3,15.4,21.5,46.6,55.8,29.22,2.9,-6.370000000000001,82.1,13.95,16.3,0.37,734.482,61.0,4.0,16.2,0.63,84.0,19.6,15.64
02,240200444,CC de la Thiérache du Centre,91.5909090909091,98.73908826382151,0.0,8.517194625909035,3.840026474085208,119.15091140313692,1.0,36.85714285714285,25.2,4.7,12.770000000000001,0.42,12.1,37.7,48.7,23.55,29.17,19.5,81.1,1.8,31.666666666666668,0.7000000000000001,8.97017707362535,24.755393878575013,1.0386526444139612,2.5,0.11,3.11,157.9,13.4,16.6,3.13,11.3,1.0,0.1995663093751286,0.2439375166649902,33.95235415494279,46.8,36.1,116.0,8.55,44.73,6.654450701629819,6.21,2,6.557688659559131,-2.7,68.0,-29.987129987129983,99.78,3.93,73.837,1.774,9.28,3,33.7,19.7,20.4,60.9,66.5,26.33,2.9,-8.9,96.2,15.74,22.68,0.0,318.139,57.0,0.0,14.7,0.503,94.0,19.6,18.38
02,240200469,CC du Pays de la Serre,39.64194373401535,100.0,0.0,1.386855689960706,4.0125986485259935,66.44018340975407,2.0,37.0,23.1,3.6,8.25,-2.15,10.3,38.1,48.0,31.77,32.73,17.7,85.8,3.6,32.6,0.8999999999999999,6.331756192596716,27.01894317048853,0.0237713675213675,2.1,0.03,2.09,136.2,8.8,24.7,3.13,4.1,0.0,1.803293094676472,0.1635793216697773,28.95673603504929,50.7,19.6,111.0,21.529999999999998,44.73,6.333152634587711,36.18,0,7.020905202152615,-1.4,75.0,17.00404858299595,63.81,1.98,85.936,3.338,6.06,4,29.8,15.8,26.8,58.0,66.1,21.43,2.7,-6.909999999999999,59.0,16.67,21.98,0.0,507.256,56.0,2.0,17.3,0.414,85.0,19.6,16.33
02,240200477,CA GrandSoissons Agglomération,62.347472399767575,99.37304075235107,2.0,1.877201656263519,3.877373770640308,62.65227065267001,3.0,29.0,20.200000000000003,1.4,32.800000000000004,0.67,7.5,26.8,59.8,3.42,4.35,15.2,79.2,-0.4,39.2,1.5,3.775239765858867,49.67371648714521,1.9475679774672296,2.7,0.0,3.62,203.5,22.3,59.5,3.13,21.3,2.0,0.1645429974074687,1.0931043612074811,35.907112298466195,69.2,11.7,119.0,12.04,44.73,7.129321249328691,3.43,3,4.1758296280747285,6.5,22.0,15.53398058252427,36.32,0.13,62.928,3.786,5.9,4,40.8,22.2,23.0,40.0,57.8,18.8,3.3,-6.04,113.5,7.0,7.0,0.0,1206.681,61.0,1.0,17.8,0.872,96.0,19.6,17.35
02,240200493,CC du Pays du Vermandois,65.23178807947019,100.0,0.0,2.720655272716748,4.02328377493365,64.71306140859592,2.0,36.2,21.9,1.7,7.6,0.72,10.1,35.5,58.1,18.15,15.73,15.2,85.6,2.1,32.5,0.8999999999999999,4.796007647687871,30.818075986876917,0.3815328101519453,2.3,0.0,2.92,170.2,10.2,33.2,3.13,4.4,0.0,0.0,0.2266710747799205,28.40673863889685,54.1,24.4,110.0,9.67,44.73,6.61255803614397,3.89,0,5.300458789181558,3.2,58.0,-18.55072463768116,51.14,0.83,87.404,3.892,4.96,4,29.7,18.0,23.7,54.2,66.6,17.01,3.0,-8.21,53.7,11.59,14.31,0.0,162.097,55.0,0.0,15.8,0.466,81.0,19.6,15.73
02,240200501,CC du Val de l'Aisne,56.96026674076132,99.2622950819672,1.0,0.5894438054034257,2.806196399400988,59.55998614752882,2.0,33.666666666666664,17.1,4.0,6.2,12.45,7.6,33.900000000000006,51.0,17.16,18.92,14.2,88.1,1.2,35.95,0.8999999999999999,6.95129165845001,28.48740763082491,0.3837757540528322,2.5,0.0,1.97,135.8,19.0,34.5,3.13,26.1,1.0,0.6394300961586871,0.2940885481202941,29.81240001939018,54.5,35.5,106.0,18.029999999999998,44.73,5.4306532061488175,3.45,0,6.400236709734688,1.3,78.0,-29.94652406417112,74.82,1.18,61.887,3.311,6.7,4,26.5,11.3,17.5,47.8,54.6,19.67,2.6,-7.41,44.8,12.16,19.34,0.0,499.297,59.0,0.0,17.4,0.547,80.0,19.6,13.23
02,240200519,CC du Canton d'Oulchy-le-Château,59.27540179787524,99.22360248447204,6.0,1.1321738482738073,2.7359811946165955,72.38462919734243,3.0,29.666666666666668,17.9,7.3,3.45,-2.47,9.0,38.2,41.5,46.77,43.65,15.1,89.4,1.1,40.400000000000006,0.8999999999999999,11.01878612716763,27.654320987654323,0.0,1.7,1.09,1.81,126.4,13.6,22.3,3.13,17.6,0.0,0.3766127644933769,0.1488572347078384,36.53777935438099,45.5,32.6,98.0,9.16,44.73,5.82078946036246,3.61,0,9.444365698086465,0.2,100.0,-42.42424242424242,100.0,0.18,82.902,3.615,6.0,3,26.4,10.0,17.4,56.8,53.0,23.3,2.6,-8.709999999999999,41.9,17.54,17.85,0.0,214.615,58.0,0.0,15.2,0.411,79.0,19.6,13.8
02,240200576,CC de la Champagne Picarde,83.92857142857143,100.0,0.0,0.7220795892169448,4.008963820805601,55.09309914579134,1.0,36.0,18.4,2.7,6.68,1.23,9.8,35.8,38.5,23.73,31.37,14.499999999999998,87.5,5.1,32.7,1.0,4.938153226579731,29.440461231428785,0.0,2.7,0.5,1.92,128.9,15.4,45.7,3.13,21.6,0.0,13.80079128558216,0.1603624397388184,32.64025475320783,70.7,10.5,103.0,16.99,44.73,5.621003870260644,4.79,1,6.869815391992328,0.4,84.0,-27.647058823529413,82.09,2.21,65.603,3.059,6.84,4,28.6,12.4,14.2,54.3,77.0,20.28,2.6,-7.64,57.2,18.93,23.67,0.0,427.086,60.0,0.0,21.5,0.282,75.0,19.6,14.62
02,240200584,CC du Canton de Charly-sur-Marne,91.10858257477244,99.64701729615248,7.0,5.598147617633376,2.231761747323429,160.18808878564977,2.0,31.8,17.2,5.2,5.46,-6.99,10.2,33.300000000000004,36.8,15.62,23.88,16.1,68.4,0.3,41.6,1.1,5.932590129734664,28.17847769028872,0.3140128803020209,1.5,0.21,2.61,94.2,13.3,36.3,3.13,26.5,0.0,0.0016897600540723,0.2846523326954744,34.83383492348082,61.9,7.7,108.0,24.08,44.73,6.011208315524312,3.91,0,5.208542873511999,2.2,66.0,0.6191950464396285,92.09,3.55,57.939,6.212,7.55,3,31.4,11.5,18.7,48.1,60.4,24.77,2.7,-4.37,51.2,12.71,15.81,0.0,115.259,67.0,0.0,14.6,0.58,84.0,19.6,13.07
02,240200592,CC du Chemin des Dames,77.91411042944785,99.66666666666669,1.0,3.289473684210526,3.763397311779209,74.83427529626253,2.0,36.0,18.3,17.0,3.7900000000000005,-3.45,7.5,42.4,39.6,31.25,39.81,15.0,88.3,4.9,35.95,1.1,8.907471368842028,27.918640289774302,3.850716845878136,2.1,0.0,5.45,134.5,14.4,27.6,3.13,34.9,0.0,1.1736903635250238,0.1356554161463934,38.06290207290922,75.1,10.9,106.0,18.21,44.73,5.252966993014257,12.72,0,7.8243955644428285,-8.1,84.0,-32.69230769230769,99.05,1.56,51.971,2.918,7.21,3,26.7,12.8,18.1,64.6,56.5,23.45,2.7,-7.39,41.5,17.7,23.63,0.0,927.448,60.0,0.0,17.4,0.638,81.0,19.6,12.13
02,240200600,CC des Trois Rivières,90.52224371373308,100.0,0.0,3.950962983199017,2.7992909441538463,66.29683815390538,2.0,36.0,29.4,3.4,13.83,-2.0,12.1,33.1,61.8,13.68,16.43,20.8,82.7,1.5,31.25,0.8,5.890944498539435,27.5705425002184,1.7701149425287357,2.4,0.01,3.41,126.8,9.6,24.7,3.13,25.3,0.0,21.581894340912974,0.22934003662173,31.55979119773957,66.0,20.8,119.0,14.45,44.73,7.2948668624076145,12.66,1,5.971037089534609,-1.6,37.0,-13.31058020477816,98.12,5.11,56.548,1.16,12.09,3,37.8,26.7,28.4,55.4,51.4,20.11,3.1,-9.53,90.7,9.88,10.31,0.0,496.145,57.0,0.0,13.8,0.494,94.0,19.6,20.1
02,240200634,CC des Portes de la Thiérache,88.63049095607235,100.0,0.0,3.9256287476812903,1.6059945507007582,86.51939366919305,1.0,39.0,27.800000000000004,7.7,7.720000000000001,-1.7,12.7,39.1,44.0,25.82,36.26,18.0,78.7,2.0,32.7,0.5,10.67508645316494,21.53960029607698,2.282471042471043,3.2,0.0,6.01,172.8,6.5,55.3,3.13,2.6,0.0,0.5673753382296096,0.1222503319283496,43.82470119521912,57.6,36.4,124.0,10.94,44.73,7.149425405505418,10.52,0,6.02244927327673,-2.1,100.0,-37.130801687763714,100.0,4.86,91.303,2.921,7.73,3,33.8,23.3,25.9,50.1,76.0,19.85,3.1,-11.16,80.3,9.17,29.93,0.0,82.632,56.0,0.0,14.9,0.512,114.0,19.6,18.82
03,200071082,CA Montluçon Communauté,98.7883910960834,97.8309232480534,38.0,2.041673849336321,0.8171588698066242,93.6395890433993,2.0,32.666666666666664,24.9,3.8,18.759999999999998,-1.92,18.5,24.6,67.19999999999999,5.94,2.91,17.599999999999998,79.4,-0.2,28.8,1.0,4.71539238800943,32.83659858274281,1.503049264322474,2.7,1.04,4.21,163.6,19.0,53.7,3.97,12.4,2.0,3.477243827487549,1.2046374007631824,38.31769568925923,70.6,14.4,125.0,11.360000000000001,48.43,6.497979461657087,3.7,3,4.402142623487078,-1.5,19.0,-42.24598930481284,63.74,5.94,56.805,0.336,15.51,5,46.4,18.8,16.0,42.4,64.5,27.8,3.1,-4.2,120.6,11.62,13.62,0.0,154.025,60.0,1.0,21.4,0.403,144.0,14.5,21.53
03,200071140,CA Moulins Communauté,92.85270354257302,99.56744003145891,24.0,3.2482562504619525,0.6181098657810986,83.93323684579111,2.0,31.0,21.5,4.0,16.49,1.03,10.6,29.6,49.3,12.91,12.7,17.1,78.5,0.3,28.9,1.2,3.2686859882327304,31.875643786871425,1.3258635394456293,3.5,1.47,3.89,120.1,33.6,53.9,3.97,18.2,2.0,22.430096616555375,0.6011778079194181,37.641286516262056,74.0,11.8,119.0,21.75,48.43,5.933562080721436,3.11,7,4.245650500384912,-1.4,34.0,-34.14634146341464,97.2,4.36,63.194,0.629,15.49,5,44.4,14.6,17.6,48.5,66.0,32.44,2.9,-1.47,111.5,13.55,17.43,0.156,160.589,59.0,2.0,25.6,0.283,122.0,14.5,16.18
03,200071363,CA Vichy Communauté,96.08856918062268,99.4579471935653,35.0,3.983242477529058,2.245615156725634,65.51924812387195,2.0,35.75,21.6,7.3,11.32,-4.54,14.6,28.6,61.1,6.37,4.85,17.4,79.3,0.3,32.3,1.5,2.09303975593028,37.563065736756194,3.0295934411500447,2.8,0.52,3.78,141.4,23.2,55.5,3.97,36.6,0.0,5.061551933180654,0.8064966836548532,43.72911535837756,68.5,16.3,131.0,9.719999999999999,48.43,6.338441910010324,1.77,0,4.019275856234742,-3.2,25.0,0.1883239171374764,69.96,3.47,40.895,0.447,16.59,7,45.0,16.7,16.9,45.7,64.4,32.78,3.2,-4.34,103.2,13.44,16.05,0.118,194.827,60.0,1.0,20.7,0.552,149.0,14.5,17.28
03,200071389,CC Saint-Pourçain Sioule Limagne,96.94436832008768,99.9092353074654,50.0,6.109949648125792,1.1659498668583694,121.7490523572613,1.0,31.8,22.1,10.1,4.6899999999999995,-1.74,12.1,38.4,43.89999999999999,20.87,20.54,19.6,86.1,1.7,32.3,1.0,1.0988358279876451,26.64830508474576,1.389853719265484,3.0,0.19,2.97,116.4,19.4,48.4,3.97,17.3,2.0,8.406083849036868,0.6245526665124019,42.82363841677042,55.6,21.6,120.0,8.82,48.43,6.282358658504841,1.78,2,3.9168283077646495,0.6,56.0,-12.51564455569462,98.49,3.39,70.044,1.181,11.56,6,38.0,13.6,16.3,58.7,66.9,35.1,2.8,-5.04,84.8,11.88,32.12,0.891,350.638,55.0,3.0,22.3,0.555,129.0,14.5,15.01
03,200071470,CC Entr'Allier Besbre et Loire,92.77899343544856,99.15841584158416,30.0,4.80810636636048,0.6112090245139213,74.29978665791417,1.0,33.42857142857143,24.7,8.9,7.5600000000000005,-7.31,15.0,35.8,40.1,27.83,34.39,20.5,82.8,0.5,30.05,0.7000000000000001,1.0278759970397169,22.546498415166557,1.4117500415489446,2.2,0.61,3.7,129.4,14.1,43.3,3.97,9.2,3.0,8.881841773424222,0.401993332631481,42.375950742484605,54.9,25.7,132.0,9.969999999999999,48.43,6.635040632587969,2.47,1,3.737575194799952,-1.4,59.0,-6.96078431372549,96.97,3.96,75.172,0.573,14.61,6,36.7,16.4,14.5,55.4,64.2,35.36,2.7,-5.62,76.2,12.95,30.14,0.0,171.838,54.0,1.0,20.0,0.34,157.0,14.5,16.34
03,200071496,CC du Bocage Bourbonnais,97.0976253298153,98.79759519038076,46.0,5.026385586065589,0.6189798261034435,15.003581871345029,1.0,30.25,25.0,12.9,6.72,-1.16,14.4,37.9,30.4,28.99,34.86,20.3,82.1,3.5,27.8,0.8,2.343635564669694,22.222222222222225,0.1608108108108107,2.8,0.27,4.39,96.8,12.2,32.0,3.97,12.2,0.0,1.722647754137116,0.4538952842720078,44.329675059177966,63.7,7.8,134.0,14.580000000000002,48.43,6.4141938597583765,3.66,1,3.550784655623365,1.4,66.0,2.155887230514096,98.2,10.29,71.771,0.373,14.78,7,38.6,18.3,14.9,62.4,61.9,48.12,3.0,-5.26,77.0,24.4,27.44,0.0,80.339,56.0,0.0,22.8,0.291,153.0,14.5,16.83
03,200071512,CC Commentry Montmarault Néris Communauté,98.1039658713857,98.0106100795756,57.0,3.017320597896976,0.5687622019326685,9.086963334377938,2.0,31.75,24.5,9.1,13.05,0.06,16.3,34.4,52.3,16.95,23.18,19.9,85.5,2.0,28.8,0.7000000000000001,1.6570662037402353,25.282477774591342,0.895593120969318,2.2,0.12,3.16,165.7,16.2,34.9,3.97,11.1,2.0,0.0020246238030095,0.4477545052281466,36.73563394879275,53.9,36.8,134.0,11.18,48.43,6.521336847572633,6.31,2,4.419857662257291,-2.7,53.0,-43.333333333333336,96.78,5.02,72.072,0.391,14.74,5,38.6,15.2,18.5,55.8,61.1,28.88,2.8,-4.97,84.2,16.3,25.45,0.395,75.621,56.0,2.0,21.7,0.306,148.0,14.5,15.72
03,240300491,CC du Pays de Lapalisse,97.39368998628258,98.03600654664486,37.0,4.322879823940895,0.339982575727726,86.41774098166765,1.0,36.0,23.7,8.8,3.4299999999999997,-2.92,13.2,33.900000000000006,37.7,35.59,24.22,21.1,84.5,1.7,32.3,0.7000000000000001,0.3546099290780142,22.72333044232437,0.8255307566684811,2.1,0.5599999999999999,2.36,107.6,22.6,38.5,3.97,17.2,0.0,2.9939223376545613e-05,0.5957741121160521,43.1762935524945,50.5,39.7,132.0,1.7999999999999998,48.43,6.728507359511728,2.36,0,6.380266729611708,2.6,62.0,13.461538461538462,93.71,3.76,68.604,0.265,16.11,4,35.9,16.8,14.0,49.0,50.8,33.69,2.8,-4.35,83.7,9.29,25.79,1.182,169.001,58.0,0.0,20.7,0.3,143.0,14.5,15.22
03,240300558,CC du Pays de Tronçais,100.0,99.29742388758784,50.0,4.247254891031715,0.6842966194111233,44.23419424266882,1.0,28.666666666666668,27.6,20.5,5.779999999999999,-0.93,14.4,44.6,29.000000000000004,38.32,49.66,22.9,82.3,8.2,28.3,0.6,1.0765711209796796,21.0968775020016,0.5560735887096775,2.4,0.73,4.04,83.6,7.5,55.2,3.97,30.3,1.0,3.153003590591842,0.3397633816454355,47.3663261244527,64.6,4.4,151.0,7.720000000000001,48.43,7.288764582138076,6.73,0,4.765461847389558,-6.8,100.0,-12.244897959183673,97.08,5.98,54.521,0.449,15.82,5,43.5,19.3,20.2,61.4,56.2,46.56,3.1,0.27,84.4,23.33,25.2,0.0,15.921,52.0,0.0,20.0,0.262,224.0,14.5,16.29
03,240300566,CC du Val de Cher,98.29821717990276,97.75474956822109,51.0,2.9171421209555715,0.6292943040577555,269.41715222141295,1.0,26.0,20.200000000000003,6.3,6.619999999999999,0.0,12.1,34.4,38.7,15.74,26.1,19.4,89.3,1.0,28.8,0.7000000000000001,1.6480498077275223,25.01273560876209,4.2884451479362,1.5,0.41000000000000003,3.66,129.1,14.8,39.1,3.97,16.9,0.0,0.0006278120749189,0.5567631793158316,41.66666666666666,77.0,20.1,119.0,23.990000000000002,48.43,6.082225314368172,3.66,0,2.5279581529581527,8.5,100.0,-41.26984126984127,96.55,4.32,67.03,0.473,13.93,4,33.9,11.4,15.0,52.8,41.9,31.13,2.5,-3.0,47.7,16.57,16.57,0.0,50.287,58.0,0.0,25.4,0.469,135.0,14.5,13.71
03,240300657,CC du Pays d'Huriel,99.45054945054946,95.83333333333334,35.0,2.50483074500823,0.9596957992466952,0.0,1.0,33.666666666666664,21.4,9.7,4.03,0.0,19.7,37.5,35.5,36.91,32.52,19.0,90.9,6.1,28.8,0.7000000000000001,1.6366612111292962,22.77645332844306,0.0,1.0,11.64,2.73,111.3,6.7,16.2,3.97,7.3,0.0,0.005006421850017,0.3283328636679488,35.53231429337624,64.4,5.800000000000001,126.0,9.21,48.43,6.078727911148429,1.36,0,3.818327544750201,-8.8,89.0,-19.94134897360704,97.45,3.69,67.718,0.598,13.59,2,33.3,15.7,13.8,56.2,35.7,32.73,2.8,-5.2299999999999995,35.5,17.29,21.64,0.0,42.907,56.0,0.0,22.2,0.216,124.0,14.5,13.59
04,200034700,CA Durance-Lubéron-Verdon Agglomération,100.0,99.35205183585312,28.0,3.6398467432950192,2.870959476030621,1918.4438404084333,3.0,22.2,15.7,16.2,10.63,17.84,9.4,29.2,28.200000000000003,5.65,8.39,17.599999999999998,82.8,0.1,43.3,1.9,2.9534671819524303,37.6035734226689,1.466464017398181,3.7,1.1199999999999999,2.98,191.2,29.0,55.5,2.68,48.7,0.0,86.56286161434127,0.8633656612969572,53.760304570086426,70.2,14.4,117.0,9.54,43.15,6.651731785525466,1.89,3,4.586266561994329,4.3,13.0,-20.17857142857143,35.13,18.09,38.159,2.087,23.54,9,38.5,16.0,16.7,46.5,61.3,31.36,3.3,-7.39,93.4,11.2,22.64,0.314,1479.56,58.0,1.0,24.6,0.17,116.0,10.9,18.39
04,200067437,CA Provence-Alpes-Agglomération,,,16.0,,,140.10844274555427,3.0,23.5,18.2,19.1,12.91,2.85,8.7,29.3,37.1,12.68,12.65,18.3,81.6,-0.4,40.85,1.2,2.585888437384559,32.91600826546736,2.494894934457546,2.3,4.590000000000001,3.49,220.6,24.7,39.9,2.68,79.8,1.0,79.04834006982594,0.2817512851312787,52.65878143325713,78.3,9.6,123.0,16.439999999999998,43.15,6.781738827552722,3.49,2,5.550590023432058,-1.3,26.0,17.174515235457065,49.45,43.1,22.967,1.286,27.2,9,42.9,16.3,16.6,56.3,58.1,44.25,3.0,-1.1400000000000001,98.6,19.17,22.39,0.205,391.81,59.0,3.0,24.4,0.138,133.0,10.9,16.55
04,200068625,"CC Alpes-Provence-Verdon ""Sources de lumière""",98.6764705882353,93.3641975308642,22.0,2.079002079002079,16.24417494530913,348.27195293291186,3.0,17.6,24.2,62.8,5.050000000000001,-1.0,5.9,26.6,19.9,37.42,56.99,21.4,70.5,-0.5,39.5,1.0,14.101778050275907,29.589778076664427,2.0760368663594466,3.6,40.73,6.13,126.6,17.7,36.5,2.68,92.4,0.0,58.15672811059908,0.0870208488150645,95.96089529199897,80.2,17.4,137.0,10.440000000000001,43.15,7.274066558441558,27.15,4,5.601748251748251,41.8,53.0,-13.043478260869565,79.72,15.35,14.321,0.032,28.28,7,45.1,21.5,15.6,69.2,49.3,78.57,3.2,-3.2199999999999998,90.1,50.9,57.22,0.0,125.204,54.0,0.0,17.0,0.072,195.0,10.9,22.02
04,200068765,CC du Sisteronais-Buëch,100.0,88.11881188118812,30.0,0.2022858298776171,3.3287935932455497,117.71866482322731,3.0,27.8,21.5,21.2,7.9399999999999995,0.1,9.5,30.5,37.0,24.32,27.22,19.5,78.6,0.7,39.03333333333333,1.5,9.418412997409938,28.93187066974596,3.4890673806336454,2.4,10.96,3.14,147.6,10.1,30.1,2.68,74.9,1.0,81.10943305283875,0.1378732419308977,63.555759382404645,66.5,19.7,129.0,13.01,43.15,7.336202292895206,3.92,1,5.346178318619264,-4.7,46.0,-2.0348837209302326,96.01,37.65,25.965,3.32,27.14,9,42.0,18.3,17.9,60.9,51.6,44.46,3.1,-6.39,104.3,18.85,28.82,0.785,297.715,54.0,1.0,19.5,0.105,164.0,10.9,20.67
04,200071025,CC Haute-Provence - Pays de Banon,99.63898916967509,97.38219895287958,45.0,0.1547269070091289,1.2587914744775788,102.13757679524625,3.0,26.5,17.8,24.1,1.9800000000000002,-6.86,7.2,31.6,30.2,23.39,32.33,17.7,80.0,-1.1,40.86666666666667,1.4,5.0700864897107065,30.96693525979439,0.1124481327800829,2.2,2.41,1.99,156.0,18.2,15.6,2.68,63.8,0.0,99.84535826061725,0.1985539616023605,51.33972227654997,58.9,24.4,133.0,16.13,43.15,6.927009133417821,0.99,1,5.798817171408178,25.9,63.0,-22.866894197952217,88.39,34.66,36.291,0.63,25.99,8,37.4,17.4,16.1,64.0,34.3,52.09,3.5,-6.0600000000000005,63.0,15.81,24.52,0.0,83.121,58.0,1.0,16.6,0.194,148.0,10.9,19.8
04,200071033,CC Jabron-Lure-Vançon-Durance,98.8095238095238,92.018779342723,31.0,0.6092607636068238,2.29082445508967,291.69594594594594,2.0,26.666666666666668,13.6,16.3,6.16,17.32,8.9,28.1,34.0,32.91,17.04,15.7,90.4,2.3,39.7,1.4,6.119043204153532,31.02741480912119,0.0,2.7,11.77,1.85,202.8,22.0,42.6,2.68,82.4,0.0,14.90191488669983,0.1832896187026522,46.31125471190092,73.0,4.3,122.0,20.89,43.15,5.959604781920411,,0,6.398930072602217,2.5,55.0,33.89830508474576,76.8,61.5,24.692,1.69,26.71,9,30.4,14.1,17.6,61.4,55.6,38.2,3.0,-1.7399999999999998,57.0,13.86,16.0,0.0,306.947,57.0,0.0,20.2,0.18,123.0,10.9,18.1
04,200072304,CC Vallée de l'Ubaye - Serre-Ponçon,98.41269841269842,97.36070381231671,4.0,3.3820138355111453,6.171059185627386,196.40265196271497,3.0,27.5,19.6,70.0,5.680000000000001,-1.83,4.3,38.2,24.4,21.67,24.68,18.8,72.4,2.7,38.4,0.8,13.123359580052494,30.63665142455153,4.083647535260439,3.8,14.249999999999998,6.56,172.7,61.5,52.1,2.68,91.9,0.0,61.02978494623657,0.0804466338931287,100.72033362820676,83.1,12.6,118.0,17.169999999999998,43.15,6.155880773361976,1.31,0,7.382291936738397,-8.1,34.0,-31.60919540229885,69.54,39.95,10.226,0.021,29.41,7,41.3,16.9,10.9,62.4,55.3,56.96,3.1,-1.7999999999999998,99.4,11.77,51.0,0.0,11.374,57.0,0.0,29.0,0.054,137.0,10.9,32.51
04,240400440,CC Pays Forcalquier et Montagne de Lure,100.0,98.25581395348836,41.0,0.0,2.399570013037582,51.33874523952696,3.0,22.5,21.9,20.7,6.510000000000001,26.0,9.9,26.700000000000003,26.1,17.06,23.5,17.8,79.1,5.4,43.3,1.3,6.002400960384154,31.551901336074,0.2881028938906752,3.4,0.13,3.0,219.6,27.4,39.5,2.68,68.0,0.0,97.42810363093518,0.2529948349909571,56.79811653914067,75.6,15.5,137.0,19.48,43.15,7.687544125063036,1.0,2,4.62773575390822,26.9,48.0,5.978260869565218,65.39,41.57,32.397,0.683,26.41,7,41.8,20.0,21.7,65.1,53.2,64.03,3.4,-0.41000000000000003,91.4,11.08,27.85,0.0,150.088,58.0,0.0,17.4,0.176,161.0,10.9,21.46
05,200067320,CC Serre-Ponçon Val d'Avance,99.35064935064936,89.40397350993378,22.0,0.5567928730512249,3.59649517937014,36.18622808140279,2.0,27.33333333333333,15.6,16.8,5.1,-1.7,7.0,25.8,31.1,20.3,27.16,16.400000000000002,87.1,1.2,41.3,1.3,8.525257666369766,31.387784604264542,0.0989911727616645,3.5,5.92,2.54,151.2,16.6,24.4,3.39,62.8,0.0,29.062679347380502,0.2847306773656798,49.241482218353646,64.4,6.5,113.0,7.4399999999999995,43.93,5.645858343337335,20.36,0,5.764968487394958,-3.2,86.0,9.03954802259887,90.53,35.27,34.136,1.997,28.79,7,30.6,12.3,11.9,55.3,49.6,34.1,2.7,-3.01,44.1,17.75,17.75,0.0,78.339,57.0,0.0,24.3,0.045,91.0,18.6,17.15
05,200067445,CC Buëch-Dévoluy,98.33333333333331,89.03654485049834,38.0,0.1825983748744636,8.091094932247485,291.3282346778418,2.0,28.0,20.7,52.2,8.27,0.0,4.9,37.0,31.6,22.27,26.13,17.599999999999998,82.1,4.7,41.3,1.2,9.482129832239243,29.611578791906663,6.585731971525844,3.8,9.94,5.21,137.5,40.1,55.4,3.39,81.7,0.0,48.878244152515215,0.1117878016969801,72.67765086424745,73.7,22.6,129.0,11.74,43.93,6.577799578574482,5.21,0,6.087430525865755,0.0,38.0,12.244897959183673,91.82,51.96,17.77,0.459,27.9,7,37.1,16.2,15.6,66.2,62.9,50.54,2.9,-2.41,77.1,12.05,31.5,0.0,60.649,57.0,0.0,26.2,0.043,143.0,18.6,23.94
05,200067452,CC du Guillestrois et du Queyras,99.0950226244344,93.5483870967742,18.0,0.8410428931875525,14.346444605779404,427.2445315463396,3.0,29.0,17.2,73.8,4.93,3.78,3.1,24.0,28.1,21.37,38.42,17.599999999999998,74.4,-1.8,35.9,1.1,19.610307982401007,29.310344827586206,12.172490578965402,6.7,24.27,6.29,199.6,34.4,30.0,3.39,94.9,0.0,86.48448821920437,0.0755581391339451,136.4749082007344,85.0,24.0,109.0,7.8100000000000005,43.93,5.765263541889103,6.29,0,7.796586945690085,-13.6,43.0,-26.21359223300971,78.28,49.68,6.873,0.057,29.1,7,39.3,15.0,9.3,69.6,68.3,67.5,2.9,-3.4799999999999995,107.9,30.0,30.0,2.514,189.718,58.0,0.0,32.1,0.057,134.0,18.6,35.38
05,200067742,CC Serre-Ponçon,100.0,89.0184645286686,20.0,3.968111466226164,4.733028243444785,134.314562069784,3.0,25.0,15.7,50.5,11.940000000000001,-1.3,4.1,25.3,22.8,17.53,16.44,17.5,76.6,-2.4,41.3,1.5,11.27176158158749,34.46355446355446,1.5439710610932478,5.0,3.52,3.54,149.9,30.7,53.8,3.39,79.6,0.0,59.01666773820239,0.2386018619985557,81.88967403692729,81.6,12.0,126.0,12.0,43.93,6.008209284805031,2.36,2,5.358550039401103,4.2,23.0,-23.134328358208958,56.64,18.95,19.72,0.07,28.23,7,41.1,13.8,14.1,62.2,67.2,45.74,3.0,-1.7500000000000002,87.6,11.18,11.18,0.0,443.355,57.0,0.0,35.3,0.043,141.0,18.6,26.42
05,200067825,CA Gap-Tallard-Durance,99.67105263157896,94.5619335347432,31.0,1.8277890399122665,5.873249865476784,54.6141690235557,2.0,27.0,13.5,5.0,15.15,1.27,8.3,23.200000000000003,47.9,6.38,5.38,15.9,71.6,0.2,41.3,1.7999999999999998,1.04447904144414,39.39008124166364,4.809491525423729,4.6,0.37,2.96,187.4,28.8,62.3,3.39,52.7,0.0,44.39012119826206,0.9144598805141398,53.579949989501614,79.2,9.5,114.0,16.33,43.93,5.784906842178521,3.74,7,7.526197530373228,0.9,17.0,-25.42372881355932,24.5,26.39,37.494,3.099,27.39,7,43.8,14.2,14.4,40.8,58.1,37.31,3.0,-4.58,120.8,14.41,15.88,0.0,311.516,,0.0,29.5,0.071,122.0,18.6,18.94
05,200068096,CC Champsaur-Valgaudemar,100.0,90.1818181818182,24.0,1.0675206832132371,15.539313297450468,454.19467087387153,2.0,28.5,20.200000000000003,60.3,3.0300000000000002,0.63,5.3,23.3,27.1,24.93,38.07,17.0,81.8,2.5,41.3,1.2,14.65995836224844,32.8452380952381,7.661949685534592,5.6,17.24,5.2,175.6,13.4,22.6,3.39,81.8,1.0,79.32804558949329,0.1578139664618085,86.37397825903767,80.4,19.5,130.0,14.680000000000001,43.93,5.1558866046642535,4.34,0,5.471478463329452,10.2,47.0,-25.935162094763093,88.12,37.62,20.705,0.066,26.08,7,36.3,14.8,13.6,66.0,56.8,49.44,2.9,-3.5000000000000004,79.6,25.52,25.52,0.0,122.188,55.0,0.0,29.2,0.053,132.0,18.6,23.08
05,240500439,CC du Briançonnais,98.67986798679868,97.00374531835206,18.0,0.3677146534289391,25.26047530617273,334.2489639783232,3.0,23.5,16.900000000000002,61.7,17.990000000000002,1.91,4.8,24.0,36.5,7.2,7.4,12.9,67.5,-4.2,35.9,1.2,7.177917348392886,33.8338808071328,4.49038388445458,5.9,6.6000000000000005,5.28,150.5,31.4,64.7,3.39,95.6,0.0,90.4067964706687,0.0987137212859149,87.891226269882,86.0,14.099999999999998,101.0,13.36,43.93,5.503997294926159,2.11,2,5.207420675537359,-44.6,19.0,40.0,42.11,30.43,4.248,0.075,23.84,7,43.5,14.6,10.2,55.7,63.0,55.79,3.1,-1.63,115.7,12.92,12.92,0.0,212.93,59.0,0.0,33.9,0.08,110.0,18.6,32.06
05,240500462,CC du Pays des Ecrins,100.0,80.76923076923077,23.0,0.0,12.43128486208539,422.5361326639282,2.0,26.0,18.1,61.6,10.66,0.0,4.4,37.6,39.8,13.34,18.09,15.9,81.9,1.3,35.9,0.8999999999999999,8.963840777879064,28.675856307435254,4.62157382847038,4.1,0.31,3.04,140.7,44.2,43.1,3.39,96.1,0.0,99.9875275409522,0.0690290703807643,97.76990104858956,83.2,21.6,111.0,13.34,43.93,5.518609391514419,7.6,1,6.890834969047259,-25.2,52.0,-16.666666666666664,16.47,55.06,4.536,0.079,26.63,7,34.7,15.1,9.5,57.2,54.0,49.23,3.0,-3.9699999999999998,69.2,19.5,19.5,0.0,60.552,54.0,0.0,34.9,0.058,109.0,18.6,29.03
06,200030195,Métropole Nice Côte d'Azur,,,21.0,,,147.59889783367925,12.0,12.0,12.7,16.9,12.659999999999998,12.31,10.6,25.4,47.2,4.64,3.1,12.3,55.3,-3.1,46.16666666666666,2.4,2.947611309260002,49.22501942608804,1.5331654955268812,3.6,1.3299999999999998,3.9,267.5,22.8,97.9,3.98,86.8,7.0,52.2682811273249,0.40479927161262,61.76560726051918,73.8,11.0,106.0,10.31,38.24,5.742344010823823,1.2,21,3.577018201205515,2.8,3.0,-45.55198285101822,0.22,7.61,8.773,1.376,24.24,8,43.1,18.2,14.7,35.0,50.8,25.11,3.9,-5.949999999999999,96.8,16.9,32.61,0.0,1949.297,,2.0,20.7,0.892,112.0,12.2,14.99
06,200039857,CA du Pays de Grasse,97.60065067100447,97.14326729830606,23.0,1.984318100941021,7.52067245349444,253.73139435414885,7.0,11.5,12.2,14.0,11.29,17.2,7.8,25.7,35.1,4.28,4.54,13.900000000000002,82.9,-0.3,38.150000000000006,2.5,4.710639174853038,47.95378157321524,0.9842784149783828,3.5,1.18,3.04,208.9,24.0,65.3,3.98,77.4,4.0,74.66783351989417,0.5654970541352439,55.671195914040666,66.4,18.4,107.0,9.520000000000001,38.24,5.399840558359492,2.85,3,3.620449032155015,-16.2,4.0,-29.328621908127207,2.51,53.37,13.222,0.904,28.44,7,32.9,12.4,17.1,41.3,58.9,25.03,3.4,-4.46,77.9,26.48,32.87,0.0,3667.438,63.0,4.0,24.2,0.658,100.0,12.2,11.91
06,200039915,CA Cannes Pays de Lérins,100.0,100.0,10.0,1.002372964569184,16.15066526705727,28.928771943195382,11.0,11.0,14.8,37.5,13.28,8.3,4.0,24.1,47.400000000000006,1.64,0.62,12.7,65.7,-2.4,35.7,3.0,3.581982627384257,53.61514543236116,1.8612172784308068,4.0,0.12,4.35,235.8,21.8,107.8,3.98,38.5,3.0,14.540440799589954,0.9177457725573372,74.53380800920685,74.2,13.8,120.0,6.54,38.24,6.240850247614224,0.51,5,3.483615890688259,46.9,0.0,-50.32258064516129,0.12,89.24,2.659,23.794,26.21,6,45.7,17.5,17.6,35.4,58.1,20.08,3.9,-6.72,110.6,1.2,6.0,0.0,2317.649,62.0,0.0,20.5,2.194,156.0,12.2,14.53
06,200039931,CC Alpes d'Azur,100.0,98.33333333333331,20.0,8.990228013029316,57.084771689497714,641.6199291856348,8.0,14.0,23.9,53.4,5.21,-0.83,6.4,27.4,15.1,41.15,67.84,20.9,74.1,0.9,40.6,1.1,7.888167748377434,30.26797763639869,10.852272727272728,1.9,40.300000000000004,3.0,133.6,0.1,51.3,3.98,97.1,0.0,74.3702731868007,0.0522677441473329,78.59876361495436,79.6,13.3,123.0,9.9,38.24,7.213968221152427,11.98,2,5.1541244573082485,-18.0,54.0,-20.32520325203252,18.47,24.42,8.627,0.154,27.71,6,38.2,18.2,17.6,70.8,37.7,44.63,3.2,-4.84,66.7,41.18,65.18,0.0,476.891,58.0,0.0,15.1,0.214,156.0,12.2,18.32
06,240600551,CA de la Riviera Française,,,20.0,,,30.22986131195857,13.0,7.0,14.4,42.5,10.190000000000001,21.15,5.9,27.9,35.7,6.66,10.92,11.4,45.2,-1.9,59.5,1.6,5.227059018751038,47.89482728991236,0.607695374800638,3.0,9.58,4.29,155.0,7.1,70.8,3.98,93.9,0.0,63.10742149035767,0.1111218513713118,56.0881482592628,83.8,10.2,104.0,8.25,38.24,5.940777356681927,1.24,2,6.416604661859603,32.5,6.0,2.027027027027027,0.99,13.99,10.937,0.093,24.96,6,40.9,16.5,14.4,44.5,43.0,25.08,3.7,-7.829999999999999,52.6,35.0,36.6,0.0,3016.596,62.0,0.0,19.3,0.505,127.0,12.2,14.75
06,240600585,CA de Sophia Antipolis,98.29173389010155,98.98418782942022,24.0,3.97792756787768,9.612808874646456,162.86150096554303,8.0,11.333333333333334,12.1,28.7,10.84,19.53,5.9,22.3,41.400000000000006,4.28,2.57,11.7,72.4,-2.9,38.150000000000006,3.1,2.804485001983793,52.54971607878117,1.536075535556325,3.5,1.5,3.48,200.9,22.3,82.4,3.98,74.3,4.0,65.60612727459649,1.0229736855732567,60.35127854271786,58.9,9.8,110.0,5.1499999999999995,38.24,5.226701768598361,2.34,6,5.725533609339787,-6.2,2.0,-38.25857519788919,0.32,10.98,10.516,0.925,22.51,6,40.1,13.0,12.6,37.1,61.7,22.97,3.9,-6.819999999999999,105.8,10.17,18.08,0.109,6123.535,64.0,2.0,26.5,1.105,123.0,12.2,11.71
06,240600593,CC du Pays des Paillons,100.0,99.35897435897436,20.0,3.372813554004236,8.624950130327445,128.4033353632829,6.0,10.666666666666666,13.7,13.7,4.8500000000000005,7.83,9.4,31.8,23.1,16.13,14.91,14.6,81.9,-1.2,50.05,1.7999999999999998,5.694016615327173,40.85796683489546,0.2464639321074964,2.2,5.53,2.33,197.9,11.0,40.7,3.98,86.3,2.0,5.4815402937673685,0.4431041682449866,47.76422764227642,76.0,9.8,115.0,16.56,38.24,5.623511076477791,0.93,0,3.9359902037181342,15.6,39.0,-49.275362318840585,0.52,72.71,7.415,0.626,23.51,7,30.8,10.4,14.1,47.2,45.9,28.38,2.9,-4.16,43.4,5.82,20.55,0.0,1294.346,63.0,1.0,22.2,1.453,115.0,12.2,12.61
07,200016905,CC du Pays de Lamastre,98.88475836431226,92.2279792746114,72.0,4.058853373921867,1.6772954948972962,35.2479425407751,3.0,32.0,23.3,29.8,7.07,-6.61,8.5,36.5,26.5,41.74,35.47,20.0,79.6,-0.5,32.8,0.5,2.8451632225217134,23.09264305177112,7.2475649350649345,2.1,5.17,1.5,94.0,4.4,56.2,2.58,59.1,0.0,63.70661784406537,0.2176417574353978,49.37545922116091,65.4,10.7,125.0,9.83,55.04,6.159136610619091,,0,4.892782270140761,-7.4,56.0,-4.545454545454546,81.78,15.23,26.783,0.944,28.19,4,37.8,20.6,15.2,72.0,76.1,43.73,2.9,-3.44,81.5,25.36,38.55,0.0,86.701,51.0,0.0,20.2,0.453,176.0,12.6,17.14
07,200039808,CC des Gorges de l'Ardèche,98.8001958863859,98.80640465793304,66.0,4.339615060071523,2.1026960895367712,81.70075854975572,1.0,28.5,19.1,39.2,5.1,14.63,7.2,26.8,23.8,17.99,23.41,18.5,82.9,2.3,33.6,1.4,2.805943498501372,32.60888539757353,6.48132530120482,2.9,0.5599999999999999,2.55,181.6,21.1,30.3,2.58,73.7,1.0,16.313206546629065,0.9008543389529546,74.16447615471273,77.1,13.3,131.0,20.71,55.04,7.116549493813274,1.91,0,4.8066929133858265,14.9,43.0,-24.54212454212454,28.98,32.2,14.19,8.349,22.17,6,37.7,15.5,20.2,57.5,62.5,39.16,3.0,-6.370000000000001,91.9,17.4,26.5,0.0,530.104,57.0,0.0,22.0,0.605,177.0,12.6,22.26
07,200039824,CC Ardèche des Sources et Volcans,100.0,97.01765063907486,66.0,3.3439476321835,2.0426419362079518,417.4767393989296,2.0,27.0,23.1,36.2,4.55,3.54,8.2,32.6,30.000000000000004,19.88,35.96,20.0,79.4,-4.6,33.6,0.7000000000000001,5.332239540607055,28.63167760074976,0.1146294404721371,2.7,11.64,4.1,157.3,19.1,16.2,2.58,90.2,0.0,100.005544317075,0.2401983371506791,53.79905650908361,78.9,8.5,139.0,27.529999999999998,55.04,6.854930995897052,7.18,0,3.6633942558746737,-32.0,38.0,64.0625,15.58,35.44,5.707,0.089,28.64,6,37.9,19.2,18.2,60.5,65.3,42.56,2.9,-1.1400000000000001,63.7,16.44,18.5,0.0,187.694,56.0,0.0,19.2,0.474,169.0,12.6,22.16
07,200039832,CC Pays des Vans en Cévennes,100.0,98.44173441734418,66.0,2.9261865964012066,1.8093693078494757,113.76623927095476,4.0,27.25,22.2,37.4,4.14,0.0,7.7,25.4,25.7,27.89,29.95,18.7,82.1,1.4,33.6,1.2,2.5167785234899327,27.912186379928315,2.6269677214183496,3.3,6.61,3.15,136.7,27.6,27.5,2.58,82.1,0.0,79.85786802030456,0.4511763580350791,65.16599856100319,77.2,9.0,148.0,10.059999999999999,55.04,7.716564365139341,1.05,0,5.301306272266005,10.2,51.0,-12.5,34.78,20.29,12.822,4.783,17.12,5,41.5,23.1,20.1,60.2,61.9,53.48,3.7,-2.93,88.0,10.67,40.6,0.0,112.036,56.0,0.0,16.3,0.461,189.0,12.6,21.43
07,200041366,CC Rhône Crussol,99.23076923076924,99.51456310679612,72.0,0.4900482509047044,3.145853470294265,88.11181056887092,1.0,27.666666666666668,10.8,4.2,6.4399999999999995,18.74,6.2,21.8,52.5,6.19,6.84,13.900000000000002,83.4,-2.9,29.3,1.6,3.670356139244136,39.50534759358289,5.620499549954995,3.2,2.11,2.58,163.9,26.2,64.8,2.58,48.9,0.0,7.943139004560777,0.8901581429931388,41.97905259315419,67.3,14.8,116.0,6.859999999999999,55.04,3.793221406174728,0.86,0,3.256936638466545,-4.9,20.0,-11.560693641618498,34.96,18.13,24.612,3.455,25.51,6,33.5,8.3,10.4,42.2,77.2,22.05,2.8,-5.38,64.6,11.69,11.92,0.287,602.308,62.0,0.0,31.4,0.728,112.0,12.6,12.69
07,200041465,CC Val Eyrieux,99.65337954939342,91.69741697416974,75.0,7.6740774178986575,0.7856251495683024,86.87543561066536,2.0,33.75,23.200000000000003,31.0,7.969999999999999,0.0,12.2,30.6,35.6,29.52,33.76,21.0,80.6,-0.5,33.2,0.6,2.1153689691644293,30.14090961163937,9.463641826923077,3.6,8.67,3.25,104.2,2.2,41.0,2.58,76.0,0.0,76.81550650820601,0.1545588002179715,55.178937411319566,54.9,8.200000000000001,138.0,13.459999999999999,55.04,5.839728830174054,4.07,1,3.6048831085933135,-7.9,50.0,36.59574468085106,74.46,32.51,20.556,0.069,28.29,5,40.7,15.4,15.8,55.0,61.5,41.01,2.8,-5.140000000000001,101.2,16.34,46.24,0.0,32.319,54.0,0.0,19.8,0.379,193.0,12.6,14.97
07,200071405,CC Ardèche Rhône Coiron,99.85558618878824,93.9236641221374,71.0,3.654349301752374,3.199871673147636,50.16982353194978,3.0,30.0,17.7,6.5,11.31,0.18,10.7,27.0,37.2,10.23,11.83,19.2,88.0,0.2,36.55,1.7999999999999998,2.210950708804786,30.88023088023088,3.2850119585437154,2.3,3.11,2.6,158.0,19.3,45.0,2.58,61.8,3.0,2.105287291453564,0.5660929920153929,37.92694296126791,49.3,7.5,108.0,12.72,55.04,6.435329708874078,2.6,0,3.925683970536654,-0.8,37.0,-3.6809815950920246,46.79,23.48,19.804,4.269,24.57,7,33.6,15.8,16.6,51.1,50.7,28.14,3.0,-6.84,78.0,12.13,15.4,1.301,1537.418,61.0,0.0,25.7,0.811,81.0,12.6,14.95
07,200071413,CA Privas Centre Ardèche,99.62883872279843,94.91668679063028,75.0,2.368380337285924,3.1810730931342173,92.2427104909749,2.0,31.0,19.6,11.6,13.13,2.13,10.3,30.0,42.400000000000006,12.93,14.01,18.7,82.2,-1.9,31.450000000000003,1.2,7.336458121051559,31.913913386863232,3.717715231788079,1.9,2.4899999999999998,3.17,137.3,23.0,38.0,2.58,70.7,2.0,62.64899040052961,0.31809623153658,44.43658390997723,73.1,13.4,118.0,20.150000000000002,55.04,5.906221250961711,3.62,6,4.652962071731408,-11.3,35.0,-6.278026905829597,47.63,24.23,25.752,0.588,27.75,9,39.2,15.2,16.4,53.0,65.8,36.0,2.9,-4.36,100.7,14.24,19.29,0.0,1017.178,59.0,1.0,26.6,0.672,116.0,12.6,15.94
07,200072007,CC Montagne d'Ardèche,84.52914798206278,80.5045871559633,67.0,2.055498458376156,2.8231531135987096,89.83080755657048,3.0,32.0,22.4,58.1,3.2199999999999998,-11.63,5.6,32.300000000000004,33.5,53.46,75.54,20.8,69.2,-0.3,29.450000000000003,0.4,0.8300477277443453,27.098321342925654,0.0,0.7,41.61,2.08,122.6,13.2,19.5,2.58,77.5,0.0,43.0783786489695,0.0909201546672563,87.96579108124618,61.7,15.6,134.0,14.38,55.04,6.117244015761924,6.23,0,5.1241251543845205,-3.1,61.0,-10.327455919395463,87.91,25.32,28.949,0.021,27.69,5,39.4,22.9,13.6,78.7,30.7,61.84,2.9,-3.54,82.3,25.25,45.54,0.0,16.29,52.0,0.0,14.5,0.262,229.0,12.6,19.95
07,200072015,CA Annonay Rhône Agglo,99.4936151475121,99.72565157750344,63.0,3.6019299956289297,2.16884546986849,48.92778918548939,2.0,31.2,15.8,3.8,15.6,3.73,10.5,24.1,50.4,7.74,5.53,15.5,87.0,-0.5,30.8,1.2,6.219449191272901,32.23848114315168,2.17304625199362,2.6,1.06,2.98,144.5,27.9,41.1,2.58,46.2,1.0,2.9466019417475726,1.3313212705075077,35.88771305306739,60.2,24.5,114.0,15.079999999999998,55.04,5.354363641177406,0.99,2,3.87243111898192,-2.5,29.0,-33.7696335078534,43.51,14.48,29.236,2.866,23.93,7,35.5,12.7,13.7,42.6,67.4,27.12,2.8,-6.41,94.7,8.17,10.0,1.192,589.294,60.0,0.0,24.4,0.631,101.0,12.6,16.49
07,200073096,CA Arche Agglo,99.50928098997224,99.27536231884058,68.0,2.373137190785053,2.1314424654030586,66.45106274443121,1.0,30.166666666666668,14.000000000000002,5.9,7.07,9.11,7.7,23.9,45.2,11.5,9.86,15.9,83.4,-0.7,29.83333333333333,1.5,2.809797051405745,33.51731058705469,3.15236169191746,2.9,2.74,2.2,138.9,22.8,41.4,2.58,34.7,3.0,3.524211028695289,0.8142420556418773,40.47423019924255,53.3,25.8,109.0,13.41,55.04,4.759474802281124,1.52,2,4.122078731433716,-3.1,32.0,-15.690866510538642,55.91,20.5,38.172,7.118,17.07,7,33.9,11.3,12.0,47.9,70.7,25.95,2.8,-5.1,81.1,9.98,17.85,0.846,1024.37,61.0,2.0,27.7,1.0,90.0,12.6,15.03
07,200073245,CC du Bassin d'Aubenas,99.73572938689216,98.15821256038647,70.0,3.419770703144221,2.1394610151208897,52.09847173450715,2.0,30.0,18.2,12.3,8.76,-1.95,10.8,26.4,34.0,10.15,6.17,17.0,86.1,-1.6,33.6,1.4,4.785510945322471,34.0261047786847,1.4084060528810014,2.5,2.8000000000000003,2.94,209.1,24.0,64.1,2.58,73.6,1.0,78.35442038448689,1.051858940379922,52.865319305578645,75.2,12.1,125.0,15.959999999999999,55.04,6.3185896264772365,2.21,4,3.8010732465708768,-10.2,27.0,2.3041474654377883,13.33,39.62,15.374,3.204,25.04,7,41.2,17.3,18.7,44.3,62.8,32.22,3.1,-3.6799999999999997,110.0,9.54,11.54,0.245,344.123,58.0,0.0,24.4,0.86,135.0,12.6,17.83
07,240700302,CC du Pays Beaume-Drobie,100.0,97.74468085106382,66.0,3.2676407294144294,1.9628407104051175,74.806967572305,3.0,32.0,22.6,37.5,4.130000000000001,22.6,5.2,27.4,24.3,29.87,27.83,18.5,80.1,-3.5,33.6,1.6,1.4176663031624863,31.214983191932127,0.0960362639679527,3.2,16.38,3.27,133.9,23.3,28.9,2.58,84.0,0.0,95.804790719324,0.4592148484044819,61.66219839142091,74.9,10.7,141.0,20.849999999999998,55.04,7.320418055622655,3.27,0,3.720662833953331,-15.6,47.0,11.904761904761903,16.22,35.48,9.665,9.035,23.86,5,38.1,23.2,22.5,62.9,59.8,49.73,3.4,-1.3599999999999999,93.7,14.89,35.89,1.091,269.169,58.0,0.0,18.6,0.581,166.0,12.6,22.04
07,240700617,CC Val de Ligne,100.0,98.8795518207283,66.0,3.376890324475114,2.0547482687368976,46.68467583497053,2.0,30.33333333333333,22.6,26.3,7.51,3.38,10.1,30.3,30.4,23.69,24.09,20.1,85.0,-3.0,33.6,1.2,2.4801587301587302,27.893691008445103,1.0871945259042033,2.4,0.8,4.96,115.3,20.6,22.6,2.58,74.1,0.0,49.55043103448276,0.6534347980820693,47.00579523502898,86.0,6.5,131.0,35.18,55.04,7.599229726254762,1.65,0,3.702994599901817,-12.6,39.0,-18.27956989247312,11.66,31.52,6.549,7.49,19.58,5,40.0,18.6,26.8,58.9,53.5,53.41,3.0,0.4,79.4,13.73,20.27,0.0,117.514,60.0,0.0,19.6,1.033,160.0,12.6,21.03
07,240700716,CC du Val d'Ay,99.4517543859649,100.0,69.0,3.626148786894544,2.1633005719527114,8.102364864864866,1.0,31.5,17.2,19.2,4.79,-7.58,9.9,27.700000000000003,35.3,26.98,37.27,15.4,90.4,4.1,30.8,0.8,5.443102568464024,25.921521997621877,0.3575883575883575,2.4,5.050000000000001,3.4,134.5,17.1,8.9,2.58,61.0,0.0,0.0,0.4419787339771531,39.57432657133356,77.2,4.4,124.0,16.09,55.04,4.755543010881836,1.7,0,4.32739196233395,-3.5,61.0,-13.131313131313131,81.07,23.73,18.634,0.332,27.79,5,30.7,10.8,10.5,51.9,68.9,40.65,2.5,-6.29,34.0,17.5,17.5,0.0,502.162,58.0,0.0,22.8,0.315,116.0,12.6,14.49
07,240700815,CC Berg et Coiron,93.34140435835351,99.88801791713324,71.0,10.226850130159912,2.2261039980234654,89.56591680281512,2.0,28.25,16.900000000000002,17.3,7.22,2.07,9.5,31.6,29.200000000000003,19.78,18.12,18.1,84.5,-0.8,33.6,1.7000000000000002,1.6288685628367372,29.8769116001492,0.8606060606060606,2.0,6.17,1.25,121.5,24.8,25.9,2.58,59.8,0.0,2.254445654146253,0.2937340484995521,44.50421811957452,74.9,4.1000000000000005,113.0,13.100000000000001,55.04,6.298817956029803,1.25,0,4.219317450096587,-9.2,59.0,20.87912087912088,76.49,30.65,44.181,1.428,27.96,6,33.7,15.3,15.5,58.6,45.3,35.84,3.0,-3.52,62.1,9.77,18.38,0.0,370.461,56.0,0.0,20.5,0.556,106.0,12.6,18.08
07,240700864,CC du Rhône aux Gorges de l'Ardèche,100.0,100.0,66.0,0.4777830864787386,3.2186291224071613,92.45736189876077,3.0,28.33333333333333,17.4,10.0,8.450000000000001,13.44,11.4,29.9,35.9,11.52,7.8,17.1,87.7,1.0,36.35,1.5,1.67145468790807,28.84132841328413,2.621401412275937,1.8,1.23,3.13,163.2,22.8,35.1,2.58,64.3,0.0,7.777414821286131,0.4498143438187673,39.77736928104575,74.3,7.8,119.0,21.64,55.04,6.298066609257915,3.13,0,6.438663282571912,8.7,33.0,-21.153846153846157,19.66,28.53,20.421,11.15,14.32,6,34.3,16.9,15.9,53.1,65.0,31.24,3.1,-8.66,55.1,9.22,22.78,1.045,567.3,56.0,0.0,27.1,0.536,109.0,12.6,15.79
08,200041622,CC Ardennes Thiérache,94.86301369863014,96.47058823529412,32.0,1.1682832726354884,0.5280305019861348,365.38546140148736,1.0,34.0,24.0,9.4,3.01,0.0,11.5,31.3,45.6,26.73,38.63,16.900000000000002,84.8,-1.1,27.7,0.6,1.3736263736263736,22.541966426858515,1.2886767610269918,3.1,0.36,5.28,177.5,12.3,34.0,2.92,26.1,0.0,96.83457433320272,0.289198781414117,44.570837642192345,65.4,14.499999999999998,111.0,28.21,44.08,6.8146824990117,6.34,0,6.779850363841344,1.7,75.0,-15.294117647058824,97.08,7.44,60.848,0.779,13.19,3,33.1,19.6,18.6,63.2,51.6,32.23,3.0,-7.7,57.9,23.57,24.05,0.0,85.832,57.0,0.0,12.9,0.41,96.0,20.3,15.15
08,200041630,CA Ardenne Métropole,96.30522088353412,99.79757085020243,34.0,0.2030580542977237,11.619361296377653,52.59387061656715,2.0,31.0,21.1,1.7,30.53,2.45,11.1,24.6,68.6,3.24,1.45,16.0,80.0,-0.8,28.4,1.5,2.649941850805781,34.842370923816176,3.136203866432337,3.3,0.0,3.9,183.8,28.4,56.5,2.92,43.8,4.0,33.63595774227004,0.96495677758069,36.45385002679833,69.7,20.0,111.0,11.66,44.08,6.718082722553734,2.41,6,4.118625925285511,-3.1,22.0,-35.0,50.35,6.63,34.31,0.688,14.26,6,40.2,22.1,21.4,40.0,60.7,23.13,3.3,-7.19,115.7,7.46,7.67,0.0,419.678,60.0,2.0,19.0,1.014,101.0,20.3,18.0
08,200043156,CC du Pays Rethélois,,,44.0,,,186.7329623087946,1.0,35.666666666666664,19.8,3.0,14.49,-0.21,8.5,29.6,50.4,12.81,19.13,16.0,85.2,1.4,33.7,1.1,0.399720195862896,28.437082554100986,2.155637254901961,3.5,0.08,3.33,119.4,11.4,56.6,2.92,4.0,4.0,3.45825314128103,0.2946984923447743,41.89916789035732,65.4,18.5,110.0,8.84,44.08,5.509019374510143,2.33,0,5.637227351799813,1.6,59.0,-1.048951048951049,100.01,3.95,90.761,2.878,8.07,5,31.5,13.9,19.3,55.0,73.8,23.82,2.8,-6.84,68.8,13.62,14.11,0.666,494.697,60.0,1.0,19.7,0.339,83.0,20.3,13.85
08,200067759,CC Vallées et Plateau d'Ardenne,89.01960784313725,97.66355140186916,34.0,0.3115264797507788,2.136612595265604,35.113943400123944,1.0,34.0,24.8,4.7,11.97,1.35,11.8,29.1,56.49999999999999,10.17,21.22,17.4,87.3,1.0,27.7,1.1,1.5433386168349044,30.179938230159795,2.697451927630956,2.1,0.22999999999999998,3.75,139.9,26.6,38.0,2.92,64.3,0.0,96.2797325996718,0.9143429335885276,37.33115022513303,53.3,38.5,106.0,11.459999999999999,44.08,7.060795098956748,3.75,0,5.179815923797275,-1.8,52.0,7.476635514018691,85.55,9.38,17.774,0.395,15.38,6,32.9,17.2,21.4,53.4,59.8,22.65,2.9,-7.829999999999999,63.9,19.39,19.39,0.0,283.258,58.0,1.0,16.5,0.53,96.0,20.3,15.11
08,240800821,"CC Ardenne, Rives de Meuse",100.0,99.30555555555556,34.0,0.3920646122480984,3.5933195777730256,75.39493651285228,1.0,36.66666666666666,24.7,5.1,15.310000000000002,-8.7,14.6,30.6,63.8,4.62,13.33,17.9,82.2,2.3,27.7,1.3,0.4271347027530772,28.67977716625277,4.361686429512517,2.3,0.08,3.88,124.9,26.9,34.2,2.92,75.9,1.0,99.9156236355698,0.4635667113707311,38.15749467923381,58.3,18.0,110.0,13.600000000000001,44.08,7.573771458594696,4.27,2,5.260414321098851,-3.9,24.0,-10.256410256410255,25.98,,8.892,0.606,15.94,8,37.1,21.3,23.5,51.1,54.8,21.98,3.1,-10.36,92.3,11.47,46.79,0.0,280.48,57.0,1.0,16.6,0.71,105.0,20.3,17.22
08,240800847,CC des Portes du Luxembourg,94.5054945054945,94.33333333333334,34.0,3.790271636133923,4.459155128294759,76.18868309607633,1.0,39.66666666666666,23.6,3.9,11.0,2.24,11.9,33.5,56.99999999999999,17.88,27.21,17.9,84.2,0.1,29.1,0.6,0.8216926869350862,23.076328203541877,2.566228931858133,2.7,1.97,4.11,132.5,20.0,25.8,2.92,25.3,1.0,14.87435338702037,0.2730901908739486,36.07285202562938,50.8,25.2,110.0,7.64,44.08,6.8507482077896205,8.22,0,5.788608162655105,3.8,77.0,-35.03649635036496,96.37,4.27,65.309,0.918,12.31,4,34.0,18.8,19.6,53.6,57.6,22.6,3.0,-9.87,62.7,20.86,22.8,0.0,266.889,58.0,0.0,16.1,0.548,95.0,20.3,16.7
08,240800862,CC des Crêtes Préardennaises,91.11266620013996,95.2922077922078,38.0,0.4077555097963261,2.10238610786896,222.03402646502835,1.0,37.2,21.8,7.6,2.41,-0.87,10.9,33.6,42.2,31.89,42.88,16.400000000000002,86.2,1.6,30.166666666666668,0.8999999999999999,0.969797727902466,24.671167095831304,2.1676774579311524,2.5,0.69,2.77,108.5,13.3,38.1,2.92,22.0,0.0,5.48311461239244,0.2384648458473187,40.02351664254704,59.8,15.0,111.0,14.31,44.08,5.3413216248037685,2.77,0,7.119917582417583,0.2,78.0,-30.133657351154312,99.72,8.12,61.56,1.26,11.31,4,31.1,14.1,16.0,62.1,57.5,32.1,2.8,-9.569999999999999,46.5,17.85,19.98,0.924,137.934,59.0,0.0,16.5,0.48,89.0,20.3,14.48
08,240800920,CC de l'Argonne Ardennaise,95.268320830929,98.15573770491804,45.0,0.0868262823156569,1.837623342693996,116.10551171688188,1.0,38.833333333333336,25.8,9.4,8.81,-3.94,14.0,36.8,48.6,30.11,43.92,19.5,79.6,4.2,31.4,0.6,0.6065752759917505,22.450470190815302,2.373725167963652,3.2,0.9299999999999999,4.25,108.5,16.7,30.8,2.92,23.5,3.0,4.241859184541838,0.1430560107948749,47.59380338104494,59.5,15.2,126.0,12.959999999999999,44.08,6.422100338162649,1.82,0,7.065618472963565,0.0,80.0,-30.56516724336793,97.51,4.1,66.21,1.766,10.58,4,37.2,17.8,20.5,65.4,67.7,34.45,3.0,-9.74,88.7,17.82,37.17,0.607,250.339,55.0,1.0,16.4,0.298,132.0,20.3,15.81
09,200044469,CC du Pays de Mirepoix,98.2884900003795,91.03476514516348,13.0,8.366083937237466,2.759158500626254,152.59110269758636,1.0,35.666666666666664,21.2,14.1,1.8599999999999999,23.68,10.9,26.700000000000003,32.3,23.75,21.7,17.0,83.8,2.6,34.7,1.2,1.6061980347694635,26.166381916151927,8.384108143752062,1.7,2.01,2.83,133.4,8.4,16.1,2.29,41.5,0.0,2.419953114335737,0.3027371540336276,49.82533553962126,76.0,10.4,130.0,16.11,42.67,7.031979547213885,0.94,0,6.639699591215895,9.2,71.0,16.27906976744186,97.61,39.31,47.567,0.712,24.09,8,37.5,18.7,21.1,63.1,37.6,50.08,3.0,-5.56,66.5,15.42,17.18,0.0,347.49,56.0,0.0,26.1,0.599,145.0,20.1,19.63
09,200066223,CC Arize Lèze,98.28451882845188,91.01847872797592,13.0,8.428000420742611,2.75621532190451,99.11377842195851,2.0,32.5,20.1,13.9,0.89,0.0,9.1,33.4,26.200000000000003,23.07,35.28,19.1,80.2,1.1,33.5,1.3,0.2711496746203904,23.312543312543312,0.0,3.8,1.0,4.52,150.9,17.6,41.0,2.29,24.9,0.0,38.45089367016157,0.263950749486646,58.15817598859993,68.1,18.0,122.0,29.5,42.67,6.840362477279314,8.13,0,4.117093859487369,-2.0,67.0,-19.65601965601965,99.42,34.95,56.408,0.805,17.15,8,38.4,21.9,17.4,65.4,44.0,53.69,3.2,-2.8899999999999997,70.1,21.67,29.37,0.0,143.392,54.0,0.0,25.3,0.78,130.0,20.1,17.5
09,200066231,CC des Portes d'Ariège Pyrénées,98.31001880619316,91.22378815316378,10.0,7.593287486698482,2.5195328225018447,91.7876158694846,3.0,29.75,18.3,3.3,7.89,-0.48,9.3,24.9,45.1,10.19,4.95,17.599999999999998,79.0,-0.5,34.7,1.3,0.6397322966389449,31.10441534360876,1.610381861575179,3.7,0.21,2.21,249.5,22.2,67.0,2.29,10.8,0.0,0.8069710217635395,0.9018523524283644,47.38166566806471,67.7,29.4,105.0,13.15,42.67,6.3186837527710376,1.72,2,6.305116067134142,5.3,27.0,-15.811088295687886,97.26,20.72,68.478,1.371,12.05,8,38.5,16.7,17.1,50.8,62.3,30.36,2.9,-9.6,102.7,8.88,23.88,1.476,390.413,58.0,3.0,27.1,0.541,93.0,20.1,22.18
09,200066363,CC de la Haute Ariège,98.28451882845188,91.01847872797592,6.0,8.428000420742611,2.75621532190451,340.4467397414278,1.0,31.666666666666668,25.5,66.0,7.489999999999999,0.0,4.0,22.1,26.700000000000003,25.31,49.59,19.4,74.8,1.3,35.6,0.7000000000000001,0.839278220730172,26.474331777683496,0.0,2.8,12.2,4.2,97.2,36.2,40.7,2.29,94.6,0.0,55.27494881389438,0.041741127107541,98.32069339111592,74.5,13.5,135.0,7.109999999999999,42.67,6.621662286596987,2.8,1,8.282404156719561,-10.6,49.0,63.24786324786324,63.95,59.77,5.566,0.013,27.78,8,44.8,16.8,16.8,71.5,64.0,65.6,3.0,-3.91,107.4,35.51,42.12,0.0,402.221,53.0,1.0,25.4,0.219,227.0,20.1,25.83
09,200067791,CA L'Agglo Foix-Varilhes,98.28451882845188,91.01847872797592,10.0,8.428000420742611,2.75621532190451,51.21940534998602,1.0,31.5,17.4,9.5,4.6,1.29,9.4,24.9,45.6,10.58,4.27,16.6,83.6,-2.8,34.7,1.4,3.1036813963493337,31.47104715672677,1.666620163690476,4.0,1.25,3.07,228.7,24.8,63.9,2.29,61.3,1.0,50.20821789257306,0.4449956700665033,47.58062105860905,78.6,7.199999999999999,112.0,15.22,42.67,5.921663657918844,0.92,7,5.453665283540802,-0.1,41.0,-20.930232558139537,75.17,33.64,32.687,0.207,26.19,9,39.2,15.1,17.0,53.5,56.5,41.61,3.0,-2.5700000000000003,107.5,9.69,10.95,1.536,243.881,61.0,0.0,29.0,0.519,122.0,20.1,17.3
09,200067940,CC Couserans-Pyrénées,98.20824295010846,92.86302780638516,11.0,7.281002976986959,2.9804659252468566,169.49039295483354,3.0,35.0,22.6,36.9,2.35,0.0,8.9,31.0,34.300000000000004,27.88,36.65,19.7,80.6,-2.2,37.35,1.1,2.333100023331,25.32309599885545,5.355751673767498,3.0,12.34,3.33,114.5,15.0,36.9,2.29,73.7,0.0,99.35666026684814,0.1246992688334755,65.47927461139896,75.2,9.6,134.0,13.719999999999999,42.67,7.4027641142704335,2.0,3,6.016146286019924,1.9,57.0,1.3480392156862746,75.06,21.44,22.092,0.083,28.08,9,44.1,23.8,18.0,64.6,56.2,60.46,3.5,0.11,95.7,16.54,17.76,2.333,87.759,56.0,0.0,21.4,0.345,175.0,20.1,21.38
09,240900431,CC du Pays de Tarascon,97.9009900990099,91.02355808285948,8.0,7.959817818073469,2.7870491486134368,114.13414203274056,2.0,35.0,22.9,32.0,6.88,-0.69,7.2,37.7,34.0,14.54,13.54,18.4,82.6,-4.2,34.7,0.7000000000000001,1.1653653420347276,23.61904761904762,1.537219730941704,2.6,3.1300000000000003,2.33,175.7,15.0,48.1,2.29,86.8,0.0,75.90852102270183,0.2120274606889722,58.546665136034896,69.1,18.8,131.0,4.01,42.67,6.999872190317139,1.17,0,4.536919957055947,0.9,49.0,70.3125,45.36,16.55,22.958,0.033,28.4,8,39.5,19.9,17.6,66.9,46.4,41.84,3.0,-3.45,78.3,20.2,24.9,0.0,152.681,59.0,0.0,23.1,0.455,165.0,20.1,17.2
09,240900464,CC du Pays d'Olmes,98.28626022571208,91.0278425119588,13.0,8.380055207138827,2.75836823868924,173.6074500507958,1.0,39.0,27.200000000000003,18.5,5.36,0.0,9.9,35.6,45.2,9.77,12.22,19.2,83.4,-3.0,34.7,0.8,0.7445512386625152,25.095362377032725,1.01190149226403,3.0,0.9900000000000001,4.06,223.9,4.3,14.9,2.29,76.3,0.0,28.75871443242917,0.1982954059311011,50.4520074448285,69.9,13.900000000000002,150.0,5.13,42.67,7.634801738913945,4.06,0,5.22796434077351,6.7,31.0,20.833333333333336,68.51,58.01,18.664,0.025,28.48,8,41.1,22.8,24.1,56.7,51.0,35.26,2.9,-3.56,94.0,7.75,7.75,0.0,158.203,55.0,0.0,18.9,0.517,212.0,20.1,19.19
10,200000545,CC des Portes de Romilly sur Seine,75.80846288137002,99.20973276489548,0.0,2.391455421437773,1.9399689314795376,65.83547121806424,3.0,31.0,24.8,2.8,27.02,-2.15,11.2,29.2,63.1,2.67,3.1,18.5,75.8,0.6,40.1,0.8,0.5836782341080334,28.11073336571151,1.2939000393545848,2.3,0.0,4.24,123.8,11.8,45.6,3.0,19.5,0.0,1.3825183490611,0.7490849992652234,36.394876601062165,73.2,19.5,122.0,9.66,40.9,7.608063378371045,1.59,2,5.796082261652829,2.0,22.0,-43.75,44.26,,55.637,3.326,7.74,7,41.2,26.2,25.0,39.7,55.1,18.84,3.0,-12.32,112.8,5.33,5.33,0.0,1023.118,61.0,2.0,16.9,0.298,93.0,14.3,18.41
10,200006716,CC du Nogentais,75.7104110160651,99.2160756748282,14.0,2.419200555560706,1.922833536132948,70.25498152746654,2.0,32.666666666666664,22.0,8.2,21.2,-2.86,11.9,30.8,39.8,11.43,21.21,18.6,80.5,1.9,40.1,1.2,0.4277159965782719,27.14045333069385,0.3381814017407237,2.2,0.03,3.06,95.4,15.6,37.5,3.0,18.2,1.0,2.6599939133669226,0.2872069773523126,31.30434782608696,43.6,9.9,108.0,5.89,40.9,6.704712944252942,3.06,0,4.609948888624747,-8.1,44.0,-36.95652173913043,69.89,3.93,67.46,4.034,7.74,7,34.4,14.5,22.7,54.1,61.0,20.77,3.0,-4.44,106.1,9.3,18.61,0.0,1700.75,56.0,2.0,15.7,0.265,90.0,14.3,13.94
10,200040137,CC des Lacs de Champagne,75.69937369519832,99.21548117154812,29.0,2.4213279338564075,1.921971262683119,121.19905421752996,1.0,40.75,25.5,8.3,13.29,-3.56,11.2,31.2,37.3,24.9,30.77,20.8,82.8,-0.2,29.15,0.8,0.2228163992869875,24.13503527040645,0.9782474861481634,3.3,4.34,3.34,104.4,26.1,40.0,3.0,17.3,0.0,65.85331526036371,0.1168621693863612,45.016429353778754,67.0,13.5,124.0,7.969999999999999,40.9,7.085708932968328,1.11,0,5.911358526924312,0.6,56.0,-34.68013468013468,100.01,5.71,67.871,3.215,8.63,6,38.8,14.7,21.5,62.8,68.1,31.31,2.9,-4.19,91.0,10.79,34.63,0.0,414.02,56.0,0.0,17.0,0.332,151.0,14.3,15.02
10,200066892,CC de Vendeuvre-Soulaines,75.71610881568806,99.21347069901408,32.0,2.42677095404716,1.919910868773467,77.11574136308644,1.0,37.0,21.6,7.7,13.07,-12.97,10.6,33.900000000000006,34.0,40.28,36.07,18.5,84.9,0.6,28.0,0.7000000000000001,2.5818725370294877,23.70170336518488,0.1803252551020408,2.1,1.44,1.36,97.2,29.0,42.9,3.0,33.9,0.0,74.1781700368674,0.1038213167752154,39.34077618288145,53.4,21.0,117.0,10.24,40.9,6.903000018627871,2.72,0,6.471247881079671,-8.7,71.0,-31.88010899182561,97.36,4.76,58.813,3.587,8.56,7,33.3,13.1,17.5,58.6,50.6,29.08,2.8,-5.29,79.7,12.74,41.21,0.0,571.505,54.0,0.0,15.3,0.289,118.0,14.3,15.5
10,200069003,CC du Barséquanais en Champagne,75.710817321371,99.21470322672624,38.0,2.4204201579521576,1.9244034746883385,178.72655570060925,2.0,34.333333333333336,26.1,8.2,11.39,-4.48,15.5,35.099999999999994,36.2,26.11,36.55,20.6,83.6,3.5,28.0,1.4,0.9279475982532752,26.17946345975948,0.0608128834355828,1.9,0.8699999999999999,3.28,93.2,25.0,28.8,3.0,42.5,0.0,17.898210496620916,0.1527558356663761,40.84342468663692,40.0,11.1,118.0,10.81,40.9,6.3957127667653975,6.55,1,4.878415736310473,0.9,56.0,-15.567484662576684,97.43,6.93,45.614,5.65,8.07,5,35.9,12.8,17.0,60.4,59.0,27.46,3.4,-3.34,93.9,12.98,31.28,0.546,506.161,56.0,0.0,14.7,0.272,121.0,14.3,18.53
10,200069250,CA Troyes Champagne Métropole,75.69937369519832,99.21548117154812,22.0,2.4213279338564075,1.921971262683119,64.37893066503798,4.0,33.333333333333336,20.200000000000003,3.2,27.07,3.09,7.1,23.9,56.7,3.98,3.14,15.6,77.9,-1.8,28.0,1.5,3.662982795943945,36.83608954424697,3.2155821405208838,3.4,0.22,2.56,118.4,22.5,57.5,3.0,19.4,5.0,15.344287266332897,0.8684988163599882,34.57519436007468,66.9,14.2,108.0,13.63,40.9,6.212216393382818,1.25,11,3.959221340019501,-0.3,20.0,1.82370820668693,45.39,4.56,60.723,2.74,7.25,6,42.8,18.7,17.3,36.7,55.3,20.41,3.3,-4.07,107.9,13.32,13.52,0.171,2908.797,,3.0,19.2,0.391,84.0,14.3,17.48
10,200070126,CC Seine et Aube,75.69937369519832,99.21548117154812,0.0,2.4213279338564075,1.921971262683119,65.76601589326008,2.0,31.0,20.8,4.0,11.959999999999999,0.0,8.5,32.9,36.0,17.24,40.46,18.4,88.1,1.2,34.05,1.0,1.7624596103005972,24.7361572936244,2.805743740795287,2.3,4.17,2.94,77.8,12.9,27.4,3.0,10.0,1.0,8.115453936865956,0.3080702947848724,33.69596611148551,49.8,18.1,112.0,9.28,40.9,5.8387855387855385,2.94,0,5.452972972972973,2.1,100.0,-20.676691729323306,90.05,1.69,83.731,3.558,6.5600000000000005,6,31.6,9.5,15.5,51.2,61.8,24.09,2.5,-7.489999999999999,54.3,20.24,20.48,0.0,737.46,60.0,0.0,16.9,0.204,92.0,14.3,12.86
10,200071041,CC du Chaourçois et du Val d'Armance,75.702895048983,99.21447241711375,34.0,2.4205137765763247,1.9245114541568416,100.0365948359542,1.0,36.66666666666666,23.5,11.8,8.15,-1.05,13.3,38.5,27.3,31.8,51.43,19.3,83.7,1.9,28.0,0.6,0.971534052268532,21.83737178534265,0.3215819434734845,2.1,0.29,2.91,71.4,5.3,22.9,3.0,32.6,0.0,0.0,0.1046633841156225,39.38128677168344,65.4,14.2,130.0,7.22,40.9,6.581072245831971,6.8,1,5.194698703279939,1.0,81.0,-22.305764411027567,98.27,4.48,58.099,2.001,8.12,3,33.7,13.5,17.7,56.9,48.0,32.35,2.8,-5.3100000000000005,54.9,19.14,25.1,0.0,707.914,57.0,0.0,15.4,0.272,126.0,14.3,16.53
10,200071777,"CC d'Arcis, Mailly, Ramerupt",75.69937369519832,99.21548117154812,33.0,2.4213279338564075,1.921971262683119,81.23790151707772,2.0,39.0,23.5,3.8,10.059999999999999,-13.32,11.3,30.3,39.8,30.9,37.58,19.8,78.7,-0.8,28.0,0.8,0.5931198102016608,24.065420560747665,0.2402384500745156,2.6,6.81,2.54,104.5,12.7,30.6,3.0,17.6,6.0,2.244989594087476,0.1794526575219533,34.794884570669325,65.2,32.5,102.0,19.88,40.9,6.122097414780342,10.17,1,4.836090738529763,1.8,64.0,4.333333333333334,100.0,7.47,71.958,3.492,7.08,7,34.0,12.2,13.6,56.7,70.2,25.08,2.8,-12.91,101.6,29.31,35.67,0.0,620.329,59.0,3.0,14.5,0.162,97.0,14.3,22.84
10,241000223,"CC Forêts, Lacs, Terres en Champagne",75.69937369519832,99.21548117154812,37.0,2.4213279338564075,1.921971262683119,20.68029794070396,1.0,31.0,17.599999999999998,4.8,8.690000000000001,-2.75,8.2,29.7,28.6,25.6,39.88,14.7,89.4,1.7,28.0,1.2,0.7341065922771987,26.655797839820664,4.39753086419753,3.2,0.0,2.94,92.2,25.5,36.0,3.0,14.8,0.0,75.0452902468411,0.2943908638718335,38.50574712643678,67.2,8.7,107.0,11.98,40.9,5.133610066833752,1.47,0,5.427777777777778,1.7,81.0,-46.09053497942387,98.12,1.71,70.093,2.659,9.38,6,26.5,8.4,10.0,58.4,69.8,23.64,2.6,-5.35,42.0,19.27,21.4,0.0,1689.655,61.0,0.0,20.1,0.146,85.0,14.3,13.75
10,241000405,CC de la Région de Bar sur Aube,75.77342143263466,99.2103314962573,29.0,2.435299349582837,1.9162867530944925,83.77968015051741,1.0,39.0,27.700000000000003,7.1,25.44,-1.28,13.7,29.4,52.2,23.1,21.61,21.9,78.8,2.9,28.0,1.1,2.2763919188086885,26.044821320411877,0.5719344394981788,2.2,0.29,4.74,99.3,23.9,31.4,3.0,47.5,0.0,70.99253900709219,0.0448060930113544,40.96097201767305,49.6,12.9,122.0,10.02,40.9,7.158430363751241,2.85,0,5.762162650058669,-1.9,55.0,-9.112709832134293,97.12,18.26,38.973,5.009,8.32,4,41.6,17.5,22.7,56.2,61.5,29.78,3.3,-3.5999999999999996,117.0,8.96,43.56,0.0,127.025,56.0,0.0,15.6,0.365,151.0,14.3,19.23
10,241000447,CC du Pays d'Othe,76.78358387019804,99.27645051194538,20.0,3.0796861486196927,1.8165672832239244,783.8944611758544,1.0,30.5,23.5,15.4,11.14,-4.66,10.6,35.099999999999994,38.5,31.52,32.57,18.8,89.0,4.9,28.0,0.8999999999999999,2.2522522522522523,24.242997728993185,0.0,2.1,0.31,1.32,96.0,2.1,53.0,3.0,37.4,0.0,0.2830188679245283,0.1385841978835149,35.74223845551787,57.0,21.4,128.0,5.28,40.9,6.857074140584914,3.97,0,5.50910723447922,1.0,70.0,-31.03448275862069,89.7,7.74,52.526,2.387,6.46,4,35.2,14.0,18.3,58.8,54.0,27.03,2.9,-6.23,52.8,26.21,33.0,1.325,1394.469,59.0,0.0,11.8,0.187,122.0,14.3,13.06
10,241000488,CC de l'Orvin et de l'Ardusson,75.69937369519832,99.21548117154812,28.0,2.4213279338564075,1.921971262683119,75.6452874925904,1.0,34.666666666666664,19.5,7.6,12.44,-2.39,8.2,32.0,35.3,34.37,37.83,17.299999999999997,85.0,3.5,34.05,1.1,0.1182172833668282,25.26055467231938,0.1079713936856793,1.8,14.860000000000001,1.18,86.1,7.4,22.8,3.0,9.9,1.0,0.011662469085381,0.1389904137508728,29.653654581257964,53.2,18.0,115.0,18.12,40.9,5.4545224306481845,3.55,0,5.000236378678643,5.2,76.0,-19.29260450160772,100.0,6.52,84.638,3.215,7.5,5,29.3,9.2,20.8,51.3,63.6,23.29,2.6,-6.72,40.8,17.6,20.28,0.0,491.139,62.0,0.0,15.9,0.141,96.0,14.3,11.94
11,200035707,CC Piège Lauragais Malepère,98.93968760688632,100.0,31.0,6.626612899358916,,25.818041396354648,1.0,34.0,18.7,9.9,5.3,26.09,12.1,32.0,29.700000000000003,20.24,21.84,16.6,83.8,3.1,35.6,1.2,0.552181115405853,26.92524948220674,1.4661190965092403,1.9,1.17,3.68,156.9,16.0,46.9,2.77,11.4,0.0,36.43366592756837,0.3061771346550721,38.75281031830553,63.0,15.6,118.0,12.590000000000002,48.42,6.512217032792969,1.23,0,4.550275613001331,-0.9,48.0,2.806122448979592,80.87,19.44,74.258,3.411,9.7,5,34.1,18.1,17.6,59.6,54.2,35.71,2.9,-6.78,65.3,19.29,20.84,0.614,523.607,56.0,0.0,21.3,0.839,110.0,18.0,17.44
11,200035715,CA Carcassonne Agglo,95.19977004886462,97.6615024846536,39.0,1.2706480304955527,,64.11520992383178,2.0,35.142857142857146,15.8,7.2,12.280000000000001,2.91,10.0,28.3,39.1,5.18,5.97,16.0,82.1,-0.7,40.25,1.4,2.0452578860424264,33.92758506407424,0.8734342203263593,2.5,1.27,3.76,204.4,25.1,64.5,2.77,37.2,1.0,20.366813863975057,0.6442833790726661,47.09037183801049,77.3,7.199999999999999,118.0,14.87,48.42,6.695570480279173,1.84,7,3.644154905365974,-4.5,28.0,-8.426483233018056,20.32,28.02,37.371,9.299,9.61,5,38.2,21.4,21.2,51.5,48.9,31.66,3.2,-5.42,105.2,13.57,17.19,0.437,1679.42,,0.0,22.3,1.155,120.0,18.0,18.34
11,200035855,CC Castelnaudary Lauragais Audois,99.69604863221883,100.0,46.0,5.637118255590659,,50.89483520828092,3.0,32.0,13.8,6.0,9.08,16.41,9.0,30.5,32.4,15.1,10.94,15.2,76.5,-3.9,34.1,1.4,0.9000252007056198,29.64046103560984,0.5915492957746479,2.8,3.8,2.52,152.7,21.1,72.5,2.77,12.0,1.0,31.41376673040153,0.7660473723030515,43.145879149649176,67.5,18.2,104.0,13.389999999999999,48.42,5.805404906843755,2.16,2,4.486367828813872,-1.8,51.0,-29.64426877470356,56.86,22.24,66.494,2.154,8.93,6,37.0,15.8,16.1,55.3,50.9,32.58,3.0,-8.97,94.4,11.4,13.14,1.44,746.326,60.0,0.0,23.3,0.996,100.0,18.0,22.28
11,200035863,"CC Région Lézignanaise, Corbières et Minervois",99.7229916897507,98.06094182825484,46.0,3.061280271141967,4.790053906775616,96.59576391190384,2.0,31.0,16.3,16.9,5.24,3.24,10.0,29.7,18.2,8.7,13.96,15.5,83.3,1.5,40.25,1.2,1.1106775132831026,29.24585570861546,0.3456072692693751,3.2,4.390000000000001,3.6,202.9,18.4,37.1,2.77,56.5,0.0,57.50203412471917,0.3795998026527579,50.52084870304247,65.9,13.4,130.0,15.049999999999999,48.42,7.018675334027752,1.5,2,3.673117892399556,-5.8,53.0,-22.16624685138539,19.84,29.51,26.913,11.288,10.91,4,34.5,21.7,25.0,58.5,46.0,35.06,3.1,-6.83,83.6,21.26,32.87,0.3,345.265,54.0,0.0,18.2,0.985,127.0,18.0,19.49
11,200042463,CC de la Montagne Noire,100.0,100.0,33.0,7.028753993610224,1.766323367663234,461.5660152931181,1.0,33.0,19.9,28.9,5.99,-3.53,9.2,35.0,22.6,33.07,62.81,17.599999999999998,82.5,0.9,36.5,1.2,1.172136637642331,24.554148358749032,1.058080808080808,2.8,7.7,3.35,108.1,13.1,27.7,2.77,66.5,0.0,18.64722306320853,0.3518852157654792,48.497713912475504,72.2,3.9,137.0,6.1899999999999995,48.42,6.900316997943797,1.67,2,4.886394790952707,11.5,74.0,6.349206349206349,94.34,40.1,26.55,0.845,27.34,5,37.7,21.2,12.8,64.2,36.4,49.56,3.0,-3.11,65.4,21.77,24.86,3.349,197.583,58.0,1.0,16.9,0.732,158.0,18.0,17.22
11,200043776,CC Pyrénées audoises,97.29241877256317,97.58364312267658,35.0,1.2328117591275487,,125.86273932253312,1.0,36.25,27.700000000000003,36.1,6.21,0.91,11.5,31.2,33.7,26.8,37.92,20.6,75.3,-0.8,35.76666666666667,0.8999999999999999,1.4790711433219936,23.6008164142228,4.041014799154334,2.1,16.150000000000002,5.18,173.3,19.0,37.2,2.77,80.5,0.0,75.71287652115073,0.0806211000984427,70.8233760590919,71.8,7.8,157.0,9.81,48.42,8.014125183242829,2.96,2,4.450932215638098,-2.1,45.0,11.84971098265896,94.72,46.59,19.239,0.377,27.94,7,45.7,28.1,25.4,65.3,61.7,75.28,3.4,-3.9,90.8,19.9,35.79,0.74,52.864,,0.0,16.1,0.618,265.0,18.0,22.23
11,200071926,CC du Limouxin,97.21448467966572,98.33795013850416,37.0,2.520045819014892,,67.0485555795692,2.0,31.0,18.2,13.4,5.76,13.99,10.1,32.4,29.8,16.77,15.02,15.8,82.0,0.0,35.76666666666667,1.1,1.219818462311197,28.494885533365807,1.664525442078672,2.1,4.22,2.87,179.5,20.5,53.2,2.77,55.2,0.0,23.681326904910875,0.3464816991875655,50.42839657282742,68.5,9.3,132.0,24.48,48.42,7.161627110908261,2.87,2,4.324862038919547,-3.5,51.0,-23.391089108910894,54.93,45.05,34.181,6.903,14.2,6,38.7,21.9,20.8,62.2,48.8,58.37,3.2,-4.02,92.4,14.67,33.17,1.435,544.501,57.0,0.0,21.5,1.221,157.0,18.0,19.78
11,241100593,CA Le Grand Narbonne,95.46599496221664,99.21156373193168,41.0,0.0,,83.16861256465322,4.0,24.5,12.7,39.8,12.76,5.24,5.4,21.3,21.000000000000004,3.62,3.98,17.9,80.4,-0.3,40.05,1.4,3.435935220967476,35.29192445267806,2.707372966671965,3.7,0.13999999999999999,3.53,230.2,28.7,60.5,2.77,30.2,3.0,62.93577834034154,0.9052683409047694,50.06539908219593,71.7,12.8,125.0,10.07,48.42,6.937528696019977,1.13,7,6.158151094201842,-10.0,19.0,-15.677966101694915,6.59,21.91,25.717,16.14,10.72,6,41.1,20.2,21.6,48.7,50.3,29.42,3.3,-7.06,100.8,10.03,14.78,0.226,477.968,53.0,6.0,20.1,0.761,137.0,18.0,17.65
12,200067064,CC Decazeville Communauté,96.21993127147766,96.08269858541894,53.0,1.1310599461771476,1.225243161739499,102.45008544181688,2.0,33.0,27.200000000000003,8.8,12.25,-11.83,18.8,35.099999999999994,52.0,12.17,7.34,20.9,87.1,-2.0,29.8,0.7000000000000001,4.071842927264614,24.747597124626445,0.576509511993383,2.9,0.64,5.02,172.9,10.4,38.1,2.48,46.3,1.0,0.6666845781837721,0.3476901075300413,43.00437058220472,68.8,26.9,147.0,11.110000000000001,50.98,7.258438577224611,2.79,2,3.5208733717702327,3.4,35.0,-3.5398230088495577,78.69,7.27,42.248,0.251,21.73,5,42.5,18.6,19.1,51.7,55.1,34.64,2.8,-1.15,102.9,8.17,8.17,0.558,123.563,58.0,1.0,19.6,0.382,187.0,10.1,17.66
12,200067155,"CC Saint Affricain, Roquefort, Sept Vallons",98.48484848484848,97.6878612716763,68.0,0.540749324063345,1.2914063872164232,87.42399881997197,2.0,39.0,19.9,15.8,7.670000000000001,0.0,13.1,28.1,47.4,22.29,19.35,19.4,78.6,3.0,38.7,0.8,0.8925914906277893,23.23725055432373,2.3948045267489717,3.0,7.340000000000001,4.46,207.9,39.3,44.0,2.48,44.8,0.0,99.90628759137596,0.1971377714697334,50.32112357964571,60.1,22.7,125.0,8.469999999999999,50.98,5.564940772675903,0.74,3,4.047685320832112,-1.6,47.0,-14.583333333333334,87.15,14.31,42.914,0.276,22.41,5,41.2,15.4,14.2,63.5,70.9,60.62,2.9,-4.61,109.3,18.14,18.14,1.488,654.245,58.0,0.0,26.9,0.215,146.0,10.1,16.67
12,200067163,"CC Monts, Rance et Rougier",94.17808219178082,93.5969868173258,79.0,0.1767487075250762,1.1821141398648258,83.41314031180401,1.0,35.5,24.8,36.5,2.68,0.0,9.7,34.1,35.400000000000006,47.69,69.67,22.1,72.0,3.8,38.7,0.6,1.423374980230903,16.20073327222731,0.0,1.3,33.0,4.74,133.4,32.9,26.1,2.48,48.7,0.0,100.020103344952,0.1609568945251728,58.06353549171607,55.2,13.1,141.0,40.46,50.98,5.880649267982178,3.16,0,6.081317632081476,-2.0,86.0,-12.280701754385964,95.69,14.92,41.011,0.197,21.69,3,40.9,19.4,11.9,69.1,71.3,81.13,2.9,3.94,91.0,30.78,30.74,3.163,331.357,54.0,0.0,21.6,0.217,180.0,10.1,17.64
12,200067171,"CC Aubrac, Carladez et Viadène",96.43605870020964,98.86148007590133,22.0,2.112734175125856,2.749137083910932,893.9255297880848,1.0,39.0,23.200000000000003,33.5,2.67,-3.73,12.1,34.599999999999994,34.4,46.26,51.4,18.9,68.8,3.9,30.5,0.8999999999999999,1.1079774375503626,19.679100383982448,0.1306216931216931,3.6,29.59,7.05,158.0,25.9,67.1,2.48,34.8,0.0,84.75156912244944,0.1333772429725443,66.94931966081641,52.0,18.0,153.0,24.85,50.98,5.56248063980175,8.06,0,6.414646165976739,0.5,68.0,-12.715340442986053,86.06,2.4,74.845,0.053,21.49,4,39.3,18.9,7.5,70.9,66.0,48.25,3.1,-3.71,102.4,32.52,51.05,1.007,196.214,53.0,0.0,26.2,0.058,230.0,10.1,15.95
12,200067478,CC Comtal Lot et Truyère,93.53233830845772,97.60956175298804,60.0,2.639703976054114,1.2398734567702634,3.136363636363636,1.0,33.25,17.2,20.9,3.27,1.69,9.2,32.4,38.6,25.28,24.37,17.1,84.6,4.4,30.5,1.2,1.154039136979428,24.47243022464261,0.0129457364341085,3.4,3.38,4.01,200.6,28.7,49.4,2.48,39.9,2.0,32.196529553025016,0.3094243945269121,53.35804516412232,58.6,18.1,133.0,21.740000000000002,50.98,4.828647082702882,3.01,1,4.11413071557737,-3.3,52.0,-18.657565415244598,86.97,14.03,58.341,0.143,23.75,4,35.2,11.5,9.3,58.1,65.9,37.98,2.8,-3.7800000000000002,87.0,16.9,32.86,1.505,904.258,58.0,0.0,34.4,0.124,160.0,10.1,12.26
12,200068484,CC des Causses à l'Aubrac,96.03399433427762,98.4029484029484,63.0,2.3859675284731674,1.405277570670521,118.73758329326095,1.0,33.2,19.2,25.6,3.34,0.0,12.8,29.7,40.4,25.35,36.13,18.4,83.0,6.9,35.9,0.7000000000000001,1.5186028853454825,19.240089173209267,0.1769754575117038,3.3,2.69,4.14,193.5,25.4,19.5,2.48,41.7,0.0,73.01028953649886,0.1990892584812492,52.70224907687143,66.9,10.1,140.0,26.1,50.98,5.310326258016288,3.45,0,4.774717708620215,-2.1,56.0,-11.616766467065869,87.65,19.67,63.846,0.085,24.75,4,38.1,14.2,9.3,69.3,56.3,50.32,2.7,-3.17,77.4,19.41,42.0,0.69,161.799,54.0,0.0,26.6,0.134,158.0,10.1,15.38
12,200068831,CC Pays Ségali Communauté,100.0,100.0,40.0,1.5797788309636651,1.224658736144372,21.09059405940594,1.0,42.5,16.5,16.3,3.4099999999999997,1.12,8.4,31.1,42.1,35.58,25.09,13.7,85.1,2.0,30.5,0.7000000000000001,1.146413363904356,25.13416815742397,0.0,2.9,2.44,2.73,160.4,25.7,44.1,2.48,24.2,2.0,4.831389965362325,0.5626289400678417,43.2023689915922,54.3,23.7,121.0,23.0,50.98,4.623753690191054,3.82,0,4.145546705286025,-2.1,75.0,-24.68916518650089,93.1,7.98,68.258,0.285,16.25,6,31.7,12.3,10.1,59.8,70.1,39.14,2.7,-4.3,69.3,14.91,29.0,2.73,479.615,56.0,1.0,32.6,0.127,120.0,10.1,11.71
12,200069383,CC Ouest Aveyron Communauté,95.45098039215686,98.2646420824295,65.0,4.6603161858715625,1.270250208189953,13.304316047217045,2.0,32.5,18.9,14.9,4.16,2.49,14.0,29.4,45.8,22.75,16.35,16.8,83.0,-0.9,29.8,0.8,0.5872852738217589,24.921449518223707,0.0831398562741846,2.5,5.45,2.57,177.2,23.0,42.1,2.48,26.1,0.0,8.014055925273807,0.3400306666454854,50.64994864166047,65.1,26.0,137.0,15.21,50.98,6.600290614330023,1.84,2,4.078817733990148,-1.9,53.0,-21.72972972972973,86.98,9.69,53.82,0.202,21.0,5,38.1,16.3,17.9,58.5,57.0,41.26,3.0,-3.39,106.2,14.55,14.55,1.468,197.287,57.0,1.0,24.4,0.218,159.0,10.1,15.86
12,241200187,CA Rodez Agglomération,93.64881693648816,97.8102189781022,79.0,2.567956435374356,1.2441552221000458,0.0,2.0,32.5,11.3,3.6,10.16,4.62,9.0,20.4,54.50000000000001,4.43,0.75,14.8,79.7,-0.3,30.5,1.5,4.529065946752394,36.855195741929066,1.6557115143215797,3.7,0.0,3.91,198.4,40.8,99.7,2.48,13.3,0.0,2.371487882591484,1.196674607070792,46.85548391452588,67.6,16.1,105.0,16.33,50.98,4.539268318265309,4.09,8,4.49994627699581,-1.2,13.0,-13.225806451612904,63.49,20.27,63.514,0.459,17.4,4,47.1,12.4,10.8,40.5,85.6,35.08,3.0,-3.37,142.4,3.13,5.13,0.71,660.298,,0.0,32.7,0.198,107.0,10.1,14.26
12,241200542,CC du Réquistanais,100.0,100.0,26.0,0.0,1.1593205249705638,8.041889824024484,1.0,40.66666666666666,19.9,23.6,2.0500000000000003,38.89,10.7,33.1,44.7,46.07,43.28,16.0,66.8,3.0,33.3,0.7000000000000001,2.1206863312126467,17.710344827586205,1.8787322002756088,2.5,30.380000000000003,3.86,210.9,1.8,26.4,2.48,25.1,0.0,13.019707606105491,0.1328255952171051,47.52994011976048,54.3,12.3,150.0,25.669999999999998,50.98,5.566861716437988,1.93,0,5.5177024482109225,-0.7,74.0,-17.696160267111853,96.95,12.31,73.605,0.244,16.45,3,34.9,19.9,13.2,70.9,55.4,39.33,3.0,-2.78,100.4,33.27,37.09,3.856,24.326,51.0,0.0,20.8,0.165,219.0,10.1,13.68
12,241200567,CC de Millau Grands Causses,91.41630901287554,96.35193133047213,10.0,0.8711524101883348,1.7862468068098014,71.00565203987257,2.0,26.0,16.400000000000002,13.9,11.55,1.17,9.3,26.700000000000003,58.1,8.74,6.02,16.400000000000002,76.3,0.5,38.3,1.3,3.234152652005174,26.82572302140244,1.414381613380362,3.7,1.37,3.74,178.1,43.0,73.3,2.48,67.5,0.0,99.7278722128754,0.2402892964223072,51.2744222949519,74.5,9.9,121.0,17.46,50.98,6.044648602878916,2.72,6,5.510889077053345,-6.3,9.0,-0.7604562737642585,86.92,33.01,40.259,0.223,23.38,5,40.1,14.7,17.2,53.4,73.2,52.77,2.9,-4.61,98.7,13.33,13.33,1.021,1539.555,58.0,0.0,24.1,0.273,131.0,10.1,15.19
12,241200625,CC du Pays Rignacois,93.53233830845772,97.60956175298804,79.0,2.639703976054114,1.2398734567702634,0.0,0.0,37.66666666666666,14.9,15.2,2.9000000000000004,0.0,11.9,27.3,40.8,29.72,25.53,15.2,84.1,-1.1,30.15,1.1,1.0754615522495072,21.41565486954276,0.0,3.3,0.98,1.79,169.8,13.1,24.3,2.48,17.7,0.0,0.3122653701766262,0.4677459919071439,41.78129298486933,59.6,12.9,114.0,33.5,50.98,5.11550438259265,1.79,0,5.1101542877646216,-2.8,72.0,14.049586776859504,94.34,10.7,66.818,0.414,17.4,4,31.5,11.8,9.6,64.4,62.9,38.9,2.6,-1.26,61.9,18.63,20.13,5.377,849.381,59.0,0.0,29.1,0.16,104.0,10.1,12.34
12,241200641,CC Conques-Marcillac,93.53233830845772,97.60956175298804,79.0,2.639703976054114,1.2398734567702634,44.06603929337956,1.0,32.5,14.6,19.7,2.44,0.0,8.9,25.5,42.0,34.26,29.52,15.3,85.8,1.8,30.5,1.1,1.1529276126163222,24.14896047521133,0.0854082998661312,3.2,2.3,1.65,145.3,17.4,40.4,2.48,43.1,0.0,0.1054316945153368,0.3120060105362061,44.25062014883572,64.6,10.1,126.0,24.84,50.98,4.490410493974181,2.47,1,4.389796598866289,-6.5,58.0,-17.20430107526882,87.14,15.15,56.429,0.445,23.03,5,31.0,11.0,9.9,56.7,56.5,31.54,2.8,-2.03,57.3,21.27,22.0,0.824,147.235,58.0,0.0,36.2,0.139,126.0,10.1,11.55
12,241200658,CC du Pays de Salars,,,54.0,,,874.9496429913567,1.0,32.5,12.1,12.9,2.65,12.35,9.1,23.8,42.89999999999999,28.1,27.21,12.4,83.2,1.5,30.5,0.6,0.9995002498750624,21.03548774215669,0.0,3.1,0.15,2.5,226.8,21.2,46.9,2.48,17.2,0.0,0.1084655087970463,0.2972641895635408,45.09187620889749,58.4,9.7,109.0,22.040000000000003,50.98,4.511603299207756,1.25,0,4.804380855912889,-2.3,71.0,-3.5781544256120528,90.98,15.46,72.322,0.246,16.14,6,29.6,9.3,9.2,59.4,66.6,33.73,2.6,-3.18,51.1,17.67,20.56,2.499,191.006,58.0,0.0,38.0,0.094,103.0,10.1,10.33
12,241200674,CC du Plateau de Montbazens,93.53233830845772,97.60956175298804,79.0,2.639703976054114,1.2398734567702634,0.0,1.0,35.333333333333336,17.5,14.3,3.75,17.78,11.4,26.4,40.5,23.67,25.19,16.3,87.4,0.6,29.8,0.7000000000000001,0.9668063164679342,23.157894736842103,0.0,3.2,3.6900000000000004,3.22,190.7,9.4,28.6,2.48,16.1,0.0,0.2010034158838599,0.2683608172839605,48.99812147777082,52.9,19.0,131.0,19.81,50.98,5.3804746431472665,,0,2.931762794476036,0.3,66.0,-32.74111675126903,92.08,2.73,72.565,0.413,16.74,4,32.9,13.5,10.9,64.5,60.9,38.67,2.7,-1.24,51.2,16.62,16.62,3.223,258.297,56.0,0.0,22.8,0.171,144.0,10.1,11.19
12,241200765,CC de Lévézou Pareloup,100.0,100.0,36.0,0.0,0.7520581073694323,362.9504147812971,1.0,35.75,17.5,35.7,2.9499999999999997,-1.33,8.7,35.6,42.6,52.36,69.71,14.6,68.1,0.7,35.9,0.5,0.5626406601650412,15.433403805496829,0.0,3.1,15.740000000000002,5.63,275.9,4.6,34.9,2.48,14.2,0.0,41.98830112933639,0.2190572104705978,59.66064586754242,44.3,21.3,132.0,20.66,50.98,5.423761423761425,7.5,1,5.126636737747849,-2.5,73.0,-20.46855733662145,98.13,23.16,73.153,0.171,18.33,4,35.7,16.2,9.8,79.1,63.5,59.26,2.9,-9.32,82.9,27.6,30.5,9.377,49.261,56.0,0.0,24.7,0.055,172.0,10.1,13.23
12,241200807,CC Aveyron Bas Ségala Viaur,93.86792452830188,97.70114942528735,50.0,2.5942970582927267,1.2389719359772735,0.0,1.0,40.0,20.9,19.4,3.54,0.0,11.9,32.4,38.4,42.54,42.57,16.400000000000002,77.2,0.1,30.15,0.8,0.8971828458639871,19.555975436939068,0.0,1.3,2.73,3.59,255.0,10.7,76.5,2.48,25.5,0.0,8.141035401598783,0.1769525510563014,55.27462946817786,55.3,23.200000000000003,142.0,14.01,50.98,6.163230504910634,1.79,0,2.490217196194579,-3.5,66.0,-49.647887323943664,92.39,17.27,66.287,0.241,17.64,4,35.4,19.4,11.4,63.0,84.6,48.27,2.9,-1.3299999999999998,83.3,22.0,23.57,1.794,233.653,54.0,0.0,22.8,0.093,203.0,10.1,16.34
12,241200906,CC Larzac et Vallées,94.69026548672566,98.3132530120482,29.0,8.563439356868228,1.4904483024490007,156.9245763982606,1.0,29.33333333333333,18.3,40.3,4.8,2.44,7.8,34.599999999999994,39.3,41.32,69.41,18.9,58.0,-20.1,41.3,1.0,1.6344725111441305,22.27835311947461,0.0,2.2,32.0,2.97,233.0,12.2,4.5,2.48,68.2,0.0,100.03434309469952,0.0872295562526019,54.00263427484268,69.2,20.5,94.0,27.589999999999996,50.98,5.903767066951801,1.49,0,8.056259253166639,-7.2,54.0,-11.036789297658862,90.26,24.82,47.276,0.106,24.81,4,38.0,17.3,9.9,73.6,60.5,73.55,2.8,-5.680000000000001,102.4,25.63,29.31,2.972,4861.701,54.0,0.0,12.7,0.122,154.0,10.1,16.81
12,241200914,CC de la Muse et des Raspes du Tarn,99.24242424242424,98.8826815642458,38.0,0.4157263332937403,1.2236710436511975,344.838668138337,1.0,35.333333333333336,18.5,36.9,1.55,5.41,8.0,34.300000000000004,32.0,60.17,75.1,16.7,72.9,0.4,35.9,1.0,0.7389617587289857,19.872328615043017,0.0,1.6,54.31,1.85,144.3,12.0,15.5,2.48,47.9,0.0,99.97981142289994,0.1551846885018143,47.02251270878722,48.6,21.2,135.0,12.21,50.98,5.595929408733737,1.85,0,7.105139765554553,-2.9,91.0,5.639913232104121,91.29,12.76,46.899,0.215,23.29,4,35.5,18.4,13.7,68.9,32.4,64.84,2.9,-1.5699999999999998,67.4,22.62,23.15,1.847,10.893,56.0,0.0,18.6,0.126,175.0,10.1,15.56
13,200035087,CA Terre de Provence,98.94179894179894,100.0,20.0,0.0403095775556272,8.040818641226954,79.78847999470497,3.0,22.0,13.0,3.5,9.520000000000001,19.66,7.9,28.1,30.6,1.95,0.73,14.9,86.5,0.3,40.833333333333336,2.2,1.6379880873593646,39.28356194103608,3.1174112888398606,3.3,0.01,2.98,254.4,29.3,61.8,4.28,16.1,1.0,18.010694980694982,1.4692450378000992,44.13009506446152,51.0,26.700000000000003,107.0,7.22,32.55,5.229858553010246,2.15,0,3.286630405586892,-4.9,33.0,-10.654827968923415,9.88,43.63,34.321,21.319,14.92,6,33.5,14.9,16.1,52.3,53.0,27.6,3.2,-7.5600000000000005,72.5,4.54,11.92,0.0,703.705,53.0,0.0,26.5,0.516,100.0,8.9,13.41
13,200054807,Métropole d'Aix-Marseille-Provence,99.86499985164818,99.75126553907045,43.0,1.9989277448793583,8.69194984694507,66.15325763311151,7.0,21.17391304347826,10.3,4.4,17.93,4.73,7.1,27.200000000000003,39.7,1.93,1.01,12.3,68.6,-0.9,40.3,2.5,2.578244546781329,43.69746398268838,1.554533925174382,3.9,0.21,3.53,351.3,23.2,85.8,4.28,48.0,75.0,44.92640954824063,2.0832610645453125,47.41244750964948,67.0,13.3,99.0,10.18,32.55,5.659930908724114,1.26,61,4.582665449991584,-7.2,4.0,-22.4765478424015,3.05,32.43,18.209,6.853,20.46,9,40.0,18.4,16.5,39.4,50.8,28.74,3.8,-6.54,105.1,2.08,11.98,0.036,1590.898,,62.0,13.1,0.585,90.0,8.9,14.65
13,241300375,CC Vallée des Baux-Alpilles (CC VBA),100.0,100.0,20.0,0.616370808678501,,103.33656899538106,2.0,25.2,16.6,21.5,4.3999999999999995,-0.53,7.3,25.1,27.200000000000003,2.21,4.88,13.8,79.9,-0.6,41.96666666666667,3.0,3.4288601746914025,43.207587842207374,2.53437917222964,3.2,0.0,3.25,187.3,20.2,52.3,4.28,39.6,0.0,99.93871249454185,0.7880672139739909,65.86169045005488,68.7,8.6,131.0,8.58,32.55,5.681233609943599,1.08,0,4.7269102273951935,-0.5,15.0,-27.692307692307693,32.12,34.21,37.954,8.593,24.3,7,33.6,13.2,13.8,51.2,59.4,37.75,3.7,-7.180000000000001,94.2,5.6,17.8,0.0,218.831,50.0,0.0,26.8,0.249,161.0,8.9,13.2
13,241300417,CA d'Arles-Crau-Camargue-Montagnette,96.91119691119692,99.75369458128078,15.0,1.275988891390828,5.151173024329902,105.74276330772274,5.0,21.5,13.3,9.4,20.669999999999998,1.67,9.7,29.3,41.0,5.93,7.36,16.3,78.1,1.2,46.5,2.0,3.731695795937648,33.5327572198833,4.531586953603866,3.4,3.1300000000000003,3.78,255.6,24.4,51.2,4.28,12.6,2.0,91.895663815648,0.2794448258224128,50.16247190226063,65.9,16.1,113.0,11.21,32.55,7.139627427942989,2.01,3,6.980622564372295,3.1,12.0,-23.55889724310777,58.15,32.47,48.1,2.52,17.35,8,38.4,22.8,19.4,49.2,42.0,34.72,3.4,-9.01,107.1,7.67,18.5,0.0,1096.773,50.0,7.0,20.5,0.053,100.0,8.9,17.28
14,200065563,CC Normandie-Cabourg-Pays d'Auge,87.27606798346348,98.9202657807309,8.0,1.4566735454028532,2.066210246835097,79.61005828582348,2.0,28.6,17.5,54.2,14.27,-0.14,3.2,21.8,43.5,6.75,2.68,15.3,83.3,0.8,32.8,1.6,1.583982766267503,39.55636034404708,3.240942562592047,3.3,0.05,2.85,110.9,17.9,37.4,4.14,4.6,2.0,2.273512818681711,1.4936630614438582,48.43331464523765,74.2,17.5,133.0,10.01,50.3,5.4019985172439045,3.48,0,4.897200153767299,-6.0,25.0,-27.014218009478675,80.65,16.67,48.509,1.073,19.15,6,35.2,10.8,15.2,48.0,71.2,24.81,2.9,-2.74,73.0,9.42,23.16,0.95,620.445,59.0,0.0,24.7,0.713,143.0,14.3,13.74
14,200065589,CC Val ès Dunes,82.80496209510683,100.0,11.0,4.989593652582501,2.330845657277388,84.440780718616,1.0,33.0,10.7,1.3,15.27,2.45,4.5,25.8,43.2,3.78,1.59,13.1,89.6,1.6,32.0,1.2,1.7991733527838565,30.53768212410324,0.8918290200639722,3.3,0.0,1.95,84.0,21.7,28.4,4.14,5.3,0.0,0.9225056893041084,1.1415776513040634,31.972690994759365,61.4,34.5,108.0,6.61,50.3,4.380426397363069,0.97,0,5.77210494736268,-8.6,48.0,-44.95412844036697,64.31,6.15,70.565,2.827,9.04,7,23.0,8.5,13.9,42.4,75.3,16.78,2.4,-3.6999999999999997,49.7,8.32,19.95,0.973,316.361,64.0,2.0,23.6,0.778,64.0,14.3,12.52
14,200065597,CU Caen la Mer,58.15602836879432,100.0,13.0,0.0,25.07391352218614,51.746647978593664,3.0,35.0,14.7,4.2,26.029999999999998,6.14,6.6,23.4,55.1,0.66,0.11,16.0,72.5,-2.6,32.0,1.9,2.7664762234533704,43.62110733158443,5.32957099499631,5.1,0.0,2.92,121.6,23.7,71.8,4.14,1.7,4.0,1.0405249890398949,3.285815647679244,39.32410911580165,67.5,13.3,96.0,13.43,50.3,4.799391893438188,1.26,17,3.270127896103509,-10.3,5.0,3.491271820448877,18.82,1.24,60.041,5.244,8.64,7,46.5,14.6,12.2,39.5,79.5,27.65,3.3,-1.9900000000000002,135.0,5.38,9.65,1.19,921.582,,5.0,23.3,1.217,87.0,14.3,20.01
14,200066710,CC Cingal-Suisse Normande,86.89943074003796,99.83441424037532,13.0,5.778333996606833,2.0540652575258025,133.582567041615,1.0,33.8,15.3,4.9,6.5600000000000005,0.66,7.7,32.300000000000004,35.0,21.76,15.31,14.499999999999998,88.5,1.2,32.0,1.1,2.254743469752404,25.899280575539567,3.88937165775401,2.9,1.82,2.98,72.9,13.1,18.0,4.14,17.6,0.0,5.017050869285254,0.8305377382914515,33.582089552238806,64.2,19.6,102.0,17.45,50.3,4.603992803225654,1.28,1,7.290613718411552,-0.9,64.0,-19.879518072289155,85.07,10.75,64.364,1.742,11.6,7,26.6,8.7,11.6,48.8,63.4,23.31,2.4,-5.16,41.6,15.71,21.61,3.829,516.938,60.0,1.0,23.3,0.79,67.0,14.3,13.88
14,200066728,CC Vallées de l'Orne et de l'Odon,92.15686274509804,100.0,13.0,0.0221852878263779,24.99986787602315,10.674515500172012,1.0,34.5,8.4,1.1,6.63,10.2,3.4,23.3,44.4,2.2,2.19,8.6,91.2,-0.3,32.0,1.7000000000000002,2.042669087607808,35.93508942346152,2.831710904124938,3.6,0.01,1.89,80.6,19.0,31.7,4.14,4.3,0.0,0.0004582601390055,1.4892221040874538,26.761454572523917,75.9,11.7,101.0,21.029999999999998,50.3,3.201056377651496,3.78,0,3.972587632926349,7.6,47.0,18.367346938775512,60.22,10.95,90.408,1.585,8.43,5,20.6,5.0,10.0,43.6,73.4,16.04,2.3,-2.6,28.8,5.59,14.95,0.378,565.005,64.0,0.0,27.2,1.14,61.0,14.3,10.82
14,200066801,CC Isigny-Omaha Intercom,90.78794901506372,100.0,12.0,4.87863694964616,1.2982014207058956,93.58317558870296,1.0,36.75,21.2,19.8,9.44,-2.76,6.4,34.599999999999994,35.7,26.57,23.0,17.5,84.4,0.8,34.85,1.2,1.021953065859197,24.90786414923173,3.613850616388688,2.6,0.48,2.27,98.0,12.5,23.3,4.14,5.2,1.0,37.943651720577535,0.5312739391905378,33.417683834474545,51.5,29.9,121.0,25.8,50.3,5.727694973168096,4.92,0,8.27802354352553,0.1,62.0,-26.4026402640264,85.71,8.71,76.9,0.964,13.85,6,32.0,12.2,12.8,53.2,57.8,21.27,2.6,-5.050000000000001,60.7,24.29,19.24,2.65,307.011,58.0,0.0,16.8,0.714,114.0,14.3,16.27
14,200066827,CC du Pays de Honfleur-Beuzeville,83.50553505535055,100.0,1.0,5.345334255518244,2.614179011292876,101.22897920047204,3.0,29.25,17.299999999999997,22.1,12.389999999999999,-4.31,8.6,25.8,33.7,9.84,4.29,17.0,85.6,2.1,33.6,1.6,2.103088219016345,37.67527264633875,1.8468587250313135,3.0,0.05,2.21,96.8,19.0,29.6,4.14,11.8,0.0,28.056570178562342,3.703986099514572,52.6525150978194,64.4,19.4,111.0,4.63,50.3,5.21516685345595,1.84,0,5.366229195688834,-8.2,40.0,-25.339366515837103,83.76,2.49,50.687,1.779,18.24,6,34.7,11.5,14.5,43.6,78.7,20.51,3.0,-6.0,91.3,8.13,11.87,1.107,607.529,63.0,0.0,21.6,0.742,99.0,14.3,14.57
14,200068799,CC Intercom de la Vire au Noireau,100.0,99.45945945945948,19.0,1.282168696767103,0.786610590402948,86.30755920839191,1.0,36.0,22.5,5.8,13.020000000000001,-7.84,11.6,32.2,40.6,23.8,9.85,19.5,85.1,3.0,32.65,1.0,1.082555697490636,25.430292598967306,3.013975803087192,2.8,0.8999999999999999,3.03,101.0,13.9,42.1,4.14,6.5,2.0,11.044553215993592,1.5173674996713211,32.83707276158524,52.2,26.3,124.0,10.870000000000001,50.3,5.915180477450993,3.03,2,6.645568269148663,-3.0,48.0,-18.64841745081266,84.5,5.81,71.219,0.467,10.14,6,36.7,14.3,14.2,43.3,53.4,20.55,2.6,-4.77,104.6,10.18,15.12,4.547,887.188,55.0,0.0,18.7,0.527,119.0,14.3,17.43
14,200069516,CC Seulles Terre et Mer,58.15602836879432,100.0,13.0,0.0,11.053903698140848,304.4889181604719,1.0,35.5,12.1,16.5,4.44,-2.8,4.3,28.8,35.9,11.04,6.78,12.0,87.5,-0.6,32.0,1.5,1.991238550378335,33.694225721784775,1.4651983136883764,3.3,0.0,1.71,101.3,12.8,29.2,4.14,2.0,0.0,2.7524234888088106,0.7583337540631384,31.86960905119301,61.4,17.0,110.0,8.97,50.3,3.473645708283314,1.71,0,4.754201680672269,6.3,59.0,-4.736842105263158,86.99,7.14,84.804,1.088,9.28,5,24.6,6.0,12.2,54.9,69.1,21.96,2.4,-1.8399999999999999,38.0,10.96,15.64,0.569,343.34,60.0,0.0,28.9,1.127,86.0,14.3,11.12
14,200069524,CC Pré-Bocage Intercom,94.9133383571967,99.84480082772892,14.0,0.6297272322803654,0.4597176260258543,46.44051939672554,1.0,38.25,15.7,3.2,11.53,1.04,6.8,30.8,38.8,21.57,10.93,16.1,88.1,1.4,32.0,1.2,1.2808197246237591,24.449529935675407,0.255692422545726,3.1,0.44,2.8,82.7,13.3,23.6,4.14,7.2,1.0,8.239650076841235,1.2033512434226334,32.23769877283668,61.4,25.5,108.0,12.18,50.3,4.518254770083422,6.0,0,6.33412810668822,-3.1,66.0,-18.50393700787401,86.2,10.15,69.127,0.217,10.0,6,28.9,10.6,12.3,48.2,62.4,16.61,2.5,-4.32,59.9,7.88,27.12,3.202,834.155,60.0,0.0,19.1,0.693,79.0,14.3,13.32
14,200069532,CA Lisieux Normandie,90.38095962284235,99.37367052706216,2.0,6.17611391916561,1.6572751114990316,114.02777014777784,2.0,33.25,20.7,7.8,19.06,-5.79,8.6,30.2,40.900000000000006,14.28,8.67,17.2,80.5,0.4,33.85,1.7999999999999998,4.980531898793391,32.703020280268085,2.114641744548287,2.3,0.22,3.3,104.1,20.5,42.8,4.14,9.6,0.0,0.6347663551401869,0.8419758412069258,37.568452700526144,61.7,18.7,120.0,14.149999999999999,50.3,6.231321282276848,1.65,3,6.25068496866777,3.3,42.0,-6.906906906906906,87.62,14.59,63.094,1.231,16.82,6,37.7,14.8,16.4,45.3,60.1,21.88,2.8,-5.04,95.3,9.85,12.49,1.238,465.21,59.0,2.0,20.5,0.744,110.0,14.3,16.84
14,241400415,CC Coeur Côte Fleurie,92.78544542032624,99.9260901699926,0.0,0.6524421105909148,3.023402283901023,37.294978673904616,3.0,26.0,26.1,69.1,20.34,2.51,2.7,31.0,48.2,3.94,0.61,18.1,70.7,-1.2,32.8,2.2,2.997051288248658,51.50396132670875,1.0208872010342598,3.4,0.0,5.32,112.9,13.8,56.1,4.14,26.8,0.0,1.2667001927751236,2.773370563813709,81.81126331811264,82.0,9.1,160.0,6.68,50.3,6.420389063925048,1.45,1,5.644031727606888,-12.1,16.0,-25.0,39.19,10.54,28.883,0.687,22.26,5,50.2,14.1,14.4,46.1,86.7,32.19,3.7,-5.55,156.7,5.5,11.25,0.0,1402.207,58.0,0.0,23.9,1.0,263.0,14.3,14.83
14,241400514,CC du Pays de Falaise,85.46439628482972,100.0,5.0,5.908649594126066,2.208474037640491,6.5729083084105335,2.0,35.0,19.1,4.1,10.47,-0.08,10.2,29.8,41.0,20.96,9.27,17.1,87.1,2.5,32.0,1.1,1.2785855191057207,25.95454289098189,1.5015135789655767,3.8,1.09,2.56,80.6,13.8,32.7,4.14,10.3,0.0,1.304957181505665,0.4781481940576852,35.76921701183961,71.2,13.5,113.0,15.8,50.3,5.646764975965609,3.65,2,6.368370021905411,-2.3,55.0,-35.412474849094565,86.84,4.33,75.666,2.341,9.58,5,33.0,12.1,17.1,49.8,74.7,23.53,2.6,-4.8500000000000005,67.5,10.64,11.03,2.922,799.8,57.0,0.0,22.2,0.672,89.0,14.3,15.26
14,241400555,CC de Bayeux Intercom,68.1203007518797,100.0,11.0,1.071972360865498,2.0863323977575585,38.132424212039176,1.0,38.0,17.7,10.1,19.77,0.69,7.4,27.500000000000004,45.3,8.66,2.58,14.7,76.9,0.0,32.0,1.6,2.738902434951067,37.129944650383386,3.3880102040816324,3.6,0.0,3.01,123.0,13.2,42.0,4.14,0.9,0.0,0.3399730417852328,1.4720939916615277,46.56558394876152,71.0,15.3,128.0,15.049999999999999,50.3,5.693287579511216,1.0,2,5.896317375292936,-2.7,34.0,-21.97452229299363,74.79,5.1,72.022,1.806,9.63,5,38.2,10.8,15.1,45.7,79.2,23.98,2.8,-2.1399999999999997,115.1,22.14,7.03,3.34,600.614,60.0,0.0,21.7,1.204,129.0,14.3,14.72
14,241400860,CC Coeur de Nacre,57.934508816120896,100.0,13.0,0.2267126137563879,22.92470307753844,55.08504864097532,1.0,43.0,15.6,32.4,10.15,8.65,4.2,22.9,50.2,0.55,1.18,14.099999999999998,83.2,-2.7,32.0,2.0,1.779727660278962,43.82394699479413,4.849086202839439,3.6,0.0,3.31,111.8,11.4,37.8,4.14,1.3,0.0,1.566557911908646,2.6287113078627264,38.68008766945369,78.3,13.4,144.0,14.04,50.3,4.541074959284122,1.24,0,5.529047999663455,-12.2,16.0,-5.952380952380952,29.83,,67.772,3.139,7.4,5,37.6,7.8,11.6,41.1,75.6,25.21,2.9,-1.31,59.1,3.58,16.0,0.0,920.529,58.0,0.0,31.1,1.644,165.0,14.3,12.99
14,241400878,CC Terre d'Auge,82.67090620031796,98.5233798195242,0.0,1.4587892049598834,1.4703943570096158,299.21176350350044,1.0,29.666666666666668,15.9,23.0,8.18,1.0,5.9,29.7,33.9,22.61,9.33,15.9,86.2,1.2,33.76666666666667,1.7000000000000002,0.9595474976011312,36.701793565496544,2.661671763506626,2.7,0.22,1.52,95.9,20.9,51.3,4.14,5.2,0.0,1.0327903986283753,2.1722995111067003,45.27296937416778,66.2,14.9,114.0,6.74,50.3,4.932383543622556,2.02,0,5.62039556299707,-3.5,60.0,-21.686746987951807,85.95,5.54,53.051,0.899,21.39,6,30.9,10.1,10.9,50.6,66.8,23.18,3.0,-4.87,68.9,13.93,16.43,4.545,376.288,61.0,1.0,24.8,0.745,118.0,14.3,13.86
15,200066637,CC Hautes Terres,98.14707585408222,96.88264058679708,45.0,1.3292886601451992,1.1737873044478406,239.6788061822704,1.0,37.6,24.5,33.3,4.89,-11.76,14.7,35.099999999999994,39.4,40.25,48.28,20.200000000000003,73.0,0.6,39.0,0.7000000000000001,2.068717395214967,20.490146538655893,0.2757441673370877,2.2,14.56,5.4,118.6,15.7,31.6,4.4,50.1,0.0,75.29545982414423,0.1073317722872315,55.88106689986883,62.0,21.1,143.0,9.8,46.3,5.333605442176871,6.3,0,5.170822510822511,1.2,53.0,-23.61376673040153,90.36,5.77,49.313,0.059,14.5,7,41.8,18.5,7.8,77.7,76.1,47.04,3.0,-4.5,94.2,20.26,29.69,0.0,174.027,53.0,1.0,20.1,0.233,217.0,17.3,18.19
15,200066660,CC de Saint-Flour,99.74619289340102,96.49122807017544,42.0,8.389261744966444,1.7575268013634255,164.90234308192234,1.0,37.75,21.4,22.3,5.96,-2.28,12.5,32.300000000000004,37.4,38.01,37.6,18.4,79.5,2.8,33.05,0.6,1.977303988995873,22.148962148962152,0.4648805213613323,3.4,19.3,4.3,123.5,19.3,40.3,4.4,37.1,1.0,65.39420327622027,0.1669743477162232,52.95576684580405,63.5,13.3,123.0,13.639999999999999,46.3,5.043611348122868,3.44,1,5.13216723549488,-2.5,61.0,-20.609137055837564,89.92,7.19,65.664,0.033,18.95,8,37.7,14.6,10.8,71.6,62.2,35.72,2.8,-3.2199999999999998,100.4,21.81,23.0,3.009,57.462,54.0,0.0,23.9,0.217,144.0,17.3,15.39
15,200066678,CC de la Châtaigneraie Cantalienne,98.65319865319864,99.0498812351544,37.0,3.007518796992481,0.5171428941485807,97.71784035329313,1.0,34.0,20.8,21.8,3.84,15.48,9.9,34.5,40.6,38.06,49.97,17.1,81.0,1.3,27.1,0.8,1.7062420019906157,25.85538163180496,2.19757688723206,2.7,6.9,3.32,147.7,13.9,23.4,4.4,39.6,0.0,42.41323545850877,0.2649485084442681,45.88971738930314,56.9,17.0,130.0,21.68,46.3,4.981138019096135,1.9,0,4.33012593745578,-0.1,66.0,-22.10718635809988,90.37,6.78,56.043,0.177,15.85,7,35.2,15.1,12.5,69.7,64.9,42.99,2.7,-3.6900000000000004,66.8,26.12,26.4,0.948,652.214,56.0,0.0,22.9,0.223,161.0,17.3,13.22
15,241500230,CA du Bassin d'Aurillac,98.9655172413793,99.65397923875432,40.0,2.331990672037312,2.582986832445604,74.50226244343891,1.0,31.0,15.5,6.6,14.99,0.56,10.3,24.9,58.1,9.81,7.88,14.6,79.0,-0.4,27.1,1.5,7.192121860362189,40.35078058316584,1.893510866238139,4.0,2.27,3.69,144.0,20.8,59.8,4.4,27.5,1.0,89.67371356966734,0.8784865488495741,42.38657551274083,73.2,14.000000000000002,114.0,17.76,46.3,4.579103436246293,4.24,8,5.560552268244576,-6.8,31.0,-5.891472868217054,80.93,10.16,68.373,0.09,16.87,7,42.7,11.6,12.5,52.1,72.5,49.02,2.8,-1.96,116.8,12.92,12.96,0.922,242.031,59.0,0.0,29.4,0.312,129.0,17.3,14.14
15,241500255,CC du Pays Gentiane,97.97979797979798,89.88095238095238,42.0,3.639749449805316,2.170455159712702,294.1028606208156,1.0,37.0,27.200000000000003,32.2,5.970000000000001,1.03,14.0,38.6,43.1,35.66,38.63,21.0,76.2,4.2,44.7,0.4,1.0777521170130868,20.88362559781371,0.0,2.5,23.580000000000002,4.62,94.9,0.0,15.8,4.4,44.0,0.0,100.02370877682776,0.1106786140839761,66.77671068427371,54.4,22.9,148.0,19.439999999999998,46.3,5.715178439368649,4.62,0,5.029285608637776,-3.3,50.0,-26.02739726027397,77.53,4.73,58.086,0.009,15.36,7,42.1,17.0,12.8,74.1,34.5,48.19,2.8,-4.65,99.4,12.65,43.41,0.0,12.005,50.0,0.0,19.8,0.197,262.0,17.3,17.09
15,241500271,CC du Pays de Mauriac,97.97297297297295,99.15966386554622,42.0,12.96488368647207,1.0254342299683614,1.9522437841115827,0.0,35.0,24.6,18.3,8.7,0.72,14.7,41.2,38.5,26.83,23.88,19.6,80.9,1.4,44.7,0.4,1.984126984126984,26.433915211970078,3.990766389658357,3.8,2.5100000000000002,6.11,117.7,0.0,53.7,4.4,26.9,0.0,99.80784554091328,0.2417446054276741,54.35101084090243,70.1,6.2,134.0,23.32,46.3,5.537994489063569,4.58,1,5.24372009569378,-4.2,47.0,3.4013605442176877,88.96,6.87,62.41,0.07,16.52,6,40.7,15.2,14.1,69.2,61.9,39.99,2.7,-4.3999999999999995,113.8,9.82,9.91,1.526,89.364,50.0,0.0,24.0,0.272,186.0,17.3,16.2
15,241501055,CC Sumène - Artense,95.69120287253142,93.02325581395348,42.0,3.806981113418373,1.6007262697247444,59.47240457087284,2.0,35.5,24.2,25.7,5.41,3.77,11.5,34.5,43.7,25.16,35.34,20.200000000000003,86.3,1.8,44.7,0.6,2.31679063528838,24.748176450156304,4.259544008483563,3.0,2.34,7.32,180.4,0.0,45.7,4.4,39.8,0.0,100.04417450604318,0.2361283409453916,44.95324862143371,57.3,18.2,141.0,16.02,46.3,6.142554840247974,2.44,0,5.093586075345732,-8.7,39.0,-10.571428571428571,81.05,8.9,43.391,0.053,18.11,7,38.8,14.9,13.8,71.9,79.8,34.75,2.7,-5.56,70.3,21.63,28.81,2.439,56.341,55.0,0.0,18.6,0.279,214.0,17.3,15.27
15,241501089,CC Cère et Goul en Carladès,100.0,97.91666666666666,40.0,0.0,2.812014205986809,142.57059650532236,2.0,36.0,20.7,30.9,6.260000000000001,6.57,10.3,28.6,43.6,26.62,45.94,17.8,79.5,3.9,27.1,1.0,1.8010806483890336,28.51985559566787,1.0032266070985356,4.6,10.17,6.0,131.3,10.5,26.7,4.4,45.1,0.0,77.05758432895682,0.172786829804143,51.65329681080024,69.8,5.2,130.0,28.57,46.3,5.117555885434859,4.0,0,3.411369193154034,-4.7,44.0,-33.23262839879154,89.2,10.44,57.616,0.055,15.5,7,37.8,12.8,8.6,69.9,58.7,50.43,2.7,-1.4500000000000002,67.9,24.64,26.0,0.0,31.305,58.0,0.0,24.7,0.237,168.0,17.3,16.08
15,241501139,CC du Pays de Salers,96.83544303797468,95.5813953488372,41.0,12.062053337981522,1.3067772810279494,247.30812224997027,1.0,33.5,24.8,37.3,2.98,-8.96,9.7,35.4,38.1,41.86,58.72,18.3,76.6,-1.1,35.900000000000006,0.5,1.188212927756654,23.99856938483548,0.0615171937100397,3.9,18.94,5.94,165.9,1.1,7.8,4.4,43.6,0.0,100.05358530444784,0.1581558953047676,57.55144750610394,55.4,7.3,150.0,21.23,46.3,5.553592417220768,4.75,0,5.053479078514339,2.2,77.0,-0.2801120448179272,89.36,3.79,54.723,0.061,16.3,7,38.8,18.5,9.0,74.7,59.4,51.09,2.9,-0.63,74.3,20.67,20.89,3.565,55.807,52.0,0.0,17.6,0.209,237.0,17.3,16.23
16,200029734,CC des 4B Sud Charente,84.20279925614173,100.0,39.0,0.0157516490007547,1.4833271641863974,29.56551030668678,1.0,39.0,21.3,6.3,5.35,4.28,12.6,31.3,35.099999999999994,30.78,20.32,18.4,84.2,-1.0,31.566666666666663,1.1,2.0060180541624875,23.914188934888973,4.483704292527822,2.2,1.05,3.01,75.7,9.2,44.5,2.82,22.4,1.0,27.96810050091437,0.7902417207846065,41.031652989449,54.1,15.0,126.0,10.56,71.17,6.497689371107092,5.52,0,7.48437813944143,-4.2,69.0,-34.5005149330587,100.01,4.86,58.868,6.693,11.79,5,34.9,15.6,18.4,51.0,59.5,27.93,3.0,-5.36,95.2,12.8,13.95,1.505,384.428,55.0,1.0,22.3,0.35,137.0,18.1,19.92
16,200043016,CC Val de Charente,87.83804666975738,100.0,28.0,7.158559473124242,1.2383647720278383,59.27103825136612,3.0,42.66666666666666,23.9,14.5,3.8699999999999997,57.41,12.5,32.5,39.6,27.48,18.02,19.5,81.3,0.0,29.9,0.7000000000000001,0.5081300813008129,21.553294054633103,0.0850768697260432,2.7,2.4899999999999998,4.36,107.7,17.1,31.3,2.82,14.2,0.0,16.33599242513907,0.4628514952831854,43.47826086956522,63.7,10.0,143.0,16.580000000000002,71.17,7.456925030454441,2.9,2,6.63701401936696,-1.2,64.0,-13.846153846153848,99.99,6.95,69.813,1.984,8.03,5,37.3,19.5,21.9,56.8,58.5,29.69,3.0,-4.34,107.1,10.03,10.03,0.0,103.217,56.0,0.0,15.6,0.39,187.0,18.1,19.68
16,200068914,CC La Rochefoucauld Porte du Périgord,95.65217391304348,100.0,64.0,1.6006862429226068,0.8646526081631716,28.75772746061636,1.0,35.5,20.200000000000003,8.3,4.01,-3.56,10.1,27.3,36.3,22.68,19.19,18.2,89.6,1.0,29.9,1.0,2.513481400237638,24.51242580392668,1.8670212765957448,2.7,0.5499999999999999,2.74,68.7,13.9,34.5,2.82,35.9,1.0,11.911958117857372,0.7421899348551777,33.960738511297784,64.3,9.7,127.0,7.090000000000001,71.17,6.207581085336412,5.48,1,6.238749081557678,-4.3,67.0,-25.0,96.6,3.61,46.333,1.376,12.9,5,34.1,13.0,14.7,46.8,63.6,25.0,2.6,-4.71,61.8,12.3,28.78,0.914,168.007,55.0,0.0,21.6,0.568,151.0,18.1,14.55
16,200070282,CC Lavalette Tude Dronne,84.2911877394636,100.0,55.0,0.0,1.482985091876608,151.31205471644344,1.0,36.42857142857143,22.8,17.3,2.25,1.67,12.3,33.1,34.599999999999994,39.2,40.02,18.4,82.6,1.4,31.566666666666663,1.0,2.345940378783544,22.67384105960265,0.0,2.3,0.7000000000000001,2.86,76.9,3.5,30.6,2.82,27.2,0.0,84.87440373155036,0.4224801030725879,44.13250982594048,66.2,8.799999999999999,141.0,30.19,71.17,7.335993099851566,8.58,1,7.498848638023027,-2.7,74.0,-7.606679035250464,99.99,11.16,60.994,1.98,11.35,5,35.8,17.7,18.9,55.3,52.7,29.81,3.0,-5.99,83.7,22.0,30.51,2.289,60.64,55.0,1.0,17.3,0.655,181.0,18.1,16.56
16,200070514,CA du Grand Cognac,92.51968503937007,100.0,42.0,5.032918004243974,3.0791121821880707,97.04397325637046,1.0,40.0,18.7,3.9,8.12,-0.34,9.6,30.7,48.9,11.9,6.14,16.400000000000002,84.1,-0.9,30.0,2.0,5.54550061536234,33.70919130819651,1.157908316848714,2.9,0.05,3.76,85.8,20.1,53.9,2.82,10.7,8.0,8.409036104670422,0.911165179430726,36.61832331093032,49.7,11.6,114.0,9.66,71.17,5.930336996870222,6.66,3,6.044777640294053,-4.3,46.0,-24.009508716323296,51.51,2.75,65.476,10.64,9.08,5,38.1,11.0,15.3,45.4,69.4,25.82,3.0,-6.72,112.5,9.48,13.72,0.869,540.219,58.0,22.0,20.5,0.594,130.0,18.1,18.18
16,200071827,CA du Grand Angoulême,99.6905193236715,100.0,45.0,1.997891864102856,1.1404328376348187,65.7317548962302,2.0,33.5,15.6,2.1,16.520000000000003,4.64,7.8,24.8,52.8,4.86,2.63,15.3,81.4,-1.5,29.9,1.7000000000000002,5.861376686461974,35.18290176736539,1.3435897435897437,3.1,0.01,3.23,97.8,22.2,50.1,2.82,26.7,5.0,13.014983248542004,1.3842819355709366,35.11612021857923,68.0,12.3,108.0,13.74,71.17,5.892756618011632,1.75,9,4.663449871610373,-4.3,25.0,-11.594202898550725,49.3,5.32,40.053,3.583,13.12,5,42.2,15.7,17.3,36.5,67.1,28.12,3.1,-3.7699999999999996,116.1,10.45,11.37,0.421,615.164,,4.0,23.1,0.756,109.0,18.1,18.35
16,200072023,CC Coeur de Charente,89.81300906275095,100.0,39.0,6.16586303889279,1.1534656326879724,101.41675020504876,1.0,41.142857142857146,21.1,10.1,2.02,1.55,11.5,34.4,35.6,23.62,27.56,18.8,88.1,1.2,30.0,1.1,2.54476051985822,22.433211105290727,0.0107799852832965,2.9,10.73,3.18,72.4,18.4,16.3,2.82,15.4,1.0,15.057158473565654,0.5213180762428403,38.99472319112781,57.9,29.8,126.0,10.26,71.17,6.56356664997952,0.91,0,7.005324716697765,0.4,68.0,-4.80349344978166,98.84,6.53,72.618,2.361,9.08,5,34.8,14.4,17.4,54.0,63.3,27.04,2.8,-6.05,73.9,21.42,22.4,0.909,325.105,57.0,2.0,16.3,0.546,145.0,18.1,16.1
16,200072049,CC de Charente Limousine,95.65217391304348,100.0,35.0,6.6451849860470045,1.1285876674892723,115.26697539632934,1.0,38.0,23.3,12.6,4.760000000000001,-0.87,15.2,36.9,33.7,32.12,35.27,19.0,83.4,0.8,31.2,0.8,0.6536504959217893,20.96767483462994,0.4279053084648493,2.1,8.44,3.69,91.9,10.6,31.6,2.82,20.1,0.0,0.9904783089132214,0.5891891442397917,38.48812453341444,56.5,12.1,138.0,12.1,71.17,7.44278868677404,3.69,1,6.8529062535338685,-3.2,68.0,-22.084367245657567,98.03,8.63,58.14,0.623,13.25,7,36.4,19.8,18.6,57.4,54.0,32.0,2.9,-6.01,88.4,16.52,20.28,1.421,56.129,54.0,0.0,18.2,0.326,182.0,18.1,17.26
16,241600303,CC du Rouillacais,,,66.0,0.0,1.4716981803020297,90.4532615322089,1.0,37.0,18.9,6.6,1.09,0.0,10.5,31.1,34.099999999999994,32.84,28.47,18.0,88.0,1.2,30.0,1.0,3.465144720750102,22.541233964569333,0.1688086999505685,2.5,0.0,1.02,63.4,16.1,19.4,2.82,8.1,1.0,17.67939486256318,0.55320913597942,33.51058493026989,48.3,6.7,117.0,15.160000000000002,71.17,6.354864587344372,2.04,0,8.181092143356294,2.4,84.0,-17.07920792079208,96.04,2.64,82.628,6.22,9.65,4,31.7,12.6,14.8,46.0,58.0,27.21,2.8,-5.13,66.2,17.92,23.38,1.019,203.672,59.0,1.0,18.4,0.298,127.0,18.1,17.38
17,200036473,"CA ""Saintes - Grandes Rives - L'Agglo""",95.85605234460196,100.0,44.0,3.663360426281941,1.757197697845049,153.1919988126845,1.0,37.0,15.9,3.7,9.29,0.95,8.0,28.8,40.5,6.61,5.05,17.4,83.6,-0.8,33.650000000000006,1.7000000000000002,5.148514851485148,38.540851553509775,1.6393382352941177,4.2,0.04,3.47,156.8,26.9,55.5,2.85,18.6,1.0,9.05999076096086,0.9660344343179812,44.381701668675845,74.4,10.8,124.0,14.149999999999999,65.29,6.080524360240338,5.28,1,5.323905002594186,1.0,45.0,-21.899224806201552,62.55,3.26,60.244,5.636,11.74,5,40.4,12.9,17.7,46.3,76.7,31.14,2.9,-3.2800000000000002,114.7,11.33,11.56,0.825,605.292,60.0,1.0,22.4,1.214,143.0,19.7,16.48
17,200041499,CC Aunis Atlantique,95.85605234460196,100.0,66.0,3.663360426281941,1.757197697845049,0.0,1.0,31.33333333333333,13.1,4.4,1.97,1.98,7.1,25.8,19.0,8.77,15.59,14.7,89.5,1.6,35.9,1.4,0.5251614099039263,29.820039366388603,1.447293447293447,3.6,0.61,2.47,89.9,24.6,41.9,2.85,6.4,2.0,98.58771073948854,0.7275656625610981,38.12397147558968,68.9,14.9,99.0,13.11,65.29,4.635196814249748,7.41,1,3.934046641049424,1.7,52.0,-31.274900398406373,95.81,3.05,75.784,1.868,11.81,5,27.2,8.5,11.8,48.5,76.7,22.09,2.4,-3.16,40.6,7.85,23.5,2.162,6992.747,60.0,1.0,23.6,0.648,70.0,19.7,12.86
17,200041523,CC de la Haute Saintonge,95.85562224340204,100.0,40.0,3.663828956174485,1.757254902980339,81.11145510835914,1.0,37.8,21.9,9.8,2.3800000000000003,0.13,11.9,31.1,27.0,21.27,18.81,19.4,87.4,1.7,33.7,1.4,0.7263008047412916,25.931204662936885,1.4214466515080015,2.9,0.06,2.91,114.2,14.6,34.5,2.85,26.4,1.0,35.70200507543434,0.6362666261489364,44.40512421261236,62.4,13.2,130.0,9.790000000000001,65.29,6.714058067710694,10.6,3,5.576988602984374,-2.9,67.0,-25.835475578406168,98.79,3.19,50.995,6.588,12.26,6,35.1,16.2,18.1,52.8,59.5,35.62,3.0,-6.069999999999999,85.8,10.5,18.34,0.726,237.526,56.0,3.0,20.3,0.897,144.0,19.7,19.69
17,200041614,CC Aunis Sud,95.85605234460196,100.0,59.0,3.663360426281941,1.757197697845049,72.95926996197718,2.0,34.0,16.0,4.4,2.94,-2.82,7.6,32.2,26.6,12.97,6.52,16.6,86.3,0.1,35.849999999999994,1.2,0.7233055061631657,30.0480341576232,0.7385966663339655,3.3,0.01,2.71,110.7,20.4,25.5,2.85,2.6,1.0,8.075974653635484,0.6279272650126857,38.87854884930131,62.4,21.0,112.0,17.66,65.29,5.772351045187134,6.63,2,4.619883589936162,-1.3,56.0,-35.75757575757576,95.79,5.4,84.326,2.008,9.85,5,29.2,10.8,15.7,45.6,76.8,31.07,2.5,-4.35,63.2,7.58,24.33,1.206,2224.586,58.0,1.0,22.2,0.678,94.0,19.7,15.15
17,200041689,CC Vals de Saintonge Communauté,95.85605234460196,100.0,44.0,3.663360426281941,1.757197697845049,140.68220517737296,1.0,39.5,23.1,9.2,2.82,0.87,12.8,34.9,32.4,21.39,22.14,19.5,85.3,1.7,33.660000000000004,1.0,0.7438489414457371,24.605871539190016,0.3744538077403246,2.2,0.16999999999999998,3.62,111.0,11.2,25.6,2.85,11.9,0.0,13.514878047067585,0.3427130849706428,43.16212295905084,66.0,10.4,133.0,17.78,65.29,6.893098177993491,7.25,2,5.782517831122019,-1.5,68.0,-11.41235813366961,99.13,5.57,75.105,3.981,8.2,5,36.6,15.7,19.6,52.0,57.8,28.69,2.8,-4.96,80.4,16.82,17.79,1.335,316.51,56.0,0.0,17.8,0.769,155.0,19.7,19.19
17,200041762,CA Rochefort Océan,95.85583949888792,100.0,46.0,3.662368830249512,1.7575929588364163,212.14853673723536,2.0,33.666666666666664,16.3,13.7,10.979999999999999,3.86,7.6,28.8,41.0,4.16,5.14,16.5,78.0,-1.8,35.8,1.3,2.9558470349159425,36.38464770976327,3.968600131253471,3.9,0.06,3.23,145.0,22.4,66.0,2.85,4.4,0.0,38.58624410612494,0.90237719260528,42.06890310124291,73.6,20.0,121.0,12.389999999999999,65.29,6.239892044709808,6.47,3,4.898044736925365,-1.3,27.0,-27.631578947368425,94.52,2.25,56.047,1.776,15.9,5,40.6,13.3,14.4,43.5,85.5,35.25,2.8,-5.52,104.1,10.56,11.96,0.77,3145.589,,0.0,21.8,0.925,134.0,19.7,19.18
17,241700434,CA de La Rochelle,93.6206896551724,99.81203007518798,63.0,0.882205777789482,2.3921065351967608,4.875460814624868,2.0,29.5,12.4,10.9,20.32,10.05,5.9,23.1,44.6,0.99,0.19,15.7,69.6,-6.1,35.9,2.5,3.010101791148644,45.38853699984551,6.776605066635278,5.1,0.0,2.98,135.5,32.8,81.7,2.85,2.0,3.0,11.518498351332546,1.9292619326687543,45.74223711590952,69.3,14.6,112.0,11.37,65.29,5.201802231833608,6.79,9,3.4637545332301047,-2.2,11.0,-17.79497098646035,39.82,10.46,66.164,3.092,9.5,4,44.0,11.8,14.0,40.4,76.4,28.71,3.2,-2.81,118.9,5.79,11.11,0.442,5050.672,,8.0,24.3,1.081,123.0,19.7,17.35
17,241700459,CC de l'Ile de Ré,95.85605234460196,100.0,6.0,3.663360426281941,1.757197697845049,0.0,3.0,39.0,21.4,61.3,10.11,9.04,2.2,25.7,12.3,4.0,9.16,14.6,70.2,-3.4,35.9,2.7,3.744899670225253,45.06613115435219,8.17892156862745,4.3,7.3,5.03,108.8,11.7,60.4,2.85,17.4,0.0,32.14255293978469,1.082660377548426,87.18822107460718,77.2,6.800000000000001,161.0,7.02,65.29,5.8712513906629855,11.74,2,3.166137871358523,8.3,5.0,-15.450643776824036,11.46,18.73,16.73,13.291,13.86,5,34.0,9.1,16.8,53.9,96.7,40.91,3.7,2.18,110.3,10.8,27.3,0.559,1096.583,56.0,0.0,37.7,0.942,267.0,19.7,19.14
17,241700517,CC Coeur de Saintonge,95.85605234460196,100.0,46.0,3.663360426281941,1.757197697845049,180.7455446108296,2.0,31.666666666666668,15.0,6.7,0.38999999999999996,0.0,8.0,31.4,24.9,10.45,11.77,15.1,88.7,1.2,35.96666666666667,1.2,0.3940332113706726,28.31779489258209,0.9976452119309264,2.9,0.03,1.13,108.5,24.7,40.5,2.85,15.9,0.0,8.25176746400967,0.7370715526513808,38.75334315812456,66.6,13.8,114.0,26.91,65.29,5.018554889394252,2.25,0,4.46807525325615,-1.0,62.0,-31.784841075794624,100.0,4.76,76.405,2.586,8.79,4,28.3,11.3,13.8,51.7,75.5,25.89,2.6,-5.510000000000001,44.9,14.33,17.33,1.126,648.982,60.0,0.0,19.6,0.79,102.0,19.7,14.22
17,241700624,CC de l'Ile d'Oléron,95.85605234460196,100.0,6.0,3.663360426281941,1.757197697845049,12.03653111660301,2.0,26.666666666666668,22.8,62.0,6.36,15.69,2.5,28.2,12.8,6.65,6.35,18.3,80.5,-1.4,34.9,1.6,0.3996802557953637,37.87291628221689,8.015215239980208,3.1,0.0,4.44,147.5,30.6,33.6,2.85,24.7,0.0,44.23335072161363,0.9481455502107168,69.89951944080384,77.6,5.0,160.0,15.379999999999999,65.29,6.397869333798982,16.88,2,4.035356965005207,15.8,13.0,-24.714828897338403,27.1,24.76,15.175,8.64,18.97,5,39.6,13.0,25.1,50.3,77.0,47.38,3.1,-3.1300000000000003,106.8,9.5,43.63,0.888,245.085,50.0,0.0,23.7,0.756,258.0,19.7,19.82
17,241700632,CC de Gémozac et de la Saintonge Viticole,95.85605234460196,100.0,44.0,3.663360426281941,1.757197697845049,51.97669045191981,1.0,35.75,16.0,9.1,0.29,0.0,8.6,27.9,23.1,13.78,10.65,16.2,91.3,2.9,36.05,1.2,1.5534242874510331,28.316004275580603,0.0334591194968553,3.6,0.0,2.03,127.1,23.5,35.9,2.85,16.9,0.0,2.0413353931949207,0.8070868835798682,38.74172185430464,61.3,8.1,119.0,19.46,65.29,5.916222718253969,13.51,0,5.639305555555556,-1.7,65.0,-28.061224489795915,78.38,1.62,71.071,5.704,8.18,5,29.6,12.0,16.4,45.3,65.9,21.07,2.6,-5.27,50.4,8.25,19.5,0.0,104.636,57.0,0.0,18.0,0.712,122.0,19.7,17.33
17,241700640,CA Royan Atlantique,95.85605234460196,100.0,37.0,3.663360426281941,1.757197697845049,101.83368319827372,2.0,34.6,17.8,43.0,5.390000000000001,34.73,4.2,23.0,31.0,2.92,3.05,16.3,83.9,-1.8,36.05,1.7000000000000002,4.929193583929669,41.90311312660865,4.327320293666447,3.0,0.0,3.71,112.6,34.8,57.1,2.85,18.6,1.0,39.92028995827221,0.952023295927236,55.782421257379454,77.8,10.6,183.0,8.35,65.29,6.267931226411369,7.77,1,4.221130605226133,-2.3,17.0,-19.843049327354255,61.49,4.69,42.859,3.731,12.93,5,40.3,11.6,20.2,42.6,84.3,31.47,3.0,-4.7,100.7,8.21,12.97,0.812,287.443,55.0,0.0,22.0,0.862,306.0,19.7,16.44
17,241700699,CC du Bassin de Marennes,95.85605234460196,100.0,44.0,3.663360426281941,1.757197697845049,0.0,2.0,31.5,18.2,17.2,3.6999999999999997,1.12,7.7,32.5,25.8,6.29,6.05,19.4,84.7,-1.1,34.9,1.2,0.5153975003221235,30.5252822778596,3.648469578200821,3.3,0.06,3.22,120.3,30.5,39.5,2.85,4.7,0.0,69.29777044644283,0.5117890270993335,44.17239856124188,68.9,8.9,137.0,9.0,65.29,6.577860659682375,9.02,3,5.33577351645504,9.5,18.0,-37.1824480369515,93.32,0.32,35.854,1.001,19.99,5,35.5,12.8,20.7,51.8,71.0,29.12,2.6,-2.35,79.1,7.5,22.17,1.933,750.3,59.0,0.0,17.8,0.558,182.0,19.7,16.89
18,200000933,CC Sauldre et Sologne,84.81675392670157,100.0,53.0,8.765044479330193,1.0856173890202103,60.36939185909438,1.0,35.0,25.1,13.5,12.85,-3.27,12.9,35.2,38.1,19.75,32.29,20.4,83.4,3.6,33.63333333333333,0.7000000000000001,0.6278339727938611,24.057524396507446,4.024093086926762,2.6,5.7,3.49,87.2,2.0,29.3,3.12,50.5,4.0,50.84473184500899,0.1658139795151952,38.80228006318247,46.8,26.200000000000003,135.0,11.66,50.99,7.013905884425996,0.7,1,5.843692181182759,-8.5,47.0,-25.93984962406015,100.0,3.04,32.621,2.255,11.32,8,40.9,13.0,18.8,54.9,65.9,29.65,2.7,-6.7,96.5,11.86,31.64,0.0,221.825,53.0,1.0,18.4,0.116,167.0,16.0,13.36
18,200007177,CC Pays de Nérondes,95.65217391304348,100.0,60.0,5.7854137447405325,1.3482261235755606,79.53449373805987,1.0,34.0,24.5,13.9,7.23,-3.07,14.1,37.0,36.1,26.77,43.87,19.6,85.5,2.1,30.05,0.6,0.8613264427217916,19.85630306988896,0.0,1.0,14.64,4.31,99.4,8.5,11.7,3.12,7.5,0.0,0.0088881897195894,0.1452364799644617,38.75968992248062,70.8,8.3,131.0,36.17,50.99,7.177545997890542,,0,5.820549630844955,-2.9,75.0,-4.040404040404041,98.95,4.42,71.243,1.54,10.13,4,38.8,16.9,19.3,54.6,55.5,30.58,2.8,-5.970000000000001,52.8,22.92,32.33,0.0,257.7,58.0,0.0,14.7,0.406,130.0,16.0,14.98
18,200011781,CC Portes du Berry entre Loire et Val d'Aubois,93.81443298969072,100.0,65.0,4.382586522882414,1.3949168258335234,48.08641453623495,1.0,30.5,24.4,7.9,6.959999999999999,-2.22,14.3,33.7,39.3,17.13,22.44,20.4,89.0,2.2,30.0,0.8999999999999999,0.1055074910318632,25.276671093404165,2.4778653729533047,1.0,2.33,3.17,98.9,18.7,17.5,3.12,34.3,0.0,4.220088117857634,0.2670724285791748,33.371333816975856,61.2,19.6,123.0,2.63,50.99,5.928161089505671,1.06,0,4.9296139116033535,2.3,50.0,-26.923076923076923,96.88,2.79,46.271,1.105,15.09,7,36.3,14.5,15.5,46.4,64.4,22.47,2.7,-3.84,43.9,16.33,19.33,0.0,20.728,54.0,0.0,21.9,0.324,123.0,16.0,14.1
18,200027076,CC Arnon Boischaut Cher,86.79495686794957,98.38945827232796,58.0,8.133835334233147,2.720838187483256,122.56112931686413,3.0,32.75,26.200000000000003,10.6,4.55,-1.15,14.9,42.3,33.7,25.37,51.78,21.1,84.7,1.4,30.1,1.1,0.5092297899427116,22.834067547723933,0.0,1.9,0.09,3.82,65.6,9.3,27.6,3.12,25.5,0.0,5.232670140533712,0.2387152880008387,35.460107379198405,64.6,9.7,128.0,15.479999999999999,50.99,6.484491205808747,3.82,1,6.317049099432519,-2.8,60.0,-32.77310924369748,97.27,8.61,57.422,1.607,10.74,7,38.8,14.1,19.4,55.5,58.7,30.43,2.8,-3.61,61.5,19.72,22.39,0.0,394.556,55.0,0.0,19.2,0.373,145.0,16.0,13.64
18,200032514,CC Berry-Loire-Vauvise,87.64940239043824,100.0,54.0,0.9481668773704172,1.476116515149822,553.4268854877374,1.0,30.0,27.6,17.8,6.1,-5.85,13.5,39.1,31.0,37.05,27.59,23.4,89.3,3.7,32.96666666666667,0.6,0.7370554634236226,24.802245470783365,6.695323741007194,0.7,11.5,1.84,86.6,8.1,7.3,3.12,16.5,3.0,2.5922742150127687,0.1284397997314149,32.9232995658466,55.3,10.2,130.0,6.0600000000000005,50.99,7.049416115219928,1.84,0,6.405631244323343,-2.2,100.0,-1.7241379310344829,98.67,3.0,68.711,1.499,8.29,7,39.8,15.3,19.6,59.5,58.6,28.75,2.7,-8.49,46.8,31.14,31.14,0.0,66.932,58.0,0.0,17.5,0.381,148.0,16.0,15.51
18,200036135,CC Coeur de France,95.17684887459808,100.0,57.0,10.884129372719588,1.5570747402001155,33.17831298679777,2.0,32.0,24.1,6.9,19.23,-0.06,14.6,36.4,54.6,12.25,8.38,17.5,78.0,0.6,30.1,0.8999999999999999,0.2194787379972564,27.45789612908915,2.727357122135189,1.5,0.38,4.39,78.7,2.4,35.9,3.12,24.4,1.0,2.505392912172573,0.2692538872005013,40.39377240383072,72.1,9.9,139.0,14.01,50.99,6.476093604936923,3.29,1,3.5558953634427395,3.7,39.0,-13.963963963963964,96.05,7.04,53.99,0.989,15.19,7,44.0,16.6,20.1,52.3,84.6,28.09,2.8,-4.68,113.4,8.58,8.74,0.0,130.544,56.0,0.0,16.4,0.433,177.0,16.0,13.95
18,200049484,CC Berry Grand Sud,93.57142857142856,100.0,59.0,16.429063543378028,1.1801283160658171,215.72389488339715,2.0,33.833333333333336,28.3,20.3,4.63,-6.34,16.9,39.5,30.9,46.99,50.56,22.0,78.4,0.7,30.85,0.6,0.7869196467605141,20.06557377049181,1.3743694218083042,1.1,8.92,2.62,67.3,3.7,21.7,3.12,8.9,1.0,1.348112614395827,0.1972800118761616,40.168587648374334,54.1,7.1,155.0,18.75,50.99,7.041830204778156,1.75,0,5.350511945392491,0.7,76.0,-15.18624641833811,98.5,7.08,73.295,0.848,14.2,6,41.1,20.6,20.2,61.2,44.7,38.73,3.0,-3.5700000000000003,68.7,21.0,24.09,0.0,21.504,53.0,0.0,12.7,0.345,208.0,16.0,16.94
18,200066330,CC Terres du Haut Berry,84.4311377245509,100.0,51.0,8.749802932366388,1.0933698309043984,44.87436665131276,1.0,35.6,17.5,6.8,4.14,-6.25,10.0,32.7,36.5,17.77,18.18,16.3,89.6,1.2,31.0,1.1,2.1558361564521094,27.238268111686512,0.2799957244401688,1.8,0.35000000000000003,3.08,100.9,12.5,32.2,3.12,24.2,1.0,2.080398604020651,0.4010620213075406,33.82336268470579,53.5,26.700000000000003,115.0,10.72,50.99,4.728210070788781,1.15,0,4.512320762695575,0.2,65.0,-25.108225108225103,100.0,6.74,61.291,2.861,8.86,7,31.0,9.5,14.9,47.2,80.7,25.52,2.6,-3.6999999999999997,51.6,19.47,20.7,0.0,207.853,59.0,1.0,21.1,0.369,107.0,16.0,11.26
18,200069227,CC Pays Fort Sancerrois Val de Loire,82.16867469879519,100.0,45.0,13.722896829909091,1.0133668979808952,243.23040864721776,2.0,32.25,25.6,17.6,5.94,-2.59,16.3,34.9,30.9,25.77,26.9,20.9,81.7,0.3,35.349999999999994,1.3,0.4409414099101582,27.570850202429156,2.431712817942614,2.0,0.59,3.86,77.7,11.1,24.0,3.12,15.2,1.0,4.129454639739564,0.2830561155800236,42.40168312024599,49.9,6.1,131.0,8.66,50.99,6.116962932021414,4.41,2,5.222763699371886,-1.9,76.0,-22.415940224159403,97.55,7.94,63.079,4.36,10.66,7,40.0,12.5,15.3,59.2,61.6,31.53,3.1,-5.55,99.6,16.5,18.56,0.0,212.548,55.0,0.0,18.5,0.494,157.0,16.0,14.01
18,200070571,CC Coeur de Berry,92.0,100.0,59.0,4.301515772224499,1.07868919558043,95.84671320535196,1.0,32.666666666666664,18.2,7.6,1.76,-3.64,9.2,32.0,36.4,16.1,15.08,16.3,90.9,0.5,34.5,1.0,0.2907822041291072,24.00556881463803,0.0,1.7,0.33,1.45,87.5,13.1,39.5,3.12,16.8,0.0,0.0702056432329029,0.3307764532770805,31.06740772409862,49.7,26.4,113.0,12.659999999999998,50.99,5.647824783408804,,0,6.414965986394558,-0.8,86.0,-27.027027027027028,69.27,1.72,72.372,3.014,7.45,5,28.8,6.8,14.3,50.3,82.9,23.41,2.4,-5.6000000000000005,39.9,10.73,14.73,0.0,99.758,63.0,0.0,20.2,0.512,100.0,16.0,12.37
18,200090561,CC Vierzon-Sologne-Berry,100.0,100.0,56.0,1.2431110926946505,1.5309251458937447,78.56704900938477,2.0,32.5,22.9,4.8,13.600000000000001,0.85,13.7,29.9,56.2,8.91,7.81,18.7,81.5,0.5,38.9,0.8999999999999999,2.830707939087359,26.38437911364633,1.73434541882479,1.8,1.7000000000000002,3.93,90.2,14.4,45.5,3.12,39.2,0.0,12.009230164964652,0.438126422883195,35.58177883128929,71.5,19.9,131.0,12.809999999999999,50.99,7.703864538471135,2.36,2,8.029864927327822,-3.0,25.0,17.36111111111111,63.65,8.54,33.378,2.353,11.52,8,41.5,19.7,23.3,46.6,51.1,25.08,3.0,-3.5999999999999996,96.8,14.13,14.19,0.262,320.777,59.0,2.0,18.3,0.404,137.0,16.0,16.96
18,241800374,CC la Septaine,84.91124260355029,99.609375,54.0,3.192816163631828,2.1426643324916683,27.00538233110616,1.0,32.0,16.3,4.7,15.260000000000002,0.77,10.7,31.7,36.5,27.26,32.51,17.0,82.6,1.4,30.1,0.8999999999999999,0.555864369093941,28.141182883619518,0.0294312607715763,1.2,1.66,1.85,106.1,8.2,11.7,3.12,14.6,0.0,0.0,0.2705639038689827,29.158743095173413,83.8,10.3,93.0,11.51,50.99,5.50989373275313,2.78,0,5.150260029717682,5.8,75.0,-24.68354430379747,83.18,5.96,79.14,1.951,6.95,7,31.4,10.2,15.6,55.6,96.3,24.37,2.6,-9.0,82.6,22.67,22.67,0.0,374.898,61.0,0.0,21.6,0.29,68.0,16.0,20.82
18,241800424,CC le Dunois,86.88524590163934,99.07407407407408,57.0,4.942035009930257,2.458176281511946,22.64638888888889,1.0,32.0,22.3,8.2,3.17,-3.7,14.6,41.2,36.8,28.03,38.5,18.8,82.4,-0.2,30.1,0.8999999999999999,0.981491867638811,22.0625528317836,0.0,1.4,1.01,1.4,60.6,15.5,41.5,3.12,16.9,0.0,3.8145073127492974,0.1656011414174014,35.15786571074038,75.8,4.6,126.0,6.419999999999999,50.99,6.589228586662606,1.4,0,5.165822447347374,1.2,53.0,-15.714285714285714,98.87,11.26,71.235,1.72,10.75,5,36.5,11.9,16.3,55.8,72.2,25.8,2.6,-3.9600000000000004,58.3,21.13,22.5,0.0,314.353,53.0,0.0,17.4,0.353,133.0,16.0,12.03
18,241800432,CC les Trois Provinces,,,57.0,,,150.83842010771994,3.0,28.0,29.6,12.0,11.55,3.58,15.5,38.8,37.2,28.91,31.04,21.7,75.8,-1.3,30.05,1.1,0.1990049751243781,20.45317220543807,0.0,1.9,2.6,3.98,79.8,13.4,74.8,3.12,13.8,0.0,4.668319195035071,0.2041631554992891,37.728433876989584,58.5,19.0,158.0,4.19,50.99,7.536679724398509,1.99,0,5.733372228704784,1.6,50.0,-11.224489795918368,96.31,4.09,72.451,0.786,15.8,5,41.0,21.2,27.8,48.7,37.7,28.46,3.0,-7.26,95.3,8.82,30.64,1.99,60.916,51.0,0.0,14.5,0.29,204.0,16.0,14.65
18,241800457,CC FerCher,82.6086956521739,100.0,61.0,0.0,0.4400283203290184,80.69815303430079,1.0,34.0,19.7,4.4,11.61,-9.01,10.7,36.0,44.99999999999999,12.48,18.29,18.6,87.7,0.0,30.1,0.8,2.390226628895184,26.05948933929981,1.7393313069908811,1.8,0.0,2.66,72.2,12.3,31.4,3.12,25.9,1.0,3.02877851204434,0.2933285744850779,28.591352859135284,58.3,31.6,120.0,2.9899999999999998,50.99,6.811153665005825,1.77,0,3.428596217247961,-3.4,48.0,-15.32258064516129,55.02,9.49,63.213,2.563,7.65,6,37.5,12.7,19.4,48.8,87.3,20.54,2.6,-5.94,56.5,8.33,17.44,0.0,381.799,53.0,0.0,20.3,0.306,122.0,16.0,13.59
18,241800507,CA Bourges Plus,84.61538461538461,97.87234042553192,56.0,4.346408779745736,4.070202238481982,37.959601522318486,2.0,34.0,15.3,2.4,23.94,-1.72,10.4,23.1,62.1,3.01,1.98,15.4,78.9,-1.2,30.1,1.5,4.0324159260854255,37.7092483471139,3.8971548367774784,2.5,0.0,3.13,99.6,20.7,64.2,3.12,8.2,0.0,1.9900973600895044,1.7561231393512844,35.424908703590994,66.8,17.599999999999998,113.0,11.55,50.99,5.955629803524289,3.13,4,4.276176467723239,-1.4,7.0,-5.701754385964912,35.84,2.34,62.17,1.924,7.06,6,43.3,15.1,16.0,36.8,69.0,26.67,3.2,-2.86,133.8,9.0,11.65,0.098,746.919,61.0,5.0,23.2,0.359,109.0,16.0,15.55
19,200043172,CA du Bassin de Brive,91.21432949669683,99.91124260355028,22.0,5.35521187187143,1.5813513189740829,69.90355851147474,2.0,30.33333333333333,15.5,6.5,9.56,2.51,9.5,25.5,54.89999999999999,7.95,4.34,15.7,84.0,-1.4,32.5,1.6,2.3754500004603587,34.507641196013296,1.2858479161869676,3.0,0.27999999999999997,3.77,201.5,22.1,49.4,4.01,30.6,0.0,99.98170995804922,1.5127181019870335,43.607469922786855,64.8,19.5,119.0,9.9,49.87,5.348760370121291,2.21,6,3.860735351580671,-2.8,33.0,-41.221374045801525,71.6,4.9,40.322,1.633,17.86,5,40.7,13.0,14.2,47.6,62.9,25.31,2.9,-4.58,104.8,9.5,17.88,0.46,399.802,60.0,1.0,28.4,0.572,128.0,17.9,15.06
19,200066603,CC du Pays de Lubersac-Pompadour,100.0,97.5609756097561,22.0,9.79544799769519,0.937294224965458,124.5757531441942,1.0,36.0,23.5,14.3,7.19,-0.83,14.0,39.8,38.3,24.43,29.07,17.9,83.9,5.0,33.1,1.0,0.2947678703021371,27.50672301190934,0.0,2.5,0.13999999999999999,4.42,147.2,8.7,65.1,4.01,16.9,0.0,100.01271468252416,0.5428050159192439,51.74158115334586,50.0,15.6,141.0,3.26,49.87,6.493998634760514,1.47,1,5.915317228563844,-4.3,73.0,-29.313929313929314,94.64,4.92,62.091,3.245,14.3,1,37.0,15.5,15.8,58.6,61.2,30.8,2.8,-2.04,127.4,18.3,24.4,0.0,147.42,55.0,0.0,25.2,0.245,215.0,17.9,17.25
19,200066645,CC Vézère-Monédières-Millesources,76.84069611780455,98.94179894179894,33.0,1.3981125480601186,0.2160882586706196,150.25030782761652,0.0,39.0,26.5,40.3,6.04,-6.52,9.4,38.7,33.0,38.45,53.2,18.3,77.3,1.4,39.85,0.7000000000000001,0.7028641714988578,27.27507755946225,0.0,2.3,20.990000000000002,5.27,106.9,3.0,16.1,4.01,58.7,0.0,100.0326051218354,0.1348761679392862,63.75724514149335,70.7,10.1,173.0,30.049999999999997,49.87,6.950362349853064,7.03,0,7.037747153984422,-5.6,66.0,-24.820143884892087,85.66,13.06,31.3,0.093,19.84,2,43.3,19.3,12.8,63.7,42.5,56.05,3.1,-2.15,98.0,30.7,42.3,0.0,49.437,53.0,0.0,16.9,0.162,330.0,17.9,17.37
19,200066744,CC Haute-Corrèze Communauté,93.52734570998494,98.5277463193658,39.0,6.5554893384915305,0.8216090171366008,150.214636127863,1.0,36.6,23.7,22.0,9.62,-6.99,14.6,39.6,39.4,30.66,36.58,20.1,83.8,2.5,40.150000000000006,0.8,1.7190723260611365,25.896821168531343,0.3577885497183284,1.8,7.53,3.75,188.9,13.6,44.7,4.01,59.0,2.0,100.00187110534434,0.2258528186059467,50.204794603059874,69.5,11.1,126.0,22.63,49.87,5.916121481303643,2.81,3,5.527459336174299,3.1,49.0,-16.28303495311168,84.33,7.27,34.651,0.054,20.46,3,42.3,14.6,15.0,65.3,56.8,39.26,2.8,-1.83,107.4,19.4,19.53,0.313,528.25,53.0,0.0,24.4,0.164,148.0,17.9,15.36
19,200066751,CC Xaintrie Val'Dordogne,92.45901639344262,95.48929663608564,32.0,6.497002097603534,0.8332748902021875,97.0309730552323,1.0,34.5,25.6,26.5,4.04,-1.32,11.7,39.2,30.1,41.22,49.03,19.2,80.2,-1.4,35.0,0.8,0.7194244604316546,25.09309309309309,0.0930369324864737,3.8,9.1,5.4,195.0,2.2,14.7,4.01,56.3,0.0,99.99622301058167,0.2421239345604765,57.82521214241974,63.2,11.9,151.0,15.229999999999999,49.87,6.038278516883802,3.6,0,6.471693144913544,-0.6,75.0,-17.420814479638008,86.62,9.2,36.107,0.098,19.48,3,40.3,16.8,12.9,69.8,53.1,40.65,2.9,-3.2099999999999995,86.2,11.43,30.3,0.0,83.107,52.0,0.0,21.4,0.263,233.0,17.9,16.02
19,200066769,CC Midi Corrézien,100.0,98.1818181818182,26.0,10.990052108005685,0.9879142233517036,102.87908721954209,1.0,33.75,20.5,24.8,2.93,1.13,10.1,34.8,28.5,34.52,30.64,17.1,86.5,-1.4,33.75,1.0,1.4377601210745363,25.198992443324936,1.15011655011655,3.1,0.9900000000000001,3.78,119.2,12.8,34.7,4.01,40.8,0.0,99.99751466857975,0.7243765087317776,54.39609236234458,58.4,27.4,131.0,10.26,49.87,5.504601378764391,0.76,1,5.02855383668129,0.0,64.0,-19.421487603305785,80.63,9.93,46.657,0.272,19.08,4,36.6,14.1,13.0,68.7,55.5,39.73,2.9,-3.94,62.9,19.91,21.5,0.757,93.991,56.0,0.0,27.7,0.668,178.0,17.9,14.44
19,241900133,CC de Ventadour - Egletons - Monédières,95.748987854251,95.2054794520548,34.0,3.675022968893556,0.9443132784734428,101.97117757378344,2.0,34.5,25.8,24.3,11.21,-0.18,11.8,32.6,36.2,25.6,41.5,23.4,85.6,2.1,39.85,0.7000000000000001,0.4896200548374461,25.99226250179109,0.1709473684210526,7.1,12.809999999999999,1.96,111.4,17.2,26.1,4.01,69.2,1.0,99.943234017447,0.3854771716070539,46.28381414577154,59.4,16.3,128.0,14.860000000000001,49.87,5.668202764976958,2.94,0,5.952891424075531,-3.5,47.0,25.51020408163265,77.65,7.04,20.489,0.127,22.31,2,44.0,16.2,8.3,67.5,58.6,43.28,2.9,-2.1,93.5,12.21,28.37,0.0,202.211,56.0,0.0,22.1,0.179,121.0,17.9,23.16
19,241927201,CA Tulle Agglo,87.86713286713287,98.22280017338537,29.0,1.695143798277888,0.5724370001130044,36.47389987934528,1.0,35.8,18.8,12.9,8.23,0.52,11.1,30.5,48.5,21.26,19.31,16.0,82.5,-0.8,35.0,1.2,2.6865671641791047,32.13751868460388,0.1793214285714285,2.3,3.93,2.99,144.9,16.5,43.8,4.01,43.5,0.0,99.98605857683212,0.624347938969065,42.99857929319837,74.8,10.3,122.0,16.21,49.87,5.042099970489362,3.9,3,4.434300341296928,-0.6,55.0,-17.755681818181817,81.35,5.24,39.66,0.159,18.03,3,40.9,12.2,13.8,56.1,52.3,37.38,2.7,-3.17,104.0,14.47,16.84,0.459,304.342,58.0,1.0,26.0,0.333,149.0,17.9,17.6
19,241927243,CC du Pays d'Uzerche,78.94736842105263,99.163179916318,29.0,3.0136986301369864,0.4731720067470134,294.06406368460955,2.0,32.0,22.7,16.8,6.7299999999999995,-6.96,13.3,37.9,34.2,26.94,24.37,16.2,82.9,1.1,33.75,1.0,1.7926219454665535,25.72375054011234,0.0,2.3,0.42,4.72,171.6,9.1,44.9,4.01,21.4,0.0,99.87608811511816,0.5381624103493095,46.03438713255685,63.8,13.6,113.0,9.81,49.87,6.266566155370072,4.72,1,3.1458142143366983,-0.8,54.0,-23.556581986143183,94.45,7.39,67.466,0.392,16.29,3,37.8,14.9,26.2,69.4,56.6,30.76,2.8,9.62,85.5,10.75,38.58,3.774,362.359,55.0,0.0,22.6,0.183,160.0,17.9,14.53
21,200000925,CC de la Plaine Dijonnaise,94.16666666666669,99.15966386554622,61.0,4.2993630573248405,2.61759089205128,36.7994387362513,2.0,41.0,12.0,1.3,8.57,-0.65,5.0,23.4,48.0,6.63,4.47,12.8,88.0,2.2,30.2,1.5,1.3542795232936078,33.342122610415295,2.071290244492859,3.2,0.05,2.71,95.9,18.6,30.1,4.56,25.2,0.0,10.3914981145012,0.9262502493947524,33.05565402339596,55.2,30.3,98.0,7.380000000000001,51.78,4.776703331666741,1.35,0,3.936821053588473,2.9,60.0,-42.10526315789473,39.52,1.75,59.771,2.568,7.56,5,24.4,5.9,10.1,46.2,83.6,18.19,2.3,-3.51,43.0,5.77,21.18,0.903,354.484,61.0,2.0,21.7,0.474,71.0,15.4,11.35
21,200006682,"CA Beaune, Côte et Sud - Communauté Beaune-Chagny-Nolay",93.98385913426266,99.48960302457466,53.0,0.6763061220123223,3.9470633588029993,95.5135960044395,2.0,34.0,16.5,7.7,14.48,-0.55,10.8,23.200000000000003,62.1,7.59,5.63,15.3,78.5,1.0,30.45,2.1,3.063725490196078,37.62214983713355,2.7366279069767447,3.7,0.22999999999999998,3.16,91.9,24.2,55.4,4.56,31.5,0.0,37.81724625489951,0.5723792561975982,52.5526679993849,54.2,13.2,110.0,7.470000000000001,51.78,5.270388897539708,3.36,1,4.628503581438804,-1.5,34.0,-16.97936210131332,64.34,19.64,48.441,9.033,10.7,6,38.2,9.7,12.7,48.9,77.6,29.17,3.1,-4.65,118.9,8.89,12.55,0.198,289.866,56.0,1.0,21.7,0.332,117.0,15.4,14.83
21,200039055,CC Ouche et Montagne,100.0,93.10344827586206,50.0,16.634980988593156,2.129699002888827,318.6256857631082,1.0,30.5,14.4,7.6,1.49,-13.58,6.8,28.1,37.4,20.57,22.83,13.8,87.6,2.3,30.2,1.5,2.483810875543334,31.586538461538463,5.129629629629629,2.9,0.9400000000000001,2.66,101.1,10.8,32.2,4.56,48.9,0.0,53.48463918492358,0.2914520451014606,42.01167959557221,72.8,34.1,110.0,10.54,51.78,4.242371481432536,1.77,0,4.311378353376504,1.1,80.0,-1.0526315789473684,97.81,19.05,36.612,0.803,13.26,5,28.0,5.4,8.5,56.9,66.6,31.93,2.4,-0.51,43.4,19.88,28.97,3.548,687.702,62.0,0.0,26.0,0.232,86.0,15.4,10.95
21,200039063,"CC Forêts, Seine et Suzon",87.37864077669903,94.39252336448598,64.0,7.861635220125786,2.124110760897568,1339.693758865248,0.0,35.333333333333336,15.8,7.6,1.69,-7.55,8.1,29.6,48.9,26.92,35.18,14.000000000000002,87.3,1.6,30.2,2.1,3.4023249220300538,35.86803460068397,0.4791494062413698,2.6,25.25,2.84,84.2,13.3,18.2,4.56,51.0,0.0,28.77701354491889,0.1344307266626619,44.37334817081653,62.1,7.8,117.0,17.07,51.78,4.626947819871335,2.84,0,6.145103645461044,-3.1,100.0,-32.73809523809524,97.83,19.8,44.575,1.258,9.37,5,31.3,6.0,11.2,63.2,34.2,35.02,2.9,-2.88,53.7,22.92,29.28,2.835,189.178,61.0,0.0,23.6,0.099,116.0,15.4,11.0
21,200069540,CC Norge et Tille,95.15418502202644,99.64664310954063,64.0,6.42229399834748,2.491894826830669,51.74890350877193,1.0,21.0,8.0,1.1,3.29,-3.59,3.9,15.7,65.5,4.18,2.11,8.1,88.2,1.0,30.2,2.1,2.3393917581428827,43.96303205019501,2.0679669030732857,3.8,0.02,1.8,91.0,25.2,50.8,4.56,11.5,0.0,0.028594122319301,1.1029093941950971,32.497788263049245,62.5,16.400000000000002,111.0,15.010000000000002,51.78,3.598574380904666,8.4,1,3.15061372745491,-6.1,83.0,-32.67326732673268,41.25,10.73,64.023,2.327,6.29,5,20.4,5.0,7.7,45.8,68.6,21.11,2.5,-2.37,34.8,9.93,12.14,0.6,358.596,62.0,0.0,29.4,0.386,87.0,15.4,8.66
21,200070894,CC de Gevrey-Chambertin et de Nuits-Saint-Georges,97.72727272727272,100.0,51.0,0.4308487720809996,3.671635713206688,48.642799434457686,1.0,33.25,14.2,3.6,8.1,-1.59,7.4,27.200000000000003,55.60000000000001,10.72,9.41,15.2,84.3,1.1,31.1,1.7999999999999998,1.453242759133462,37.98748900400743,1.017444219066937,3.3,0.16999999999999998,2.37,85.9,19.0,31.6,4.56,44.3,1.0,58.1852227747894,0.4412030117510694,40.27818978872079,44.7,21.3,101.0,7.380000000000001,51.78,4.83725474653138,0.68,0,4.982176486413775,2.6,64.0,-10.69078947368421,52.98,23.71,46.207,7.463,9.91,4,30.9,5.8,10.1,51.3,68.0,27.81,2.7,-3.27,85.3,7.55,18.05,1.69,668.117,62.0,0.0,25.6,0.301,94.0,15.4,10.65
21,200070902,CC Auxonne Pontailler Val de Saône,88.26530612244898,99.29639401934917,66.0,4.280620311501329,3.0424933370843137,217.31021804189825,2.0,32.5,19.0,4.0,9.94,-1.9,8.7,26.9,46.2,11.19,12.82,18.0,82.6,0.8,30.35,0.8999999999999999,1.0661890139883998,27.58282047924577,0.239659260560288,2.2,0.01,2.99,89.0,20.2,23.4,4.56,36.0,0.0,5.951622526004513,0.3462198432609302,39.90570803165516,74.7,17.299999999999997,106.0,9.47,51.78,6.136872933713844,1.71,0,4.788167857295632,4.5,58.0,-25.650557620817843,89.16,7.2,44.81,1.815,10.21,6,31.8,10.0,12.6,51.1,70.5,24.01,2.5,-6.1,54.4,11.17,21.83,0.853,312.763,57.0,3.0,20.4,0.351,86.0,15.4,17.86
21,200070910,CC Tille et Venelle,91.8032786885246,98.1818181818182,67.0,3.2944754181449567,1.669294856973624,30.040154126951936,1.0,45.0,20.200000000000003,8.2,4.89,-5.41,12.2,35.099999999999994,46.900000000000006,31.94,33.71,17.0,81.7,3.2,30.2,1.1,2.432596797080884,26.352530541012214,0.0424994509114869,2.7,17.83,2.03,74.9,11.7,35.5,4.56,45.5,0.0,10.32802294089533,0.1409949968552137,38.50758180367119,34.8,4.3,115.0,5.489999999999999,51.78,6.178722577301779,2.03,0,7.094518339379283,-4.2,100.0,-32.432432432432435,98.14,14.34,52.149,2.522,8.45,5,31.3,8.6,14.6,65.0,62.6,34.87,2.5,-5.28,111.2,19.0,43.28,2.027,47.885,57.0,0.0,21.9,0.082,107.0,15.4,11.74
21,200071017,CC des Terres d'Auxois,88.51351351351352,100.0,67.0,1.689545934530095,1.3113896656716335,62.99085209825998,1.0,35.666666666666664,21.6,15.0,13.0,-0.72,12.4,31.9,43.5,30.42,34.0,19.3,76.6,-2.1,33.7,1.1,1.92283040635816,25.854556018204704,4.991148634847145,3.1,15.98,3.2,104.9,8.6,23.4,4.56,19.1,0.0,36.44651012355263,0.260607878254989,49.857549857549856,66.5,8.200000000000001,129.0,11.799999999999999,51.78,6.379856980129097,7.05,1,5.395392988229338,1.1,69.0,9.71563981042654,97.62,11.11,62.614,0.769,14.32,5,40.8,12.6,14.9,66.7,61.5,35.25,2.8,-2.33,96.6,20.53,17.91,0.641,94.76,56.0,0.0,20.9,0.24,133.0,15.4,16.07
21,200071173,CC du Pays Arnay Liernais,97.70444763271162,97.43589743589745,60.0,3.5093097550743813,,149.36641003706873,2.0,37.66666666666666,27.200000000000003,19.7,5.93,1.51,13.9,41.1,34.9,41.52,35.88,22.3,84.0,2.8,34.63333333333333,0.8999999999999999,3.0,21.095294582839067,0.0,3.0,5.94,1.43,141.2,5.4,17.4,4.56,26.4,0.0,30.862572421784478,0.1808947487183198,47.899985953083295,53.0,18.7,142.0,18.78,51.78,6.326251303441085,1.43,0,5.37128017967434,1.8,74.0,-26.10062893081761,96.35,4.3,61.151,0.313,16.49,5,40.1,14.5,12.8,65.3,63.6,33.71,2.8,-5.53,69.6,10.41,28.68,1.429,22.475,55.0,0.0,15.9,0.208,179.0,15.4,17.1
21,200071207,CC de Pouilly-en-Auxois / Bligny-sur-Ouche,97.27081875437368,93.7794533459001,58.0,9.7341363995863,1.737402354574514,121.35232504604052,2.0,35.4,22.4,15.5,4.26,-2.27,13.3,36.8,38.0,37.36,36.83,20.3,84.1,5.1,33.13333333333333,1.1,3.4180243819072573,25.366255144032923,5.630682730923695,3.1,16.220000000000002,3.42,111.5,9.1,21.9,4.56,27.9,0.0,20.33866629195439,0.2840397408003672,55.158773761125154,67.1,12.8,120.0,7.26,51.78,5.679484826746301,4.56,0,5.331776246642532,-4.9,81.0,-13.141025641025642,98.44,13.81,60.421,0.562,15.23,5,37.1,10.6,16.5,65.4,66.2,36.8,2.8,-2.75,74.9,12.21,31.81,1.139,630.7,55.0,0.0,19.5,0.261,121.0,15.4,14.5
21,200072825,CC Mirebellois et Fontenois,79.56469165659009,98.71794871794872,58.0,6.605412324008045,3.7254853998284343,85.015126184221,1.0,36.75,15.4,6.2,5.17,16.88,6.9,28.000000000000004,43.7,20.38,30.15,14.3,90.4,5.8,30.2,1.3,2.071878237309745,29.4597470150136,1.0383088235294118,3.0,5.0200000000000005,2.39,79.5,11.6,19.6,4.56,28.8,0.0,0.2041623505038139,0.3244674012807728,36.45181476846057,65.4,21.5,109.0,22.939999999999998,51.78,4.941887755102043,0.8,0,5.44,0.3,85.0,-28.195488721804512,98.0,8.33,65.707,2.46,6.43,5,29.3,7.1,11.7,56.5,71.7,30.2,2.5,-3.73,48.5,20.25,23.0,1.594,435.701,62.0,1.0,23.8,0.181,89.0,15.4,10.51
21,242100154,CC des Vallées de la Tille et de l'Ignon,97.72727272727272,100.0,66.0,6.130491898992848,2.6956032895330133,102.37860743771462,1.0,33.0,15.1,3.8,8.89,-1.38,7.5,30.8,49.9,13.53,13.12,13.5,82.2,-1.1,30.2,1.2,2.708836664470313,30.207413945278024,0.2055258467023172,3.8,0.15,2.2,91.3,15.8,31.9,4.56,46.6,0.0,2.043098380804788,0.402141599150792,38.80489560835133,54.1,25.4,104.0,9.87,51.78,5.571087936275022,2.93,0,3.739178283198826,7.2,59.0,-6.172839506172839,74.98,6.29,49.128,2.025,6.82,6,27.6,6.7,10.8,54.5,73.8,26.28,2.5,-6.12,64.9,8.78,28.35,0.0,111.591,63.0,1.0,24.4,0.134,79.0,15.4,11.74
21,242100410,Dijon Métropole,94.14225941422592,100.0,57.0,0.0,12.485551678647717,24.538498326159733,3.0,31.0,13.0,3.2,20.01,7.99,6.6,22.6,57.00000000000001,0.68,0.06,14.9,59.8,-3.0,30.2,1.7999999999999998,2.346982175308356,44.54432598218198,3.8720785440613033,4.4,0.0,3.09,88.4,26.8,79.1,4.56,22.0,2.0,9.679780192331709,1.6370743702096162,38.90818896204375,71.1,11.0,92.0,13.11,51.78,5.116412482277169,2.36,24,3.0913482185422896,1.9,4.0,-3.045685279187817,7.75,12.64,38.38,3.812,6.55,6,50.6,15.1,11.6,38.2,68.8,27.29,3.3,-4.77,131.4,3.26,8.09,0.116,494.402,,6.0,20.9,0.671,89.0,15.4,19.01
21,242101434,CC du Pays Châtillonnais,87.9182156133829,97.44027303754264,71.0,1.3269258356046478,2.683364492786602,92.443919716647,2.0,40.0,25.8,15.9,9.379999999999999,-2.01,14.5,35.7,44.0,36.83,43.55,21.1,79.1,2.9,34.63333333333333,0.6,3.634874315261353,22.93458854082129,0.0867340466021059,1.7,27.83,3.07,73.8,6.7,33.4,4.56,48.0,0.0,27.786704925872783,0.0753969020446776,47.762968835158304,59.4,15.5,131.0,18.82,51.78,7.2090464150261875,3.07,1,6.505082174462705,0.9,73.0,-22.02380952380952,97.5,11.54,49.243,1.937,7.89,6,40.5,16.1,22.0,60.2,61.4,39.63,2.9,-7.04,89.0,20.93,21.61,0.0,38.151,53.0,0.0,14.8,0.064,157.0,15.4,16.81
21,242101442,CC de Saulieu-Morvan,88.51351351351352,100.0,61.0,1.6895459345300947,1.311389665671634,98.74534751234332,3.0,37.0,27.9,14.6,10.26,-0.74,17.9,37.9,36.7,25.4,33.24,21.7,79.8,2.3,37.2,0.7000000000000001,1.3392003061029272,20.69760737964831,0.0325825497485239,2.7,8.7,5.74,109.3,1.3,15.5,4.56,45.6,0.0,99.93665427509292,0.2231555052437119,60.70227867015316,64.7,15.7,137.0,8.55,51.78,7.633559705715903,3.83,0,5.30371627994718,0.2,50.0,8.695652173913043,96.1,11.0,41.484,0.293,17.48,4,43.7,15.5,17.3,62.8,56.4,31.76,2.9,-2.41,108.7,12.0,27.33,1.913,72.843,52.0,0.0,13.3,0.04,178.0,15.4,13.76
21,242101459,CC du Pays d'Alésia et de la Seine,88.18181818181819,99.1150442477876,69.0,1.5208609159113282,1.4638455657630731,148.59240162822252,1.0,30.5,22.9,14.9,17.32,2.54,12.3,34.1,53.400000000000006,23.07,32.46,20.6,78.5,6.7,33.7,0.8999999999999999,1.6322089227421108,23.21124361158433,6.473820483314153,1.8,11.06,2.72,88.9,12.1,10.1,4.56,26.0,0.0,59.00645059288537,0.2410234561602383,44.39096135847039,66.6,38.0,125.0,6.61,51.78,6.613791032826263,1.36,1,6.313183880437683,7.6,54.0,-31.25,97.53,28.65,65.624,0.871,12.8,6,40.8,14.1,14.1,61.3,73.7,35.23,2.8,-6.419999999999999,80.5,25.5,23.83,0.0,36.101,61.0,1.0,16.8,0.216,135.0,15.4,15.03
21,242101491,CC du Montbardois,89.36605316973414,99.75786924939467,68.0,1.3542948074079926,1.4956738454592462,70.15823960880195,1.0,37.2,23.4,8.0,21.19,1.45,15.0,34.300000000000004,54.6,24.45,17.73,18.7,77.4,2.9,37.2,0.7000000000000001,2.5630914826498428,25.77930174563591,4.865640096618358,2.3,3.39,3.94,77.8,16.3,49.5,4.56,41.7,0.0,0.0321773577038015,0.1921663351990043,45.04764654923477,57.6,31.1,131.0,12.620000000000001,51.78,7.15920846500824,3.94,1,7.204859141614672,1.7,53.0,-26.126126126126124,97.37,14.88,54.159,1.625,9.59,6,40.8,13.4,18.5,58.7,72.1,35.59,2.7,-3.5000000000000004,105.0,10.58,19.52,0.986,69.304,58.0,2.0,16.0,0.155,171.0,15.4,14.05
21,242101509,CC Rives de Saône,69.58934517203107,100.0,62.0,5.297843602999395,2.624248817655583,67.018587179237,2.0,39.0,20.200000000000003,5.7,6.52,-6.21,8.2,29.1,42.900000000000006,16.5,21.58,17.5,87.8,1.6,30.9,0.8,1.5543789770243357,25.661748350263217,1.7622484689413822,3.0,0.01,2.43,87.7,17.4,42.2,4.56,27.7,0.0,13.08534347142108,0.4403154106618487,39.76675270050664,68.7,13.0,111.0,7.48,51.78,6.082659971325567,1.94,0,5.836841079606353,2.9,69.0,-0.5405405405405406,64.46,2.57,56.322,2.79,8.51,6,31.9,10.1,13.7,48.9,69.7,24.68,2.5,-7.380000000000001,47.9,7.0,26.68,2.429,171.59,60.0,0.0,17.0,0.486,95.0,15.4,13.7
22,200065928,CA Lannion-Trégor Communauté,99.80131757816584,100.0,14.0,2.7298366243658543,0.4134192949749781,76.38616982016578,1.0,41.5,18.2,24.0,8.03,7.9,6.1,30.0,36.9,9.05,9.21,17.2,84.1,-0.6,35.46666666666667,1.5,2.2205259870931933,35.45773043181041,1.8933293764632173,3.3,0.33,3.07,158.0,19.8,47.6,2.91,11.3,6.0,5.155570304764598,0.8491998696973041,39.85708538477749,70.0,8.4,145.0,13.13,70.68,5.257028726474009,1.78,5,4.392543462968546,-0.2,35.0,-28.978745463970967,94.65,15.03,56.532,1.12,12.37,7,41.1,11.3,13.1,53.7,78.0,27.36,2.9,-3.44,93.0,10.11,16.68,0.694,2280.408,,0.0,26.7,0.486,163.0,25.7,16.96
22,200067460,CC Loudéac Communauté - Bretagne Centre,99.7289972899729,99.8451213216314,14.0,11.455909394171156,0.1441963455260073,98.2847691113698,2.0,40.333333333333336,20.8,9.8,5.8999999999999995,1.13,11.9,32.800000000000004,37.9,22.48,23.09,18.9,84.8,2.2,32.975,0.8,0.3281156511165582,22.662325917887497,6.931546730367276,2.3,0.53,2.51,125.1,11.7,34.5,2.91,9.7,21.0,0.4382770344559279,0.658560571213895,34.063168963833704,40.1,40.5,122.0,9.629999999999999,70.68,5.672704465139889,2.32,3,4.088189929518343,-1.9,64.0,-32.62096774193549,100.01,5.23,71.386,1.439,10.68,8,36.9,14.0,14.1,60.6,59.6,27.0,2.6,-5.6899999999999995,114.1,16.66,31.68,1.158,301.01,55.0,4.0,22.2,0.287,112.0,25.7,17.99
22,200067981,CA Guingamp-Paimpol Agglomération de l'Armor à l'Argoat,99.74390964607,99.87739319060644,14.0,2.057247643334002,,61.2194462190928,1.0,39.77777777777778,21.6,13.6,8.7,4.81,10.7,32.7,39.0,14.94,12.49,19.6,82.9,0.3,34.15,0.8999999999999999,2.410780795015914,27.8872446517613,0.910435625605904,2.6,1.9,2.98,127.6,19.3,37.7,2.91,11.6,7.0,4.209788838477925,0.7375194911111447,39.56499494942869,65.9,17.599999999999998,136.0,17.61,70.68,5.904039706634563,1.9,6,4.77182688249629,-2.8,45.0,-23.59192348565356,100.0,16.28,59.376,1.213,13.79,7,42.0,14.4,15.5,57.0,67.7,26.61,2.8,-3.7900000000000005,100.2,12.84,17.74,0.542,915.793,58.0,2.0,24.1,0.377,144.0,25.7,18.38
22,200068989,CA Dinan Agglomération,100.0,99.62788389977672,14.0,4.390424172939879,,242.6778901413076,1.0,44.42857142857143,16.400000000000002,18.1,8.66,7.18,6.8,29.3,36.6,10.31,8.53,17.0,84.7,0.0,37.7,1.3,2.5947415790582333,30.390320387406515,2.842114727566985,3.2,0.16,2.87,116.4,22.3,58.2,2.91,8.8,12.0,3.037140735388568,1.1616855486372184,37.979289112790376,67.0,16.1,128.0,15.950000000000001,70.68,4.93024411740592,2.78,2,3.9638128228252847,-1.5,45.0,-19.38080495356037,86.34,6.56,63.881,1.055,9.19,7,36.3,10.2,13.8,51.6,84.5,25.01,2.7,-3.73,82.8,10.36,16.28,2.011,644.277,,0.0,27.4,0.412,127.0,25.7,16.58
22,200069086,CC Leff Armor Communauté,100.0,100.0,14.0,0.0,1.0666834896717643,48.428418601724246,1.0,39.42857142857143,17.299999999999997,12.8,2.85,12.89,8.2,27.4,29.7,13.87,7.4,16.400000000000002,89.7,2.5,33.7,0.8999999999999999,1.153942115768463,25.851675311930464,0.4733321598310157,2.5,0.16,1.87,119.7,27.6,42.6,2.91,13.8,7.0,0.2809086537360599,0.9644181091835418,32.78236914600551,63.7,18.5,122.0,7.140000000000001,70.68,4.565455824513159,0.94,0,4.734307549643463,2.8,63.0,-14.744525547445257,99.49,10.45,61.087,1.266,10.33,8,32.6,10.4,14.3,56.5,77.6,24.3,2.5,-3.7199999999999998,58.7,13.96,16.74,0.936,565.35,57.0,1.0,28.1,0.404,100.0,25.7,16.49
22,200069391,CA Lamballe Terre et Mer,100.0,99.90121830754036,14.0,1.3180652803808486,,8.68077971686422,1.0,44.142857142857146,15.6,21.1,4.46,7.61,6.8,27.700000000000003,31.1,16.76,13.45,15.9,87.6,1.1,34.13333333333333,1.1,2.3159205060286308,27.173464332893,1.236047516198704,2.6,0.54,2.89,112.3,26.1,43.4,2.91,8.4,22.0,0.8100084267842095,1.0010481924980903,36.19698617368339,52.2,29.5,122.0,26.540000000000003,70.68,4.3832505656204095,1.74,3,4.025292518614821,-0.9,52.0,-21.77460479347272,95.22,5.62,68.677,1.305,8.58,7,34.4,9.1,11.2,56.9,77.4,24.13,2.6,-3.83,82.6,14.37,39.45,0.724,459.7,59.0,0.0,28.7,0.276,110.0,25.7,15.29
22,200069409,CA Saint-Brieuc Armor Agglomération,99.40793368857312,100.0,14.0,1.9300422353398248,2.8511755785706225,73.19609838182636,1.0,40.0,14.2,8.6,12.479999999999999,2.99,7.4,26.1,50.4,4.15,2.62,15.0,82.8,-0.5,30.9,1.5,6.077014471864592,35.164725291206324,4.990107879629045,3.1,0.01,2.92,120.3,30.7,73.4,2.91,12.5,5.0,1.441891981225623,1.732275004803059,37.06276483552569,70.4,13.900000000000002,120.0,18.16,70.68,4.904141970380443,2.53,11,3.676152109375514,1.0,18.0,-33.09499489274771,48.98,5.45,53.031,1.253,11.69,9,41.0,12.0,13.9,44.7,75.0,24.46,2.9,-2.8400000000000003,112.4,11.69,34.53,0.39,570.498,,0.0,30.2,0.431,108.0,25.7,16.63
22,242200715,CC du Kreiz-Breizh (CCKB),99.1891891891892,99.69418960244649,14.0,9.517558254020347,,302.61239886289087,1.0,38.66666666666666,23.4,16.3,4.37,0.0,14.1,37.6,38.1,33.59,33.3,20.5,79.0,0.5,35.5,0.8999999999999999,0.5434782608695652,23.33389289911029,10.424964539007094,3.5,4.78,3.26,136.3,3.2,13.8,2.91,12.7,7.0,3.594501035666657,0.3880436556071505,37.41800052479664,59.9,17.5,138.0,35.88,70.68,6.761634479693749,14.13,1,5.602739726027397,-1.2,86.0,-15.215215215215215,99.99,15.24,61.934,2.622,14.85,8,42.0,19.1,15.8,63.9,65.3,38.48,3.1,-5.1499999999999995,96.5,26.0,27.04,1.087,91.839,53.0,1.0,18.0,0.293,166.0,25.7,19.12
23,200034825,CA du Grand Guéret,100.0,96.82539682539682,61.0,9.261727078891257,1.1645435303896403,78.11721765985821,1.0,37.0,19.9,8.9,15.43,0.65,13.3,28.3,52.3,19.44,11.43,16.400000000000002,82.1,-1.8,35.6,1.3,2.7065026362038664,31.541381928625665,0.5041493775933611,2.3,0.36,3.87,142.4,16.6,39.2,3.19,35.2,0.0,1.054385674017576,0.3894447820940555,42.36139352040125,81.1,7.7,119.0,18.62,49.58,6.055253461033537,2.46,4,4.382101086048454,0.1,47.0,-17.2680412371134,87.17,5.95,49.717,0.237,15.79,5,45.0,15.3,18.3,49.6,68.6,34.31,2.9,1.5699999999999998,126.6,10.52,10.52,0.351,461.231,58.0,1.0,26.5,0.222,131.0,24.0,14.94
23,200041556,CC Portes de la Creuse en Marche,97.91666666666666,97.57869249394672,61.0,10.824778266638733,0.9278293022296642,58.85631922318313,2.0,36.25,27.6,21.9,3.8600000000000003,-3.08,15.8,37.3,32.0,39.74,50.8,21.3,79.1,4.5,35.6,0.3,0.9049773755656108,19.68287526427061,0.1814139617607825,1.9,63.61,4.52,118.2,4.1,0.0,3.19,13.1,1.0,0.134428030412535,0.2243472591553141,40.52850356294537,57.0,8.9,152.0,10.02,49.58,6.912539850077546,3.02,0,4.2092882991556095,-3.7,77.0,-6.3444108761329305,95.4,8.91,68.226,0.331,14.11,3,39.3,20.1,15.8,65.0,61.6,31.52,2.9,-3.39,79.9,25.38,30.0,0.0,5.938,52.0,0.0,24.1,0.212,219.0,24.0,17.27
23,200044014,CC Creuse Grand Sud,100.0,98.96073903002308,61.0,0.2413394338579114,0.278745739933131,48.18399033899768,2.0,40.0,26.700000000000003,22.6,13.63,3.58,15.9,37.4,45.6,31.55,33.3,21.8,75.3,-1.6,35.6,0.5,1.4771048744460855,23.618480652258317,0.0,4.0,5.43,5.21,142.3,14.8,23.9,3.19,49.7,0.0,68.72011068609099,0.2197039626085234,50.68160909927239,72.9,5.6000000000000005,135.0,26.97,49.58,7.176973534314254,4.34,2,5.921514312096029,-0.9,55.0,-3.1818181818181817,86.3,13.97,42.256,0.072,18.81,4,46.6,21.3,14.9,63.2,70.8,49.7,3.1,-0.15,111.1,15.85,14.81,0.869,30.944,53.0,0.0,19.2,0.182,176.0,24.0,19.17
23,200067189,CC Creuse Sud Ouest,99.60578186596584,98.59353023909986,61.0,1.3977979894686454,0.4025158777344662,87.7573824009497,2.0,38.0,26.3,26.9,7.21,4.44,15.3,40.400000000000006,37.4,41.25,55.63,20.6,80.2,1.4,33.7,0.6,2.150856634280205,21.514291948505345,0.0703056768558952,2.8,10.48,5.19,122.1,10.5,19.1,3.19,53.2,0.0,30.06146812016456,0.1191835611797981,44.909542390918766,68.7,7.8,144.0,12.22,49.58,7.124325747998314,3.71,1,5.62669616519174,0.5,71.0,-32.323232323232325,89.85,8.32,38.766,0.131,19.54,5,40.1,22.1,16.8,63.7,51.4,40.87,3.2,-3.9899999999999998,82.8,22.51,28.4,0.0,342.675,53.0,0.0,18.5,0.202,185.0,24.0,17.32
23,200067544,CC Creuse Confluence,99.488,100.0,61.0,2.537864293385012,0.7277097686298662,52.53930597060438,1.0,35.25,27.200000000000003,17.8,6.54,-1.87,17.9,36.9,37.9,41.67,49.98,21.7,80.9,3.6,35.6,0.7000000000000001,1.0922992900054616,21.82525951557093,0.0174731182795698,2.0,23.080000000000002,4.25,119.3,3.6,10.7,3.19,14.0,0.0,1.976797652539553,0.2169058924001268,43.32734889287852,57.4,14.9,139.0,15.57,49.58,6.575659764689669,1.82,0,5.214518268419149,-0.4,72.0,-38.55421686746988,98.21,8.83,69.401,0.319,14.23,4,41.7,20.1,15.5,62.4,57.3,38.29,3.0,-3.6799999999999997,89.1,27.32,30.05,0.607,129.862,54.0,0.0,23.3,0.18,189.0,24.0,16.9
23,200067593,CC Marche et Combraille en Aquitaine,98.94602363462153,100.0,61.0,0.9507260527845676,0.6540004186875068,128.6838056063376,1.0,40.75,27.0,26.8,5.029999999999999,-1.49,16.3,36.9,34.0,51.12,56.03,20.0,78.2,3.1,40.150000000000006,0.5,1.533624722030519,20.188003581020592,0.0082730093071354,2.3,16.42,4.6,114.0,2.1,13.2,3.19,21.2,0.0,18.40129536895253,0.1491335532714914,46.00045320643553,56.1,12.8,148.0,6.72,49.58,6.585833041744865,3.07,1,5.520967861649225,-0.5,75.0,-19.387755102040817,87.86,2.95,65.667,0.133,14.59,4,41.7,22.5,14.0,63.8,52.3,38.42,3.0,-3.09,75.9,24.78,26.5,0.0,18.884,52.0,0.0,19.0,0.217,211.0,24.0,18.36
23,242300135,CC du Pays Sostranien,98.39228295819936,100.0,61.0,3.6398164266497854,0.9247653219709452,86.95217264508604,1.0,42.0,26.8,12.3,13.43,0.29,14.0,34.1,47.400000000000006,21.12,13.24,19.9,83.6,3.7,35.6,0.8999999999999999,0.8820935019112026,25.68794326241134,0.0971558016612131,3.0,0.0,2.94,149.2,9.6,51.9,3.19,9.6,0.0,0.2352426121853338,0.3983519267394897,42.48056135027499,69.8,17.5,133.0,19.11,49.58,7.275116375783106,2.94,0,4.596394027608226,-2.0,55.0,-45.75342465753425,95.47,6.77,71.987,0.323,14.25,3,43.6,19.1,20.1,51.7,52.2,31.56,3.1,-2.36,117.2,9.1,39.3,0.0,397.307,54.0,0.0,26.1,0.164,172.0,24.0,14.77
23,242320000,CC de Bénévent Grand Bourg,99.45674885081488,99.87080103359172,61.0,3.122157484573592,0.9933605707216276,69.41551368854871,0.0,39.5,26.8,24.5,4.03,-0.75,14.6,36.0,38.1,30.27,36.85,19.9,80.3,0.4,33.7,0.6,1.4738393515106851,22.74741506646972,0.0,1.6,3.04,7.37,148.4,9.3,20.3,3.19,30.5,0.0,1.474411674031446,0.1663289167218593,46.464646464646464,57.3,15.4,149.0,13.669999999999998,49.58,6.758564824369505,1.47,0,3.3420976596359435,-0.3,72.0,-28.947368421052637,96.17,2.26,61.605,0.274,15.49,4,40.5,18.3,16.9,58.5,47.5,32.87,2.9,-5.16,66.3,20.88,26.5,1.474,223.665,51.0,0.0,22.0,0.185,206.0,24.0,15.74
23,242320109,CC du Pays Dunois,97.2644376899696,96.97986577181209,61.0,6.693149045001904,0.8032946040685195,175.16061653702104,1.0,39.25,26.8,27.1,4.06,-5.84,15.9,38.3,34.3,41.05,45.69,19.9,83.0,1.7,35.6,0.7000000000000001,1.432870038687491,22.01012855473315,0.0,1.8,13.420000000000002,5.73,109.6,4.6,14.1,3.19,15.7,0.0,2.448218262806236,0.2410416564834341,44.88255033557047,56.0,20.6,155.0,3.3300000000000005,49.58,6.7334976774509,2.87,0,4.658157444381061,-1.0,84.0,-22.55434782608696,98.27,5.16,68.337,0.333,14.18,4,42.0,19.4,15.5,59.0,57.2,35.11,3.0,-2.22,73.8,23.0,35.29,0.0,258.669,53.0,0.0,18.2,0.222,237.0,24.0,13.67
24,200027217,CC Sarlat-Périgord Noir,98.3026874115983,99.5475113122172,55.0,14.31910143714246,2.151004451611423,99.74218508201795,2.0,34.5,21.4,20.9,7.8100000000000005,0.8,9.5,25.1,43.7,19.18,8.25,18.3,80.5,-1.0,34.2,1.7999999999999998,4.453240969816922,35.423954689322,1.095056595056595,3.1,3.1199999999999997,3.71,120.1,11.8,42.9,2.68,52.0,0.0,100.0726543157176,1.11964214135487,68.66387058118634,74.2,10.2,132.0,9.49,54.53,6.985178861208694,2.47,3,5.578891524154288,-1.7,46.0,-23.25581395348837,76.63,8.66,25.038,0.62,22.98,5,39.5,15.3,18.4,55.4,79.4,51.52,3.0,-3.44,135.1,9.69,9.69,0.0,189.934,53.0,0.0,24.0,0.632,178.0,17.9,14.75
24,200034197,CC de Montaigne Montravel et Gurson,98.12322274881517,99.0582191780822,59.0,6.972011014368916,1.0582658061598822,85.8082997311828,3.0,37.0,19.8,11.1,1.9,-1.92,9.8,28.5,31.5,22.16,21.75,16.6,87.1,2.4,34.7,1.2,0.5059448520111306,24.68300929839392,0.0,2.7,0.27999999999999997,3.37,169.5,15.3,22.0,2.68,34.3,0.0,100.07043474982092,0.4453128431776574,44.40202506432069,50.6,24.5,125.0,6.4,54.53,6.611947576233292,0.84,1,6.307359307359308,-11.0,86.0,-13.218390804597702,100.0,26.43,29.109,7.76,13.55,6,31.7,17.8,23.2,52.9,43.9,28.5,3.0,-6.819999999999999,54.0,10.33,14.78,0.0,34.028,61.0,0.0,18.0,0.7,131.0,17.9,18.46
24,200034833,CC des Bastides Dordogne-Périgord,99.32830544426112,99.28425988770285,59.0,12.722756813388214,1.3828123237766807,133.045,1.0,36.2,21.9,22.2,3.6799999999999997,-1.51,10.2,33.7,37.4,32.2,31.3,17.9,80.7,2.9,33.833333333333336,1.3,0.806408257620558,28.722051895610555,0.8954091816367266,2.1,10.7,3.23,107.2,14.7,22.0,2.68,47.9,0.0,78.2499925156423,0.2724312014833231,51.86163189860048,63.3,22.5,147.0,9.84,54.53,7.296024312855996,2.69,0,6.411131924003211,-2.7,64.0,-40.91680814940577,99.72,22.74,30.54,1.053,17.53,6,36.2,17.1,16.7,61.9,49.5,40.48,3.1,-1.6,90.7,15.89,30.66,0.0,5.281,55.0,2.0,18.0,0.553,222.0,17.9,16.99
24,200040095,CC Isle Vern Salembre en Périgord,97.75280898876404,100.0,37.0,0.9588176141811464,1.3842213270210035,37.69009601612647,2.0,33.333333333333336,21.1,8.6,7.75,1.22,9.0,31.1,39.8,16.4,12.85,18.6,90.4,2.6,30.1,1.0,0.3701353637901859,27.589121081745542,1.3547038327526135,2.4,0.18,1.59,140.9,16.6,48.0,2.68,50.7,0.0,99.98134938585198,0.7646777110057368,34.1902581182348,71.9,20.1,129.0,16.05,54.53,6.777460913023456,1.59,0,4.329863129524917,-8.7,55.0,-18.103448275862068,70.16,12.49,19.523,1.105,18.66,6,35.3,14.4,21.6,58.4,61.7,25.65,2.7,-0.06,77.3,8.0,25.63,0.529,80.662,56.0,1.0,23.2,0.718,144.0,17.9,16.31
24,200040384,CC Isle Double Landais,100.0,100.0,37.0,0.0,0.6853217191051626,64.34859437751004,1.0,36.0,23.7,5.8,3.54,5.61,11.0,28.8,32.300000000000004,12.39,14.38,19.4,86.0,1.6,32.400000000000006,1.1,0.0797066794197353,27.556034999400698,0.7072573839662447,3.0,0.45999999999999996,3.19,168.8,7.6,44.5,2.68,49.8,0.0,100.0711337601078,0.535694127172617,40.61712846347607,68.4,13.7,140.0,2.2399999999999998,54.53,7.507568961650591,0.8,0,6.760803106667768,-4.1,50.0,-0.7633587786259541,91.24,11.21,22.294,1.063,21.86,5,36.4,17.0,21.5,55.9,71.4,28.77,2.8,-5.319999999999999,92.4,7.89,28.33,0.0,258.974,60.0,0.0,16.7,0.57,170.0,17.9,17.66
24,200040392,CA Le Grand Périgueux,100.0,100.0,48.0,19.8989744374713,1.0382605850864222,91.34629508574945,2.0,35.57142857142857,17.7,5.2,12.950000000000001,4.23,9.2,25.4,49.6,13.65,10.0,15.8,81.0,-1.0,33.0,1.6,5.31767889986944,35.36501425782073,1.7344924054897248,3.2,0.24,3.72,146.6,24.5,65.3,2.68,49.0,0.0,99.9806795535092,1.0287461400469962,43.55544050073502,76.7,12.5,113.0,10.52,54.53,5.902152255186136,1.91,8,4.323360161935515,-5.5,37.0,-28.246318607764398,64.15,12.97,26.184,2.036,15.68,6,41.6,13.8,16.1,51.0,63.5,31.56,2.9,-1.79,109.9,13.12,16.53,0.286,233.171,,0.0,25.1,0.989,123.0,17.9,16.18
24,200040400,CC du Périgord Ribéracois,98.2243448444771,98.7298080905702,34.0,7.579038196227545,1.117496351822396,99.0161066227551,1.0,31.666666666666668,23.5,18.8,3.8600000000000003,-0.55,12.1,33.0,38.7,30.33,31.17,17.7,85.6,1.5,30.0,1.3,1.2854131317805544,24.302241503976862,0.0936374549819928,1.9,1.0699999999999998,2.57,107.9,9.3,7.8,2.68,29.2,0.0,100.01865165589952,0.3776086398458612,49.43460422295607,70.4,14.2,144.0,12.09,54.53,7.246148548691527,1.03,3,5.146865275723104,1.0,65.0,-26.825127334465197,100.0,6.63,51.878,1.346,13.37,4,36.4,18.7,20.7,61.6,53.4,34.35,3.0,-2.55,82.7,13.07,37.59,0.0,52.036,56.0,0.0,17.3,1.272,196.0,17.9,16.91
24,200040830,CC du Pays de Fénelon,72.4124809741248,73.2840115084258,56.0,13.127939834704886,2.163075935565724,89.88498138187836,1.0,32.666666666666664,19.1,27.3,3.1199999999999997,2.16,9.2,31.4,30.6,27.57,34.32,16.2,86.0,3.4,33.35,1.1,1.2335526315789471,27.40410588870881,6.021406727828747,2.7,0.67,3.08,129.7,12.3,33.9,2.68,53.1,2.0,99.99133920920552,0.4799967210724732,53.2319391634981,64.9,10.9,133.0,13.52,54.53,6.179265306122448,2.06,0,4.150649350649351,-11.6,66.0,-5.291005291005291,97.67,10.63,26.184,0.606,22.93,5,33.3,15.7,18.6,63.7,41.6,43.69,3.0,-2.79,67.0,14.35,17.29,0.0,119.071,56.0,0.0,18.0,0.468,182.0,17.9,15.95
24,200040889,CC de Portes Sud Périgord,97.51243781094529,100.0,45.0,10.58918918918919,1.8308512138697688,110.36671802773498,2.0,39.25,19.7,18.8,2.27,2.25,9.0,34.4,30.4,30.28,31.02,16.8,80.5,-2.3,33.650000000000006,1.1,1.301775147928994,26.96222183888218,0.4867536575721629,1.5,0.16,2.37,91.5,18.2,39.6,2.68,9.6,0.0,27.014046442160662,0.2899224881233705,52.41090146750524,60.2,13.1,149.0,10.72,54.53,6.695921278293797,2.37,0,5.413526684892428,-1.7,60.0,-26.64835164835165,100.0,15.89,63.624,3.611,10.49,5,34.8,18.1,16.7,60.7,46.1,34.44,3.2,-7.75,64.0,17.88,19.72,0.0,23.294,53.0,0.0,20.0,0.694,186.0,17.9,15.98
24,200041051,CC Vallée de la Dordogne et Forêt Bessède,100.0,99.31517046300432,56.0,20.68800191777538,1.6218435755655445,132.54439722657125,1.0,36.0,23.3,29.6,4.22,0.0,7.9,32.1,29.2,21.68,22.26,19.2,82.1,-1.0,34.2,1.3,0.3346346904629113,27.78889059855362,0.0208333333333333,2.7,0.09,3.35,148.0,26.7,33.5,2.68,49.5,0.0,99.919553247159,0.3556951013821112,57.94249480704056,75.9,10.9,139.0,10.54,54.53,6.878308782810945,2.23,0,5.805626315206557,-0.8,63.0,-28.57142857142857,93.62,9.59,28.178,0.476,20.79,5,38.6,19.5,18.0,57.0,77.4,51.2,3.2,-5.489999999999999,84.3,20.65,29.25,0.0,0.0,52.0,0.0,20.0,0.728,214.0,17.9,18.14
24,200041150,CC Terrassonnais Haut Périgord Noir,19.587857301130075,18.0992141453831,52.0,12.105078105379476,1.3141237539297526,69.39396680385329,1.0,31.83333333333333,21.1,18.0,7.31,-1.04,8.9,30.1,42.3,24.95,24.01,18.2,86.3,2.4,32.26666666666667,0.8999999999999999,1.4439781598303325,25.499173343507564,0.5046214006398863,2.8,3.46,3.16,129.7,18.7,24.9,2.68,45.7,0.0,99.99747262005054,0.407567562331572,47.28383583477221,58.6,20.7,130.0,6.79,54.53,7.210886104273888,1.8,3,4.57552025061535,-5.4,57.0,-30.272108843537417,91.98,10.7,34.976,0.412,19.06,6,36.3,18.6,19.8,64.3,52.2,34.47,3.0,-6.59,86.1,19.0,33.16,0.451,203.214,58.0,0.0,18.1,0.776,156.0,17.9,17.37
24,200041168,CC de la Vallée de l'Homme,92.222478652204,92.61570462818511,57.0,11.403396642597452,1.1041628489228623,175.62844326509983,2.0,33.333333333333336,22.6,26.7,3.3000000000000003,2.76,9.9,27.800000000000004,32.1,30.79,32.26,17.5,80.2,-2.8,34.2,1.3,0.5003439864907122,27.433110367892976,1.9051259433499952,2.8,1.79,3.13,123.0,14.8,39.4,2.68,59.1,1.0,99.9710296034258,0.4353830298043836,62.8413623810985,78.5,12.3,144.0,6.22,54.53,7.275170960487102,1.88,0,4.600921541021375,-13.9,62.0,-18.77133105802048,95.93,16.38,19.626,0.59,21.87,5,38.6,20.8,19.7,62.6,63.6,65.36,3.4,-4.9799999999999995,91.0,14.42,30.38,0.0,59.527,53.0,0.0,19.7,0.566,208.0,17.9,18.54
24,200041440,CC de Domme- Villefranche du Périgord,98.96736123916652,99.37900252280224,56.0,15.036242736476368,2.2895915392452086,269.59018708083306,1.0,37.25,22.7,35.1,3.7199999999999998,1.96,7.2,27.700000000000003,33.300000000000004,37.27,45.4,18.1,82.1,-1.9,34.2,1.2,0.1169317118802619,27.744326076887447,3.31974025974026,2.5,0.7799999999999999,3.51,110.2,10.8,24.5,2.68,58.1,0.0,68.08735823103476,0.3147736808510164,65.39166284928997,65.8,11.0,147.0,2.5100000000000002,54.53,7.086943280991874,1.17,1,4.937740918117043,-2.9,64.0,-37.2960372960373,93.56,13.44,25.506,0.488,22.98,5,37.4,20.0,15.5,68.0,51.5,53.44,3.2,-3.47,78.3,20.7,24.04,0.0,72.148,54.0,0.0,17.3,0.371,215.0,17.9,17.43
24,200041572,CC Dronne et Belle,97.43824336688014,98.1895633652822,55.0,9.051485048661188,1.0677472577151772,65.11321087954786,1.0,32.75,23.8,18.2,2.13,-0.88,12.9,36.8,34.599999999999994,43.06,39.59,17.4,84.4,-1.2,30.1,1.0,0.7021855525322567,23.378491787555447,0.0,2.3,1.21,2.63,81.1,18.7,67.5,2.68,50.8,0.0,99.94005679637732,0.2694350570185269,47.72981821314724,53.1,38.2,133.0,5.7299999999999995,54.53,6.755634920634921,3.51,0,4.9112,-4.9,78.0,-25.517241379310345,99.74,20.61,32.058,0.845,15.0,4,34.7,15.6,16.2,58.0,66.7,34.49,3.0,-2.1999999999999997,100.4,12.19,33.31,0.878,258.465,54.0,0.0,20.2,1.042,189.0,17.9,17.23
24,200069094,CC Isle et Crempse en Périgord,97.55794701986756,100.0,50.0,5.442023971270841,1.6055938636994895,121.04790916643589,2.0,35.6,21.7,10.9,3.3099999999999996,-1.32,11.6,33.300000000000004,36.0,27.02,27.39,18.0,86.7,0.1,32.400000000000006,1.2,0.5526770293609672,26.44963388086285,0.2688815060908084,2.5,0.86,2.07,119.1,7.6,44.7,2.68,56.6,3.0,100.05468895511268,0.3080486063116657,41.83077549911721,71.6,11.0,139.0,18.98,54.53,7.099393906246893,5.53,0,5.630446888486705,-3.2,69.0,0.823045267489712,93.62,16.71,21.603,1.037,19.87,5,35.3,16.6,20.1,59.2,60.2,32.4,2.9,-3.55,71.1,11.6,23.44,0.0,116.8,58.0,0.0,20.7,0.779,172.0,17.9,16.88
24,200070647,CA Bergeracoise,97.56876910252848,99.9070091828432,59.0,10.383181200233055,1.779637171494218,74.64797748741073,2.0,34.333333333333336,17.299999999999997,5.8,9.16,3.26,9.0,27.3,43.3,12.5,7.43,17.1,83.3,-0.8,34.7,1.5,1.283488489220321,33.44044507325963,1.7093261518646452,2.4,0.15,3.57,147.8,19.8,45.1,2.68,29.6,3.0,98.90487349295296,0.8151463739141178,45.63639526241718,71.1,12.6,135.0,23.91,54.53,6.693093587112904,1.46,5,5.500875020637279,-2.6,39.0,-19.693396226415093,58.94,28.06,36.407,8.581,11.47,7,39.8,16.9,17.7,45.3,60.6,27.44,3.0,-3.19,107.9,10.79,11.32,0.0,97.883,60.0,6.0,20.9,0.76,152.0,17.9,17.7
24,200071819,CC du Périgord Nontronnais,99.54597048808172,99.7184231697506,56.0,8.439199404291806,1.205730827902101,75.24298570672313,1.0,37.5,26.1,21.2,3.6900000000000004,-1.39,11.2,32.7,34.1,31.07,34.84,19.5,83.9,1.8,30.1,0.8,1.053740779768177,25.61322921451539,4.434260869565218,2.4,1.69,2.63,91.7,12.8,34.8,2.68,49.5,0.0,99.9747517779826,0.2533711979983508,51.11512182544799,55.7,19.2,148.0,2.31,54.53,6.965786096458532,1.32,0,4.754012814584847,-2.0,55.0,-24.213075060532688,97.75,15.0,29.837,0.408,19.89,4,39.4,20.3,14.7,65.8,57.8,40.57,3.0,-3.6700000000000004,98.4,12.96,43.93,0.0,158.566,54.0,0.0,16.1,0.456,232.0,17.9,17.71
24,242400752,CC Périgord-Limousin,95.66881547139404,98.70513402998635,36.0,8.752860859784597,1.0488956130202247,125.93035357855716,2.0,34.75,26.1,17.4,4.01,6.11,11.5,35.5,36.0,30.14,31.56,18.2,82.1,-2.0,31.46666666666667,0.8,0.2841312686461145,23.436123348017617,1.6993082576740164,3.4,2.55,4.26,109.5,11.7,25.3,2.68,39.9,1.0,99.998831957639,0.2501184720890021,47.79665699682277,64.0,18.8,143.0,11.25,54.53,7.074053322834328,2.13,0,4.992933361599887,-2.5,67.0,-32.581453634085214,98.44,8.97,40.641,0.94,17.73,5,38.1,18.9,17.1,63.4,46.3,39.78,3.0,-1.3,82.9,11.64,28.95,0.0,43.514,56.0,0.0,17.1,0.423,215.0,17.9,17.39
24,242400935,CC du Pays de Saint Aulaye,98.0370774263904,99.01417128773876,26.0,7.682976142337242,1.0909103685383053,93.61742651469706,3.0,35.666666666666664,24.2,15.6,2.73,-1.16,11.1,30.6,32.99999999999999,23.93,35.61,20.8,82.7,-0.8,32.400000000000006,0.8,1.644736842105263,24.381707886140926,0.1419327006039689,2.1,6.12,2.99,120.4,4.1,20.4,2.68,52.2,0.0,99.95242782152232,0.3255649022689938,42.85714285714285,60.9,10.3,152.0,4.63,54.53,8.068277783731649,2.99,0,6.111777944486121,-9.7,55.0,-5.405405405405405,99.51,25.57,27.098,0.748,20.11,4,38.3,20.3,24.5,58.8,35.8,33.64,3.0,-3.94,96.8,18.17,44.17,0.0,182.622,55.0,0.0,16.6,0.531,191.0,17.9,17.05
24,242401024,CC Isle-Loue-Auvézère en Périgord,65.95063985374772,84.74256022673595,35.0,9.19922939291093,0.7995846566948875,119.06916489789944,2.0,35.333333333333336,23.6,19.6,1.8399999999999999,-0.83,12.5,41.3,31.0,40.38,41.84,18.4,78.3,-1.4,31.46666666666667,0.8,1.7385005432814198,25.11082963901203,2.1651681651681653,2.5,39.97,4.35,118.2,13.1,11.8,2.68,38.1,0.0,100.02564478311842,0.3121689223202087,43.25969980175588,63.9,6.1,136.0,11.63,54.53,6.715844982135022,5.8,0,4.88306274681878,-5.3,76.0,-30.639097744360903,98.72,11.36,40.59,2.992,17.76,4,37.0,17.6,17.8,66.7,37.6,37.09,3.0,-2.59,80.6,19.36,24.68,0.0,58.765,56.0,0.0,18.6,0.504,211.0,17.9,18.13
25,200023075,CC du Pays de Maîche,95.9129861568886,99.98528762689422,62.0,3.841731558326204,2.391217492600317,112.4012725115928,1.0,40.66666666666666,21.1,6.7,6.35,-3.96,9.4,27.200000000000003,39.900000000000006,22.65,17.32,20.6,86.8,0.2,24.8,1.3,0.3229800290682026,33.00926972643002,0.0890629532927183,2.4,8.04,2.15,90.1,27.6,41.3,2.92,45.2,0.0,28.77980262127304,0.2962254169396587,36.21169916434541,56.8,17.2,96.0,18.57,53.35,5.769524679932722,3.23,0,4.6999086070641365,0.9,43.0,-8.564231738035264,69.93,5.29,46.623,0.063,15.24,4,36.7,7.2,12.0,53.0,81.5,23.2,3.3,-6.09,52.7,11.69,49.52,1.077,181.321,57.0,0.0,21.4,0.314,80.0,14.7,11.39
25,200065647,CA Pays de Montbéliard Agglomération,98.72475005101,98.8057480715768,60.0,2.7027493246576717,4.70074629553822,82.4856322456374,2.0,35.333333333333336,19.0,1.4,22.189999999999998,-4.33,9.9,24.1,63.8,3.49,2.56,17.0,85.0,1.6,22.4,1.4,2.4204205929671345,32.63861929744778,3.414107954823253,3.2,0.0,3.52,135.3,22.9,50.5,2.92,45.7,3.0,1.1908341255278223,0.8466321520363309,31.478192224195777,50.6,37.3,116.0,11.31,53.35,6.51546778707482,2.51,3,3.6263021019390425,-1.4,15.0,-17.22488038277512,19.2,12.67,23.241,0.636,14.58,6,37.3,17.9,17.8,40.5,55.1,18.57,3.2,-8.83,107.2,6.45,19.85,0.072,1576.377,61.0,1.0,19.5,1.066,96.0,14.7,18.3
25,200068070,CC Loue-Lison,98.64864864864865,98.046875,64.0,1.5914351851851851,2.5012534651757687,253.02371931486303,1.0,38.85714285714285,17.1,8.1,3.7800000000000002,-1.64,7.2,26.4,32.9,20.49,29.12,15.5,84.0,-1.1,29.0,1.3,0.6727610906644506,28.72458843517488,2.600753039375794,3.6,1.13,2.77,96.4,17.1,40.8,2.92,52.3,1.0,36.75423144902789,0.2804419808314349,43.66355429855488,53.9,26.5,117.0,13.44,53.35,5.017348107120296,3.17,1,4.685289008212255,-2.1,63.0,-19.13214990138067,87.44,10.48,38.574,0.338,15.51,3,34.1,8.5,9.9,62.2,78.9,29.4,2.6,-3.2199999999999998,62.7,14.23,27.96,0.0,505.986,57.0,0.0,20.4,0.528,97.0,14.7,14.72
25,200068294,CC des Deux Vallées Vertes,99.09523809523807,100.0,57.0,1.679489323744216,1.792248440511404,96.14641625143732,1.0,37.4,21.2,4.8,4.109999999999999,-19.15,11.6,29.8,35.5,21.84,26.22,18.4,85.5,6.3,27.0,0.8999999999999999,0.1281394156842644,24.78120243531203,3.3851817406804625,3.4,7.290000000000001,3.2,113.9,9.5,18.9,2.92,43.3,0.0,0.0825251413802809,0.3550516827404875,42.598509052183175,58.5,33.1,116.0,15.93,53.35,5.622489923869233,4.48,0,6.333291536050157,0.9,64.0,-8.212560386473431,95.56,11.63,38.957,0.539,14.5,5,34.5,12.6,15.2,57.1,57.5,25.88,2.6,-6.13,61.7,11.26,37.26,0.0,378.375,59.0,0.0,18.3,0.817,109.0,14.7,15.14
25,200069565,CC des Lacs et Montagnes du Haut-Doubs,99.02912621359224,94.88188976377953,54.0,0.6548175865294669,2.0750011442304976,124.66549445219184,2.0,31.5,12.9,33.9,1.11,12.5,6.2,20.200000000000003,32.8,17.48,31.81,17.7,87.8,1.2,26.85,1.6,0.7771865845638787,34.272051009564294,1.7548469387755103,2.2,1.28,2.39,66.1,16.4,44.2,2.92,64.9,0.0,72.39301788393304,0.3444486690321082,44.10053525715615,70.2,19.0,79.0,15.83,53.35,4.342328108079319,1.2,0,5.260594010190133,8.8,35.0,7.725321888412018,66.81,10.72,30.825,0.011,19.1,4,34.1,5.0,8.3,57.8,80.8,27.68,3.2,-6.13,35.9,20.72,22.03,1.794,782.523,60.0,0.0,32.5,0.223,52.0,14.7,10.95
25,242500320,CC Entre Doubs et Loue,100.0,100.0,61.0,2.379064234734338,2.5240468939568284,33.24183086525517,1.0,37.0,12.6,6.2,0.29,0.0,6.7,24.0,37.4,34.18,42.18,14.7,89.2,3.4,27.2,1.7999999999999998,0.726832222895215,32.74863760217984,7.4137353433835855,2.2,8.92,1.21,59.9,24.6,32.0,2.92,40.3,0.0,2.578489541432019,0.469467165324644,31.52405783360986,60.1,25.7,91.0,16.82,53.35,4.232505334573508,2.42,0,5.626196859440827,1.6,56.0,-9.243697478991598,67.88,8.54,73.88,0.009,14.36,3,28.0,5.3,5.4,62.8,85.2,22.05,3.1,-7.580000000000001,33.0,14.17,16.0,1.211,331.832,60.0,0.0,23.7,0.217,51.0,14.7,10.69
25,242500338,CC du Grand Pontarlier,96.66666666666669,97.36842105263158,58.0,0.0,4.142705699230001,106.9690154746378,3.0,33.0,14.499999999999998,3.4,10.61,2.6,6.4,20.8,57.4,3.88,2.94,19.3,79.6,1.4,27.2,1.9,0.4198740377886633,40.37206434040804,2.933736559139785,3.9,0.05,3.85,83.5,29.7,97.4,2.92,39.9,1.0,15.18913676042677,0.7540395999250554,48.08728448275862,70.1,15.4,91.0,12.479999999999999,53.35,5.441267412080705,3.5,2,6.579398046931934,-5.1,18.0,6.122448979591836,61.2,2.51,37.725,0.009,17.43,3,41.5,9.3,14.0,39.5,63.5,25.3,3.5,-9.99,107.0,5.6,5.6,1.05,1137.19,61.0,0.0,27.2,0.234,80.0,14.7,14.64
25,242500361,CU Grand Besançon Métropole,99.80830670926515,100.0,57.0,1.0271779502548732,0.2134205159818909,71.29832805047242,3.0,37.25,13.5,2.0,19.139999999999997,1.48,8.3,19.7,58.6,2.75,2.14,16.6,68.9,-2.4,30.8,2.0,3.714961161769673,40.2978323340547,3.797805708965487,4.6,0.02,3.07,134.5,30.9,76.2,2.92,41.3,1.0,7.209491678760576,1.3635074785888088,37.571387111213866,70.1,13.4,98.0,12.879999999999999,53.35,5.253793065935141,1.92,12,3.261061286654421,0.4,21.0,-9.9009900990099,21.8,9.11,31.866,0.974,14.51,5,46.5,15.9,12.2,41.9,72.4,24.66,3.4,-3.44,120.8,8.9,13.01,0.302,744.049,,4.0,23.9,0.914,82.0,14.7,20.42
25,242504116,CC du Val de Morteau,97.87234042553192,96.62162162162164,58.0,2.260525572195536,2.5510049424713905,98.07463184482675,1.0,34.0,15.5,4.4,5.26,2.87,8.4,21.7,61.3,13.19,2.67,16.8,84.6,-0.7,27.2,1.4,0.3327787021630615,41.64048398957149,1.0166155419222904,3.8,4.02,3.33,60.2,34.7,56.8,2.92,40.9,0.0,0.5683705480716,0.6574669724726399,35.679756917269,61.2,18.3,86.0,11.129999999999999,53.35,5.076169938869919,1.43,6,5.407430609097919,0.3,21.0,-31.79723502304148,66.34,,48.719,0.008,15.55,4,36.8,5.6,11.4,42.0,77.2,23.53,3.5,-7.75,60.6,5.63,29.5,1.426,1326.366,60.0,0.0,26.6,0.258,72.0,14.7,11.24
25,242504181,CC des Portes du Haut-Doubs,97.36842105263158,96.875,64.0,0.0,2.847411997470308,5.171117594254937,1.0,41.0,16.0,3.4,3.36,1.92,7.6,20.6,35.099999999999994,18.45,21.04,17.0,81.5,1.8,29.0,1.0,0.2604941947008037,29.1575252303642,0.4873062015503875,3.9,0.36,3.35,113.5,26.8,68.1,2.92,38.6,0.0,5.634110809763658,0.4086964828682163,40.61853424806708,60.0,18.2,97.0,14.16,53.35,4.777696319353429,1.86,2,5.672935779816513,-0.2,52.0,-12.516823687752352,85.23,1.86,54.387,0.145,13.66,4,32.6,7.5,7.9,56.2,85.0,22.63,2.9,-7.829999999999999,74.9,12.57,37.0,1.489,1935.823,59.0,0.0,26.9,0.203,63.0,14.7,17.1
25,242504355,CC du Plateau de Russey,97.60348583877996,96.94444444444444,61.0,2.6143014170702,2.3496705095172503,16.257113821138212,1.0,37.5,15.2,4.5,2.07,0.0,8.3,23.3,38.7,21.77,16.75,16.400000000000002,87.3,-3.2,27.2,1.6,0.8562865705722849,33.55328934213157,0.0474074074074074,2.3,0.0,2.85,85.8,39.9,41.1,2.92,39.5,0.0,12.191431054073924,0.4833062661300294,31.70899107755662,65.7,18.8,90.0,18.45,53.35,4.637044556042312,1.43,0,4.484218399401645,0.9,66.0,-29.1044776119403,66.94,7.01,53.442,0.014,15.19,4,26.6,5.0,9.4,64.2,79.2,23.55,3.1,-6.3,41.1,13.94,44.76,4.281,157.859,57.0,0.0,27.1,0.264,55.0,14.7,9.19
25,242504371,CC du Pays de Sancey-Belleherbe,99.24242424242424,91.66666666666666,64.0,0.7057163020465773,6.977230920283892,58.97473645946928,0.0,40.25,20.200000000000003,6.9,1.15,40.0,10.7,28.8,30.600000000000005,35.56,51.3,17.599999999999998,82.6,0.7,26.8,0.4,0.0,20.321560358460733,0.0,0.4,7.3,3.62,125.8,4.7,19.1,2.92,41.6,0.0,3.079880244717317,0.2748022042715794,48.69842394191606,57.4,14.499999999999998,124.0,20.87,53.35,5.236380364918101,7.25,0,4.52866473149492,3.5,70.0,32.057416267942585,90.69,2.59,51.827,0.245,13.67,3,33.8,10.6,7.6,65.8,70.9,31.7,2.9,-10.100000000000001,52.7,17.85,48.59,0.0,10.625,57.0,0.0,18.3,0.387,102.0,14.7,14.38
25,242504447,CC du Doubs Baumois,100.0,99.47089947089948,59.0,10.568946568103462,3.915990468754192,90.06389736563493,1.0,37.8,18.3,3.9,6.41,3.94,10.0,27.4,38.9,22.26,24.05,16.8,84.8,1.2,30.8,1.3,0.1239541369693213,27.68117304257919,5.005396825396824,4.9,0.69,3.1,113.9,6.1,69.0,2.92,43.9,0.0,8.904324957836664,0.3547450444562658,42.88569870979466,56.2,26.3,114.0,16.07,53.35,5.436649713070061,3.1,0,4.793017144287323,2.0,70.0,-4.316546762589928,95.28,10.34,48.004,0.695,13.14,4,33.3,9.7,10.9,52.1,82.6,24.11,2.6,-3.73,72.2,12.45,31.22,0.0,484.584,59.0,0.0,23.2,0.642,93.0,14.7,13.37
25,242504488,CC Altitude 800,96.7741935483871,98.63013698630137,64.0,1.635590448151783,4.349351308255418,15.558542141230069,1.0,37.0,17.2,4.6,4.15,27.59,8.0,24.6,33.599999999999994,22.46,41.32,17.4,83.1,0.0,27.2,1.0,0.149812734082397,29.405212742258858,0.2128919860627177,3.5,0.05,3.0,82.4,24.4,31.9,2.92,47.0,0.0,0.4639275630415733,0.3603177165733487,36.66335085974136,60.1,16.3,106.0,24.95,53.35,4.601128054915814,3.0,0,7.273595241821881,1.0,70.0,-4.522613065326634,74.48,6.74,49.785,0.065,16.02,1,30.4,6.8,12.0,63.4,160.5,19.93,2.7,-5.2299999999999995,58.4,17.22,23.56,0.0,247.264,62.0,0.0,24.0,0.13,65.0,14.7,13.23
25,242504496,CC du Plateau de Frasne et du Val de Drugeon,100.0,100.0,63.0,0.0,0.5960345508707119,121.43919565911268,1.0,33.0,16.3,5.4,1.4200000000000002,-5.13,7.8,25.8,40.1,18.79,31.2,16.900000000000002,87.9,3.3,27.2,1.5,1.2586532410320956,31.49122807017544,1.5212459793465385,2.0,0.0,1.57,62.2,17.1,31.9,2.92,38.3,0.0,24.96944134078212,0.4109363339385081,32.58687258687259,52.9,32.1,88.0,23.880000000000003,53.35,4.689262062440871,3.15,0,4.937251655629139,6.1,68.0,64.60176991150442,69.05,,50.252,0.013,17.42,2,29.6,5.7,10.7,59.0,89.6,26.43,2.9,-8.81,44.9,17.0,17.2,1.573,179.151,60.0,0.0,29.6,0.207,53.0,14.7,11.93
26,200040459,CA Montélimar Agglomération,98.07692307692308,97.82726778924496,54.0,3.960951526032316,2.1730864082410117,74.73998482770695,3.0,31.666666666666668,13.6,4.1,12.989999999999998,6.06,8.5,23.5,43.5,3.49,3.99,15.1,83.5,-0.6,39.5,2.2,3.810576531502705,38.97840097543983,3.039950588169236,2.8,3.38,2.62,221.0,22.2,71.4,2.94,30.8,0.0,3.634610862920292,1.2692304185772618,49.0808849582607,64.5,19.4,109.0,8.55,54.66,5.757426603664055,2.04,5,4.946486195769093,-3.0,29.0,-14.285714285714285,40.21,15.03,37.803,3.718,11.93,6,37.4,15.6,17.5,44.0,55.5,27.28,3.2,-7.739999999999999,106.7,12.19,12.44,0.145,846.55,60.0,0.0,21.6,0.908,90.0,12.3,15.21
26,200040491,CC Porte de Dromardèche,97.80331192970598,99.8829953198128,72.0,2.034873747770001,2.152789038190074,138.10292610487127,2.0,33.0,16.8,3.6,9.82,-0.6,8.8,26.200000000000003,46.4,9.9,8.55,18.3,86.1,0.9,30.8,1.2,3.646137178098175,29.63267630588161,2.1033950617283947,2.2,0.48,2.5,125.5,23.2,48.5,2.94,24.0,2.0,2.499692860180504,1.0066351188600824,38.66712386792263,48.8,24.6,112.0,10.02,54.66,5.874968999328572,2.08,0,3.5599568107719017,-2.3,37.0,-16.19047619047619,64.8,15.35,48.229,3.705,12.23,7,33.1,14.2,15.0,46.4,60.3,26.69,2.8,-7.57,83.5,7.47,12.71,0.625,3023.378,60.0,5.0,22.8,0.947,85.0,12.3,16.56
26,200040509,CC du Crestois et de Pays de Saillans Coeur de Drôme,100.0,95.14563106796116,56.0,6.567908336928904,2.1771695128279167,15.824804372127684,2.0,30.5,17.2,9.6,11.49,0.94,9.2,32.2,44.3,5.71,10.11,17.1,68.6,-7.6,29.3,1.2,3.102121851346321,29.77588046958378,3.6869522882181114,3.3,4.17,3.1,180.1,26.9,40.9,2.94,67.8,0.0,9.146357951664696,0.4159116937210565,54.84183735304811,71.2,14.9,123.0,20.54,54.66,6.352475455117278,1.86,4,4.393210388615914,-10.6,37.0,-20.51282051282051,43.23,51.55,18.549,8.777,22.04,5,39.7,15.8,19.9,54.6,72.4,57.2,3.0,-2.4899999999999998,106.9,15.93,15.93,1.861,931.402,60.0,0.0,24.6,0.502,113.0,12.3,21.19
26,200042901,CC Drôme Sud Provence,98.66399465597864,97.51895244658856,48.0,1.785244550444557,4.060840739811551,70.57039207478722,2.0,30.166666666666668,15.1,5.1,13.38,5.17,9.5,23.9,31.799999999999997,3.64,1.1,14.8,88.3,1.2,36.7,2.0,2.226396716064844,35.09317776697456,3.444555353901996,2.5,0.05,2.32,174.6,28.5,50.5,2.94,20.4,0.0,4.355673660960795,1.462386594112851,40.59457383604039,44.5,16.7,112.0,6.890000000000001,54.66,5.66081022851218,1.39,2,3.9792628899990574,-4.9,27.0,-24.070021881838077,33.81,21.13,40.582,10.932,8.99,7,32.7,15.0,18.5,47.0,58.7,27.74,3.1,-10.17,128.6,6.07,16.64,0.464,848.713,57.0,3.0,26.7,0.688,85.0,12.3,13.99
26,200067767,CC du Royans-Vercors,99.63768115942028,93.75,45.0,0.622626237469647,2.767338520563296,114.60066555740433,2.0,35.0,18.5,22.8,8.72,0.79,6.4,28.6,32.800000000000004,15.77,25.51,17.5,79.1,-2.0,29.4,1.0,7.603000102743245,29.511742892459825,0.3670859538784067,3.0,19.59,4.11,163.0,10.9,31.9,2.94,77.5,0.0,99.98790838030972,0.1385316476034281,56.477409036385446,69.9,14.099999999999998,112.0,35.730000000000004,54.66,6.303283080082748,7.19,1,6.483279508282113,2.0,49.0,-17.42738589211618,91.03,31.94,20.79,0.275,25.59,6,37.0,12.4,16.5,62.0,70.7,45.93,2.7,-2.52,78.6,22.72,32.22,2.055,244.902,,0.0,22.7,0.174,123.0,12.3,18.37
26,200068229,CC des Baronnies en Drôme Provençale,98.42814371257484,92.7914110429448,44.0,1.7541414000604076,3.784451229654426,93.1215710723192,2.0,29.857142857142858,18.8,30.3,4.84,0.2,7.5,28.7,33.2,22.14,22.15,17.9,72.8,-0.3,37.4,0.8,6.938755842528791,30.38095238095238,7.718711843711845,2.8,12.9,3.85,146.2,12.7,33.3,2.94,71.5,0.0,68.46971250686687,0.1135216784886186,65.83101644597333,66.1,10.5,148.0,20.25,54.66,7.1986573322510825,12.05,0,5.477414772727273,-0.1,50.0,-19.004524886877828,57.3,42.55,20.496,5.634,21.3,5,42.8,20.9,20.4,56.0,64.3,53.1,3.5,-5.65,99.6,24.64,33.57,0.0,162.104,51.0,0.0,15.8,0.345,217.0,12.3,22.7
26,200068781,CA Valence Romans Agglo,100.0,99.67345669413776,60.0,0.9606225191364942,3.641937336538603,73.15745139134049,3.0,33.714285714285715,12.7,2.6,16.900000000000002,6.48,8.7,23.3,58.9,4.26,2.3,13.8,77.8,-2.4,29.35,1.9,3.927219679684756,37.90262172284644,3.813313029371075,3.4,0.31,2.98,196.5,32.1,67.7,2.94,21.6,6.0,5.708631829939431,1.2553971471802916,44.1014380998436,62.6,17.4,108.0,12.520000000000001,54.66,5.381284971594126,2.09,15,3.7617981452540974,-1.2,19.0,-23.021582733812952,41.08,19.12,49.262,2.566,11.64,7,39.8,15.0,15.5,41.6,67.0,27.39,3.1,-6.29,118.5,7.67,11.94,0.267,1420.282,,6.0,25.3,0.567,93.0,12.3,16.56
26,242600252,CC du Val de Drôme en Biovallée,100.0,97.05215419501134,56.0,1.9958156692176403,1.9024648978009997,108.992071197411,2.0,34.4,13.6,8.0,6.83,6.37,6.8,28.4,38.7,9.84,7.16,15.2,85.5,-0.5,34.4,1.6,5.60693455353978,30.976399380659693,1.813476061294816,2.9,3.06,1.93,168.2,31.6,49.7,2.94,53.9,2.0,34.46987139510189,0.4309153228522977,40.127448815420045,53.0,26.4,110.0,13.29,54.66,4.829888706621037,3.54,1,4.917310103609847,0.4,50.0,-19.765739385065885,74.94,30.26,33.265,3.673,17.17,7,30.4,11.3,16.9,46.0,70.2,36.19,2.8,-5.029999999999999,71.0,12.03,15.21,0.322,785.514,62.0,2.0,26.5,0.521,85.0,12.3,16.18
26,242600492,CC Dieulefit-Bourdeaux,98.83720930232558,94.89953632148377,54.0,5.255907597753524,2.0046975570087686,241.3682178631052,2.0,32.5,16.900000000000002,23.1,6.5,19.26,8.1,26.1,31.8,22.36,22.59,15.5,75.9,-4.8,39.5,1.4,9.278565471226022,31.22400475341652,1.1799191374663074,2.8,7.41,4.17,105.6,31.2,43.1,2.94,67.9,0.0,21.787624202278053,0.2590967039358205,59.70300030306092,77.5,6.2,142.0,41.760000000000005,54.66,6.15762830869585,4.17,1,5.57636613465807,-17.3,43.0,15.5,100.0,69.85,23.281,1.029,25.66,5,39.0,16.5,13.8,63.3,59.9,64.74,3.3,-4.390000000000001,81.3,12.9,24.57,0.0,69.704,56.0,0.0,21.9,0.461,155.0,12.3,16.58
26,242600534,CC du Diois,100.0,90.19607843137256,56.0,1.135073779795687,2.6841430715672403,151.2305118768819,2.0,29.75,21.3,32.3,4.9399999999999995,3.46,7.7,33.4,28.0,34.85,40.04,18.3,64.9,-1.6,33.35,1.0,8.360235079877494,25.4250588543029,0.8600409836065575,2.9,20.64,3.31,135.6,22.3,64.9,2.94,81.8,0.0,46.578820056578245,0.0549566596395284,72.44750761339958,67.3,9.3,126.0,23.02,54.66,7.13339365188047,19.87,2,5.620335501540568,-22.1,58.0,12.236286919831224,94.33,68.19,14.823,2.932,28.23,5,44.0,22.7,18.5,68.5,69.3,88.07,3.4,0.44999999999999996,99.3,24.04,25.58,0.828,42.475,,0.0,21.9,0.193,149.0,12.3,23.53
27,200065787,CC de Pont-Audemer / Val de Risle,76.69339231407244,100.0,3.0,3.5440361255415733,2.5846830630612616,57.37420049200492,2.0,33.25,19.9,6.2,17.4,0.12,8.7,31.5,39.0,13.79,7.16,18.3,85.4,0.4,32.733333333333334,1.3,1.5969044621195831,32.99655351494264,0.6587915407854985,2.6,2.82,3.07,113.4,12.5,24.8,1.51,21.0,1.0,45.27544114092338,1.2554667707133127,38.25136612021858,68.3,13.8,112.0,14.04,51.81,6.0007434831426565,2.15,1,6.282644979212818,-5.5,49.0,-41.72932330827068,92.51,4.51,47.062,3.13,14.66,5,35.9,13.3,18.4,45.9,61.5,20.48,2.8,-7.670000000000001,81.2,11.03,12.47,3.071,706.202,61.0,0.0,25.7,0.495,88.0,12.4,16.01
27,200066017,CC Lieuvin Pays d'Auge,78.77216916780354,99.9800279608548,0.0,5.883164448241948,2.36671957829208,93.69205086659792,2.0,32.4,18.3,17.1,6.11,5.51,7.1,31.4,26.4,17.08,11.89,16.900000000000002,87.2,1.6,35.150000000000006,0.8,0.3445560149635755,28.033381712627,0.0145278450363196,2.1,0.09,2.95,97.9,18.9,27.9,1.51,5.7,0.0,1.9752562828684288,1.0153211362619818,41.37630662020906,64.8,13.0,116.0,12.67,51.81,5.438901286655741,1.48,0,7.643788137661704,-1.6,64.0,-32.11991434689507,97.59,2.61,72.856,2.618,10.99,3,30.7,11.6,13.6,52.5,62.6,25.74,2.7,-6.140000000000001,43.7,14.59,14.59,1.477,85.172,58.0,0.0,19.5,0.365,92.0,12.4,14.56
27,200066405,CC Roumois Seine,69.8051948051948,100.0,2.0,2.7525273978421545,2.6543582103080507,75.0110518475806,1.0,32.666666666666664,11.5,3.2,6.36,11.15,5.4,26.200000000000003,38.1,9.8,7.0,12.4,91.9,0.2,30.75,1.4,1.3166399348861704,33.859291537812766,0.1368421052631579,3.0,4.99,2.15,95.4,13.8,34.5,1.51,14.0,0.0,38.10579175450925,1.6929169879704211,31.23385468038138,68.9,20.6,108.0,3.0300000000000002,51.81,3.7042380601983247,3.35,0,5.306205543291636,-1.7,47.0,-20.46783625730994,71.21,0.5,65.394,4.499,9.01,5,23.9,6.1,12.0,46.3,62.9,18.03,2.5,-4.49,44.1,9.0,15.68,4.07,3268.987,63.0,0.0,22.6,0.686,76.0,12.4,11.79
27,200066413,CC Intercom Bernay Terres de Normandie,76.51661514683153,99.7587968217934,6.0,3.204965296014548,1.8942801312932989,93.431630789663,2.0,33.142857142857146,19.3,10.1,11.21,0.36,8.3,32.2,41.3,17.6,10.75,17.0,82.7,-0.3,35.36666666666667,1.3,0.8837500460286483,31.0823337734206,1.5475897975897972,2.1,1.9900000000000002,2.21,86.1,19.0,23.7,1.51,19.2,1.0,2.679482459939368,0.6387530978154599,36.75677618807966,63.3,16.8,120.0,10.979999999999999,51.81,6.360070757594241,4.79,3,6.331704126315024,-1.9,58.0,-23.697916666666664,97.76,3.52,67.408,2.401,8.67,5,35.5,13.2,17.5,46.9,60.0,23.79,2.8,-6.01,82.0,13.21,16.04,2.578,271.048,59.0,2.0,19.8,0.392,113.0,12.4,16.52
27,200066462,CC Interco Normandie Sud Eure,68.9601250977326,98.69791666666666,34.0,4.52609276935582,1.4598324142112538,127.5702589186028,2.0,33.6,22.6,14.4,12.839999999999998,-3.8,9.8,31.2,43.4,21.19,14.48,19.6,85.8,2.4,36.25,1.1,1.2498005637398284,27.570903250348707,1.222632226322263,1.6,0.31,2.39,71.7,8.4,42.8,1.51,20.5,2.0,0.5846102762131983,0.3994699807403989,37.46226682834954,63.0,24.4,118.0,13.59,51.81,6.502154245059055,1.86,0,6.795232654756959,-1.7,54.0,-3.225806451612903,79.52,1.39,65.771,3.224,6.54,5,36.4,13.9,18.0,43.1,51.3,20.21,2.8,-5.79,77.1,10.68,12.78,1.861,411.517,56.0,2.0,17.2,0.308,107.0,12.4,15.89
27,200070142,CC Lyons Andelle,70.88996054362123,99.84496124031008,0.0,5.033685013346892,2.3340300295747767,169.47660194174756,2.0,31.75,18.5,7.8,7.39,-1.35,6.9,32.5,39.7,11.21,14.07,16.400000000000002,89.2,1.7,33.65,1.2,1.602408468485967,29.93269571377967,0.1861714975845411,3.2,2.26,2.91,107.8,15.6,22.7,1.51,36.2,0.0,2.82462051226316,0.5508439389314721,37.113303323436455,51.2,27.9,108.0,4.2299999999999995,51.81,5.284895836915481,2.91,0,4.717442588223966,-1.2,53.0,-5.181347150259067,74.99,4.8,51.223,4.205,8.66,4,30.7,9.3,14.9,47.0,67.0,18.94,2.5,-5.38,56.8,15.3,26.07,1.457,2958.529,61.0,0.0,17.2,0.414,87.0,12.4,14.73
27,200071454,CA Evreux Portes de Normandie,90.97464603226868,98.95079391797115,12.0,0.186019526313978,6.038830160370695,81.56595763857594,4.0,35.714285714285715,15.4,3.6,24.44,-1.25,7.9,24.7,49.4,5.77,2.0,14.000000000000002,80.4,0.2,37.6,1.9,2.190853631384424,51.27715763076719,1.6171670836808452,2.1,0.01,1.96,85.0,14.5,63.0,1.51,20.9,0.0,0.6116798933785667,0.7655888858741026,35.710246796516834,71.0,10.5,102.0,14.52,51.81,5.98216785759741,2.32,9,4.638193421698577,-1.2,36.0,-31.06508875739645,40.17,6.18,57.16,3.665,5.69,4,36.8,16.2,20.4,41.0,60.6,22.55,3.1,-3.8899999999999997,108.7,7.26,13.26,0.0,1524.71,,0.0,20.3,0.545,73.0,12.4,18.07
27,200071843,CC du Vexin Normand,72.25317239244815,100.0,0.0,4.958648097096416,2.3443167881852403,49.88805901619272,3.0,31.8,16.2,5.0,17.16,1.25,6.5,29.5,45.3,13.12,12.36,14.9,80.2,2.1,39.4,1.2,0.9947549285585096,29.005887791348357,0.9435353880720948,1.9,0.03,1.51,102.4,14.8,24.2,1.51,10.4,0.0,1.0702149141785662,0.4096017399386129,36.776027478384464,66.4,22.5,104.0,7.3999999999999995,51.81,6.525578298702505,0.9,0,5.964202768401821,-0.6,50.0,3.5294117647058822,62.26,4.3,73.657,4.955,7.39,5,30.9,12.2,19.6,51.5,62.5,17.12,2.7,-5.59,64.7,12.36,15.26,0.0,774.606,63.0,1.0,17.9,0.396,75.0,12.4,13.37
27,200072312,CA Seine Normandie Agglomération,86.3672182821119,100.0,0.0,2.767676019886489,4.558182124170325,92.40866278648538,3.0,32.57142857142857,15.6,4.9,15.950000000000001,-0.58,8.4,29.8,48.9,10.98,7.52,14.2,75.9,0.6,34.63333333333333,1.6,2.7596678757787934,34.29838190154989,1.5852645792893918,1.7,0.96,2.41,59.1,12.0,37.2,1.51,24.8,4.0,4.17269243465905,0.722291696002142,37.10942098942758,62.8,19.1,109.0,8.72,51.81,5.969472802507317,2.65,3,5.298981186475584,1.3,40.0,-23.05764411027569,51.53,2.7,63.625,4.765,7.65,5,34.0,12.9,16.6,42.1,57.3,19.87,3.1,-6.03,75.9,7.31,16.2,0.241,1259.036,65.0,3.0,21.7,0.465,85.0,12.4,14.93
27,200089456,CA Seine-Eure,82.80970209995117,100.0,10.0,5.502536461636018,4.282330216449352,62.36894301022893,3.0,28.0,15.5,2.6,23.87,-1.59,6.8,26.5,48.6,6.4,1.55,14.8,84.7,1.4,34.63333333333333,1.6,3.2266842903238344,34.893968174882446,2.0281427310553526,2.9,0.03,2.53,106.0,16.8,35.0,1.51,32.2,4.0,10.247269830165948,1.3307444015938836,31.11005240590757,45.0,25.2,100.0,4.14,51.81,5.971953096640393,3.5,4,6.12402741938661,-3.7,30.0,-17.24137931034483,38.08,5.32,35.394,4.265,8.88,5,31.9,14.0,19.5,44.6,63.7,18.91,3.0,-4.36,102.7,7.12,10.53,0.972,3998.475,63.0,9.0,20.6,0.591,68.0,12.4,16.7
27,242700276,CC du Pays de Conches,69.1045980102178,100.0,30.0,1.6553478626409768,1.8630978042096165,57.53822144343445,2.0,28.5,17.5,6.2,12.72,-1.46,6.7,30.7,37.5,15.41,7.96,16.5,89.0,1.7,36.650000000000006,1.2,0.8819800452014772,30.660764059681917,1.4875213675213677,1.3,0.0,1.65,64.1,12.9,20.7,1.51,32.3,0.0,0.078386167146974,0.471316210824163,34.499514091350825,68.6,9.7,109.0,5.66,51.81,6.185016906170754,6.06,0,5.228671328671329,-7.6,50.0,-21.025641025641026,52.68,3.0,53.811,3.926,7.13,4,31.0,9.9,16.4,46.4,55.3,19.62,2.6,-4.44,38.6,7.88,19.2,1.102,517.223,62.0,0.0,22.4,0.348,86.0,12.4,14.01
27,242700607,CC du Pays du Neubourg,65.61865230062705,100.0,9.0,2.962696511637413,2.52037896768683,47.994588120480856,1.0,26.5,14.2,3.1,5.17,1.68,5.6,30.4,34.9,14.81,5.92,14.000000000000002,90.5,2.2,33.733333333333334,1.6,0.7543151262368549,30.45112781954887,2.014838367779544,2.1,0.0,1.33,67.7,12.4,35.6,1.51,13.6,0.0,0.8404891926359505,0.7172879261036766,34.71081525028097,49.6,27.200000000000003,103.0,6.4799999999999995,51.81,4.399800219789992,0.89,1,6.27924763217573,-5.1,79.0,19.565217391304348,54.57,2.76,74.057,5.322,6.85,4,27.6,7.1,12.8,49.9,70.1,19.39,2.5,-5.62,65.0,8.46,16.44,0.444,932.394,61.0,0.0,19.2,0.529,77.0,12.4,15.08
28,200006971,CC du Perche,91.60493827160494,92.274678111588,78.0,2.963632710468153,1.2700930432258823,90.65312934631432,2.0,32.0,24.2,10.6,15.040000000000001,-3.41,10.7,33.7,49.7,11.24,9.47,17.1,71.9,-1.8,36.75,0.8999999999999999,3.227421957598353,27.21765078216837,0.2666666666666666,2.2,3.62,3.34,79.2,13.8,34.7,2.84,11.3,1.0,88.94404364959078,0.4606791816690959,42.53379103196739,59.1,19.8,133.0,10.08,47.13,6.471271675848253,2.23,2,5.93273444347064,-1.0,34.0,-17.424242424242426,96.83,1.94,72.787,2.405,7.28,6,40.9,14.8,15.6,51.1,55.0,38.45,2.8,-4.37,128.3,10.9,12.85,0.0,187.192,52.0,1.0,27.0,0.343,151.0,13.9,18.11
28,200033181,CA Chartres Métropole,81.15455431604029,100.0,80.0,0.0,2.672892725540825,70.1985514978331,3.0,36.55555555555556,13.2,2.8,24.83,1.09,7.8,24.4,49.9,4.1,3.75,12.7,73.3,0.0,34.6,1.7999999999999998,3.848934787213065,40.195917023378335,2.684083556448014,2.5,0.01,2.48,85.2,16.3,51.4,2.84,5.8,2.0,4.804547664806539,0.6521250929865813,35.01268782254156,65.3,14.6,105.0,11.24,47.13,5.318795206878002,1.39,5,4.086661919409186,0.9,24.0,17.17557251908397,33.73,1.6,80.019,4.369,4.87,6,38.7,11.6,14.9,42.2,66.1,32.02,3.0,-5.55,100.2,9.15,12.38,0.0,875.745,64.0,1.0,27.1,0.351,87.0,13.9,13.93
28,200040277,CA Agglo du Pays de Dreux,95.31431222454188,99.23532313764184,19.0,1.6848589309738569,3.761202179001346,220.18108061304008,5.0,35.57142857142857,16.6,5.0,18.57,1.88,7.4,27.6,53.0,3.35,3.55,14.3,82.4,1.8,38.75,1.6,4.678754163661963,30.42704875554995,0.7666505791505789,1.9,0.0,2.32,94.9,12.7,41.0,2.84,17.5,2.0,3.0671992481203008,0.3779884778232647,36.7138026696348,64.0,16.400000000000002,109.0,8.05,47.13,6.170693213284338,1.46,3,4.476480730046498,-2.4,32.0,-15.47049441786284,38.71,5.28,66.339,3.233,4.98,5,32.0,15.3,18.0,39.8,54.7,24.46,3.0,-7.1,75.3,9.04,13.99,0.172,1428.162,64.0,1.0,20.3,0.367,72.0,13.9,14.47
28,200058360,CC Entre Beauce et Perche,79.41550190597204,100.0,80.0,1.001001001001001,9.63429519968843,122.93982031658508,2.0,32.75,18.4,7.1,7.61,1.85,8.3,30.9,39.5,21.44,18.87,15.8,84.0,0.4,34.6,1.2,1.1812511812511812,30.296361502347416,1.314102564102564,1.3,0.03,1.89,55.5,13.4,12.5,2.84,13.7,1.0,7.604033620822086,0.4326296962909821,32.619123760793094,64.4,14.3,106.0,6.35,47.13,5.18943872254951,1.42,0,5.779796168726998,0.4,71.0,-27.719298245614038,44.45,1.43,74.04,3.967,5.17,5,29.3,7.9,13.3,45.1,78.5,28.82,2.5,-2.8000000000000003,50.0,16.21,24.48,0.0,232.08,59.0,0.0,24.6,0.219,79.0,13.9,12.87
28,200069912,CC des Forêts du Perche,100.0,100.0,36.0,0.0,0.851122344744493,93.18711696440214,1.0,34.0,24.1,15.5,11.64,1.76,10.4,38.8,39.1,21.55,22.81,20.0,87.1,4.0,38.75,1.3,1.5584415584415583,26.101261195393896,0.0939362075008762,2.2,0.12,2.6,59.9,22.2,26.9,2.84,37.3,0.0,40.36838946104757,0.2817634334820352,40.2555910543131,58.6,6.3,126.0,19.939999999999998,47.13,6.504709325650096,2.6,0,6.907199387286188,-0.2,57.0,-34.93150684931507,79.27,6.97,49.877,3.271,6.2,5,36.2,12.2,16.9,43.2,58.6,34.81,2.6,-6.72,73.3,14.67,17.73,0.0,75.399,56.0,0.0,17.8,0.145,129.0,13.9,14.55
28,200069953,CC des Portes Euréliennes d'Ile de France,94.51901565995526,99.21609615887118,73.0,1.4600542567135062,3.737099179139573,88.67700711120273,2.0,34.666666666666664,13.0,4.6,10.96,5.2,7.0,27.200000000000003,40.900000000000006,3.62,5.7,14.000000000000002,74.0,1.6,36.6,1.6,2.1972154913959505,36.29067245119305,0.8015171798304327,2.1,0.06999999999999999,2.26,68.0,11.3,27.0,2.84,12.1,1.0,1.5833456735278146,0.5230101878452414,33.21033210332104,48.6,32.0,100.0,5.55,47.13,4.694906741497019,1.03,0,4.747997611546936,-8.0,42.0,-27.027027027027028,36.72,2.18,64.957,3.603,5.17,6,31.1,7.0,13.3,42.6,75.2,27.89,2.6,-5.12,55.3,6.67,19.59,0.0,753.534,70.0,1.0,23.6,0.478,76.0,13.9,10.67
28,200069961,CC du Grand Châteaudun,90.28132992327366,100.0,69.0,8.546727454357843,2.7183380201769003,79.78701886792453,2.0,33.666666666666664,22.5,8.0,14.71,3.69,11.7,30.3,49.5,14.78,9.98,17.299999999999997,82.6,1.4,34.6,0.8999999999999999,0.7801882518749685,26.47298508679,0.9951034737620104,1.8,2.27,3.02,77.3,7.4,29.2,2.84,8.6,1.0,17.6982490714773,0.3077632068947508,37.68943121432789,63.2,18.1,131.0,10.190000000000001,47.13,6.685998622467901,2.27,3,6.370255903078254,-1.3,42.0,-10.372771474878444,51.52,1.23,76.807,3.459,6.0,6,38.6,14.6,21.3,44.5,53.3,22.55,2.8,-4.03,93.4,8.39,13.35,0.0,987.748,56.0,1.0,20.5,0.256,134.0,13.9,16.49
28,200070159,CC Coeur de Beauce,89.7119341563786,99.21259842519686,30.0,1.4154907771929048,2.121378716643599,83.22874310642851,1.0,33.888888888888886,18.8,7.1,8.14,3.62,10.0,37.2,40.6,22.01,29.19,17.299999999999997,83.8,3.7,32.76666666666667,1.3,1.1472588707694826,26.07899395641292,0.0604423868312757,1.8,1.0,2.05,69.3,11.1,13.8,2.84,2.2,1.0,52.78902641028015,0.3548263086094636,36.95494478923189,40.0,31.2,106.0,8.9,47.13,5.619985667091991,2.46,0,6.73624536074065,1.0,65.0,-5.524079320113314,45.14,2.79,94.142,4.095,6.26,6,31.9,9.4,13.7,49.9,61.4,28.89,2.7,-6.77,69.7,18.96,26.63,0.41,652.051,59.0,4.0,23.6,0.147,79.0,13.9,12.61
28,200070167,CC Terres de Perche,91.0958904109589,97.5,81.0,3.636363636363636,1.148668391650871,77.17031371715885,3.0,32.5,23.5,14.8,11.129999999999999,-1.53,9.3,33.900000000000006,37.6,22.02,27.57,18.6,78.4,-1.0,36.03333333333333,1.1,0.1416831963729102,24.623283848643823,0.3634408602150538,1.9,0.41000000000000003,1.42,71.6,21.5,28.6,2.84,18.6,0.0,85.45385421424541,0.2731611729374464,36.91460055096419,65.6,16.0,129.0,29.959999999999997,47.13,6.87173172320489,2.83,0,5.509645738337426,1.8,66.0,-34.909090909090914,99.07,1.4,65.59,2.55,7.28,5,36.6,14.0,16.2,48.9,59.0,33.58,2.7,-3.81,69.3,9.55,22.86,0.0,80.579,60.0,0.0,19.8,0.218,105.0,13.9,15.0
28,242852465,CC du Bonnevalais,35.71428571428571,100.0,75.0,1.1644832605531297,1.5427813128037398,59.62226427513576,1.0,35.5,20.5,8.7,7.57,2.29,11.3,36.4,40.8,22.38,17.93,17.4,85.1,2.6,34.6,1.0,0.6555764975825616,27.14989266321506,0.1989034808109142,1.6,0.03,2.46,67.2,8.8,32.2,2.84,6.1,0.0,15.394376098418276,0.199179709619054,32.69645854984411,60.9,25.2,116.0,12.06,47.13,5.678464551462771,1.64,0,4.421789065027499,-3.5,59.0,-11.11111111111111,45.86,2.65,87.105,4.364,6.0,5,33.6,9.0,15.7,47.1,70.3,23.44,2.5,-5.5,66.6,8.26,20.16,0.0,338.956,57.0,1.0,20.4,0.18,95.0,13.9,13.46
29,200066868,CC Presqu'île de Crozon-Aulne maritime,,,22.0,,,57.9067320552831,1.0,47.333333333333336,21.0,32.0,6.819999999999999,3.06,8.0,29.4,31.5,15.22,12.31,18.3,81.2,-0.8,36.3,1.2,1.0618059549617307,31.3617438158217,2.327147887323944,4.5,3.36,3.1,183.8,39.1,38.3,3.61,28.8,5.0,99.4969551902566,0.627592985772536,47.733930725486815,73.4,21.7,130.0,9.34,63.47,5.209350402405589,4.42,2,4.706509242062439,2.8,36.0,-21.84873949579832,88.85,12.37,35.697,0.85,18.66,5,42.0,10.5,12.8,51.5,77.6,46.94,2.7,-7.62,108.5,12.0,37.1,1.327,331.294,53.0,2.0,21.7,0.272,162.0,20.8,20.34
29,200067072,CC Haut-Léon Communauté,100.0,100.0,22.0,1.8073014980521307,0.0959599128645009,5.118641920567556,1.0,48.5,19.9,22.8,6.11,-1.29,8.6,27.3,39.5,6.8,5.07,17.599999999999998,83.3,0.1,36.25,1.2,0.9777329212136504,30.664730407082963,1.425970548862115,3.5,0.0,2.52,189.4,14.8,47.6,3.61,5.2,4.0,1.926010863005432,1.956647992137522,37.69877816663597,56.5,9.8,129.0,23.3,63.47,5.110452581336276,0.63,0,4.5601151680060745,-1.3,41.0,-30.78089461713419,59.83,15.57,64.12,4.599,8.83,4,39.6,10.5,12.8,51.0,87.0,38.67,2.7,-2.4299999999999997,99.0,8.64,26.29,0.0,249.893,57.0,0.0,27.9,0.5,147.0,20.8,18.19
29,200067197,CC Monts d'Arrée Communauté,93.38235294117648,98.59154929577466,22.0,0.8144648965629581,2.322672601367969,168.70575221238937,2.0,43.0,24.0,27.2,3.81,-2.65,9.6,34.9,31.7,37.66,50.41,20.4,81.2,-0.4,35.5,0.7000000000000001,0.51513200257566,23.012307091228752,3.3449307304785894,1.3,6.2700000000000005,1.29,174.4,4.9,12.2,3.61,30.9,3.0,90.67887757160146,0.1436284454534948,42.49256689791873,60.6,6.9,135.0,19.830000000000002,63.47,6.585371660100454,3.86,1,4.383609985622795,-3.0,82.0,-5.05050505050505,96.11,15.51,40.438,0.785,20.37,6,43.8,21.0,16.6,56.6,41.6,84.35,3.2,-3.16,65.9,21.25,27.0,2.576,234.143,54.0,1.0,14.0,0.191,181.0,20.8,20.17
29,200067247,CC Pleyben-Châteaulin-Porzay,100.0,100.0,22.0,0.0,,293.44443956430075,1.0,43.75,18.5,16.0,10.17,-0.29,9.1,28.8,37.7,19.44,13.55,19.1,82.3,3.7,37.3,1.1,1.0497310064296022,28.206142085145647,0.8128177300508369,3.8,0.53,2.62,207.9,19.8,23.7,3.61,12.3,14.0,44.23383504477892,0.5175951538727332,39.075260711144615,64.0,23.8,106.0,14.829999999999998,63.47,4.980712790219464,0.44,0,4.476315100758963,-1.6,49.0,-13.836477987421384,99.12,9.85,68.257,1.366,11.25,4,39.9,11.4,10.9,55.3,74.0,50.3,2.6,-3.8,90.1,10.53,26.29,1.75,563.722,58.0,0.0,20.3,0.317,105.0,20.8,15.85
29,200068120,CA Quimper Bretagne Occidentale,100.0,100.0,22.0,2.215478561986856,,52.049630380643954,2.0,40.0,13.0,3.3,16.23,10.96,7.7,24.8,55.00000000000001,5.72,1.68,17.5,82.6,-1.3,40.1,1.7000000000000002,5.703199641234621,38.87274407236852,3.131662912912913,4.2,0.1,3.12,183.1,31.9,73.7,3.61,8.3,6.0,0.1527511463109629,1.1151174182266217,42.182636911462815,67.9,12.3,103.0,14.89,63.47,4.615011282194013,1.17,7,4.353555133646783,-0.5,18.0,-45.46742209631728,65.44,12.13,57.597,1.207,15.92,5,45.7,11.4,13.8,43.2,78.2,27.84,2.8,-4.22,132.0,12.43,12.71,0.487,675.641,,1.0,24.6,0.23,95.0,20.8,16.25
29,242900074,CC du Pays d'Iroise,98.37728194726166,100.0,22.0,0.4404989722871925,1.2272671608830843,30.845771345407503,0.0,47.25,12.4,18.3,5.89,10.38,3.7,24.6,33.5,5.85,11.96,13.2,88.1,0.0,36.3,1.6,1.2395785432952793,38.05154064909554,2.752746975806452,3.9,0.0,2.8,198.7,21.2,49.4,3.61,5.0,12.0,3.23400348562181,1.6385989855516785,33.36854046864609,71.4,8.7,123.0,20.26,63.47,3.661487346162815,3.2,0,4.05383009939454,0.1,47.0,-16.976127320954905,81.57,3.97,67.813,1.843,13.52,3,31.3,6.0,9.8,50.8,81.2,28.23,2.5,-2.92,52.2,10.11,23.63,0.4,476.861,57.0,0.0,36.6,0.411,101.0,20.8,12.69
29,242900314,Brest Métropole,99.77324263038548,100.0,22.0,4.23448254623285,4.38755203254161,23.189547942619857,2.0,42.5,13.3,3.4,18.45,3.96,5.7,23.6,56.89999999999999,1.05,0.3,17.8,70.5,-3.7,36.3,1.7000000000000002,2.5913412651181096,43.959322271845856,3.107259236977992,5.0,0.11,2.58,175.5,29.7,71.5,3.61,10.0,2.0,1.92465564738292,2.8900397718086768,32.31176762752709,71.8,7.9,91.0,17.22,63.47,4.530678231292518,1.08,12,3.0296142857142856,0.1,4.0,-16.028708133971293,10.89,8.6,30.723,2.581,14.0,5,48.7,14.0,12.8,39.3,79.8,32.25,3.1,-3.75,130.3,0.75,8.38,0.234,923.87,,3.0,29.7,0.431,84.0,20.8,21.17
29,242900553,CC du Pays des Abers,100.0,100.0,22.0,0.0,0.4057291042919918,23.759665071770332,1.0,46.6,13.6,10.2,4.99,11.46,5.6,22.9,37.0,7.01,9.63,14.4,89.5,0.3,36.3,1.3,1.5941373813319375,33.073766179101334,1.314943952033368,3.8,0.0,3.09,175.4,19.7,52.3,3.61,3.3,18.0,4.19411807633365,1.1185041449610835,28.67725853794903,64.1,16.6,110.0,16.439999999999998,63.47,4.01192816405776,0.48,0,4.2520082514257975,1.6,59.0,-4.2622950819672125,84.62,5.26,69.05,1.909,13.15,4,31.7,6.8,10.3,48.6,81.7,26.65,2.4,-3.2800000000000002,53.3,4.85,20.62,0.952,419.093,59.0,0.0,37.3,0.299,85.0,20.8,14.03
29,242900561,CC de Haute Cornouaille,100.0,100.0,22.0,7.51503006012024,1.0625044527582554,128.23872483221476,1.0,44.5,22.8,13.9,6.61,-1.25,10.8,34.4,38.4,24.36,31.1,20.3,86.5,0.9,37.8,0.8,0.8714889052758598,23.022527528033137,1.4686853488809477,2.9,0.89,3.35,185.3,12.4,36.4,3.61,10.5,6.0,5.002809194616117,0.3762520219551369,36.95909509404183,47.8,34.8,119.0,15.9,63.47,6.451022395793354,4.02,0,3.8081676518001073,-7.0,72.0,-17.335766423357665,100.01,8.59,63.825,1.027,16.78,5,41.2,16.0,14.8,56.8,62.9,47.8,2.7,-4.93,77.1,10.0,24.82,1.341,127.581,56.0,1.0,18.4,0.23,137.0,20.8,18.08
29,242900629,CC Cap Sizun - Pointe du Raz,100.0,100.0,22.0,0.0,0.9552739726027396,61.71608007326966,1.0,49.0,23.9,34.8,6.419999999999999,0.0,5.9,26.0,38.5,11.19,9.12,18.3,83.6,-0.5,40.1,1.2,1.30607980147587,34.192803540504144,1.3,5.1,0.0,3.92,207.3,15.8,23.3,3.61,16.3,3.0,10.647537783726507,0.7064313405781816,47.8450487429451,75.8,7.9,167.0,23.97,63.47,5.397422757258396,1.96,0,2.474823897730237,-1.5,53.0,-28.676470588235293,92.19,11.38,55.995,0.904,13.53,4,42.4,12.8,15.0,56.5,74.4,31.93,2.8,-2.65,75.8,8.0,21.1,0.0,56.439,57.0,0.0,16.5,0.387,266.0,20.8,18.09
29,242900645,CC Douarnenez Communauté,100.0,100.0,22.0,0.0,0.9552739726027396,72.65865201544905,1.0,42.0,20.1,13.3,16.38,-0.68,8.7,27.4,60.00000000000001,5.22,2.37,15.9,75.8,-3.4,40.1,1.0,4.562242016076472,34.68333333333333,4.922417104083984,3.5,0.0,4.34,244.7,30.9,44.9,3.61,6.9,3.0,3.605650990331362,0.6110206425476726,42.37467018469657,68.8,26.6,137.0,11.98,63.47,5.990633859069339,2.17,1,7.318112049117421,-4.5,20.0,-39.63133640552996,74.47,12.03,60.467,0.962,16.22,4,49.4,12.7,14.5,44.0,78.0,38.51,2.8,-1.52,111.1,5.4,5.4,0.543,274.406,51.0,0.0,20.5,0.355,197.0,20.8,18.22
29,242900660,CC du Pays Fouesnantais,99.42528735632185,100.0,22.0,3.508933930467704,,51.59557961519895,1.0,41.0,14.3,27.8,4.97,5.14,5.2,21.2,31.7,5.99,2.07,14.000000000000002,89.9,0.2,40.1,1.7999999999999998,2.28879855156629,41.10687699397377,3.155499325236167,3.7,0.0,2.73,174.9,21.8,58.9,3.61,10.0,0.0,2.8356122292210784,1.8143895626558464,41.05562161448012,60.8,26.200000000000003,141.0,10.23,63.47,3.956798157534839,3.07,0,5.480550909285028,4.8,36.0,-30.5,45.45,17.35,37.713,1.228,16.62,3,36.3,6.8,12.1,45.9,98.0,22.82,2.9,-3.66,79.3,5.57,13.0,0.342,214.031,60.0,0.0,27.6,0.346,178.0,20.8,13.62
29,242900694,CA Quimperlé Communauté,,,22.0,,,72.00911821876656,1.0,41.5,18.2,13.5,6.87,3.29,7.8,27.6,40.3,10.46,9.8,17.2,87.4,0.4,36.4,1.0,8.845674570440705,30.6378666930282,1.9018158987733025,3.6,0.05,3.16,193.4,23.4,53.8,3.61,17.3,8.0,1.0911928504542394,0.7035343260237276,36.76684150279339,56.9,24.9,122.0,21.39,63.47,5.258792458817539,3.33,3,4.282446303494975,-0.4,45.0,-24.818577648766325,97.49,10.43,54.922,1.171,15.7,4,37.3,9.7,14.0,46.4,77.2,27.1,2.5,-4.2299999999999995,79.5,7.5,10.13,0.878,682.544,59.0,1.0,23.5,0.191,121.0,20.8,15.59
29,242900702,CC du Pays Bigouden Sud,100.0,100.0,22.0,0.3123340725239716,0.845533516665955,83.8231659008081,1.0,45.0,19.5,32.6,6.529999999999999,10.07,5.1,24.5,33.4,6.14,2.76,16.8,86.3,1.0,40.1,1.3,1.7773595755247131,39.0266232101659,3.748720760233918,4.0,0.76,3.4,209.1,18.7,52.6,3.61,12.3,0.0,10.57565300172547,1.6552455940416988,42.01360682372055,71.2,12.0,150.0,19.78,63.47,5.135477076109686,0.26,0,5.390617891835479,3.9,30.0,-31.213872832369944,45.73,14.47,32.967,1.626,16.52,4,40.9,9.0,15.5,49.0,85.1,26.32,2.8,-2.25,78.3,7.75,7.75,0.261,283.306,60.0,0.0,21.7,0.388,200.0,20.8,15.23
29,242900710,CC du Haut Pays Bigouden,,,22.0,,,48.24027200604458,1.0,42.0,16.6,17.0,6.77,6.88,8.1,30.3,33.0,10.38,8.67,16.2,88.0,-0.7,40.1,1.1,1.1813983460423156,30.320972265503272,0.6084905660377358,3.5,0.0,2.68,164.0,24.6,43.3,3.61,7.1,5.0,2.4109731337645783,0.9841965097642198,36.53997378768021,61.3,23.8,119.0,17.14,63.47,4.584035459323762,1.07,0,4.110214168039539,1.3,45.0,-25.09652509652509,97.33,11.33,59.507,1.398,13.69,4,35.8,9.6,12.3,52.5,87.7,25.29,2.5,-2.45,53.6,12.3,13.4,0.537,185.583,56.0,0.0,23.8,0.236,116.0,20.8,14.04
29,242900744,CC Poher Communauté,99.0909090909091,99.72356599861784,21.0,8.887601390498263,,133.5853356775412,2.0,39.0,21.8,9.1,8.6,3.32,10.7,32.5,43.3,17.76,14.14,18.8,84.9,1.5,35.5,0.8999999999999999,1.0378827192527245,29.252962390520352,8.334437086092715,3.3,0.72,3.24,181.6,10.8,42.6,3.61,13.2,4.0,9.1284349062531,0.5674493677980708,39.87577639751553,56.3,23.4,126.0,13.469999999999999,63.47,6.062578890703891,8.43,3,6.102910602910603,0.7,51.0,0.25,99.19,5.05,63.765,1.748,12.51,6,44.9,14.1,17.7,55.2,67.2,51.89,2.7,-3.51,123.3,7.36,7.82,1.946,267.702,57.0,1.0,20.4,0.347,148.0,20.8,16.31
29,242900751,CC du Pays de Landivisiau,100.0,100.0,22.0,0.0,0.002344286132424,61.43539183173493,1.0,43.333333333333336,15.2,4.7,5.63,0.38,9.0,27.9,37.6,11.24,11.12,17.1,87.7,2.9,36.25,0.8999999999999999,0.623756200433659,26.652528989757705,0.4200340200340201,3.5,0.08,2.38,170.1,22.4,44.8,3.61,11.7,35.0,25.70609195684761,0.8933641189464303,32.48783877692842,55.8,26.5,100.0,14.580000000000002,63.47,4.375373363360896,0.59,1,4.789010257496445,1.0,51.0,-34.74860335195531,96.24,7.45,66.205,4.436,13.73,5,33.0,10.2,11.6,53.5,81.4,30.0,2.5,-6.3,86.9,8.84,19.74,1.485,603.428,61.0,0.0,31.0,0.343,73.0,20.8,17.26
29,242900769,CA Concarneau Cornouaille Agglomération,100.0,100.0,22.0,4.2488878749857415,2.6283861033229674,90.65209261079946,1.0,42.0,17.599999999999998,16.7,11.63,6.08,7.1,24.4,45.1,9.1,4.71,18.4,85.2,-1.0,40.1,1.3,4.133661462739367,35.73034940485985,3.673228118857671,3.9,0.35000000000000003,3.65,180.7,23.2,49.2,3.61,8.5,2.0,1.043904930902834,0.8706511890470701,38.36756010669054,63.4,19.5,130.0,14.34,63.47,5.126593649977542,2.5,2,5.364155905792086,0.6,30.0,-41.648106904231625,81.52,10.13,56.572,1.256,15.06,4,41.5,9.9,13.8,39.5,89.0,24.88,2.7,-2.3800000000000003,83.5,5.44,12.78,0.385,390.017,58.0,1.0,26.2,0.196,156.0,20.8,14.92
29,242900793,CC Communauté Lesneven Côte des Légendes,100.0,100.0,22.0,,0.1841492730949746,158.93446012114177,1.0,50.0,16.5,14.5,5.6000000000000005,5.34,7.1,26.5,39.2,7.38,3.29,16.3,87.9,-0.1,36.3,1.0,1.3758644411455885,30.33468343636752,1.4089497185012618,3.8,0.06999999999999999,2.9,196.0,15.3,44.1,3.61,4.2,5.0,1.3061013951660445,1.396769314597287,37.927746583324506,63.0,21.1,119.0,17.9,63.47,4.595487982008152,3.98,0,4.346999016070843,0.6,48.0,-26.096997690531172,83.42,6.18,65.628,2.905,12.6,4,36.3,8.6,12.2,44.8,83.4,30.38,2.5,-3.63,74.9,6.07,21.21,0.724,659.321,59.0,0.0,28.7,0.435,106.0,20.8,16.33
29,242900801,CA du Pays de Landerneau-Daoulas,100.0,100.0,22.0,6.397480376959228,0.9570344797231636,254.50790931989928,1.0,42.0,11.4,4.7,8.34,3.32,5.5,25.7,43.7,8.54,5.3,12.7,88.1,-0.3,36.3,1.3,2.566776289404027,33.61595414377836,1.7366926406926406,4.2,0.01,2.41,174.0,25.0,52.3,3.61,17.6,16.0,30.419588068939763,1.0500615275199705,31.34753433208489,62.8,18.3,106.0,17.849999999999998,63.47,3.6964794986707625,0.4,2,3.779786208170049,-0.4,41.0,-32.525252525252526,84.56,8.83,54.07,4.269,16.65,6,33.2,6.8,11.4,46.2,83.9,31.66,2.5,-1.87,80.0,9.59,10.18,0.802,962.469,61.0,1.0,33.3,0.431,78.0,20.8,13.8
29,242900835,CA Morlaix Communauté,100.0,100.0,22.0,0.0,1.0941703659814996,107.19200838303053,1.0,43.0,17.8,14.3,9.84,1.15,8.4,29.5,43.8,11.2,8.72,16.7,84.5,0.2,36.2,1.1,3.11417100462546,31.652965554725185,2.043807700743754,3.5,0.27,2.75,193.9,14.7,44.3,3.61,19.7,14.0,32.593725421655165,0.840786053334969,39.62082500185144,69.5,17.4,128.0,14.899999999999999,63.47,5.362694754299726,2.75,5,3.603669041299995,-2.7,40.0,-29.04761904761905,93.25,9.36,57.928,1.56,17.65,4,41.5,12.3,14.5,48.4,76.7,41.71,2.8,-2.69,100.8,13.08,13.65,0.916,403.91,59.0,0.0,26.1,0.332,134.0,20.8,17.15
2A,200038958,CC de la Pieve de l'Ornano et du Taravo,99.1869918699187,91.53846153846152,20.0,0.7820136852394917,,46.26182509505704,5.0,17.0,13.0,55.0,0.52,0.0,2.8,23.0,7.9,35.11,48.79,13.7,87.8,0.3,55.2,1.9,3.2347852253065525,42.82987085906793,0.0746539102703486,2.8,21.19,3.76,344.2,1.8,65.3,2.42,88.5,0.0,42.40930451842501,0.3086710399184417,66.28113879003558,79.7,9.3,120.0,6.25,31.15,6.044520009434704,3.01,1,8.8800220143093,27.2,45.0,-7.84313725490196,18.37,20.49,18.592,0.282,30.0,6,37.3,13.6,16.5,58.8,51.8,43.11,3.9,-8.75,66.4,16.68,43.46,0.0,226.868,,0.0,20.5,0.141,207.0,8.1,13.67
2A,200040764,CC du Sud Corse,93.7777777777778,99.17355371900828,20.0,4.610580991566723,4.926827307867199,283.8156139105749,6.0,16.0,10.5,55.3,9.879999999999999,2.3,3.5,14.000000000000002,6.6000000000000005,26.58,26.79,13.6,88.3,2.4,84.2,1.9,4.224252720510584,41.17274322480016,0.0458098132870169,4.3,5.489999999999999,2.75,385.9,22.1,96.7,2.42,78.4,0.0,20.3747023202014,1.2927978117867491,116.16138797271044,79.2,13.6,91.0,4.37,31.15,6.905950056800016,3.21,1,9.763106518737205,-3.7,38.0,11.811023622047244,15.87,16.04,14.104,1.37,29.41,6,35.4,19.1,20.7,60.9,44.4,39.99,3.7,-13.08,108.8,18.71,18.71,0.0,166.268,,0.0,26.4,0.077,93.0,8.1,13.18
2A,200067049,CC Spelunca-Liamone,95.2755905511811,81.88976377952756,20.0,2.3769100169779285,8.626130300254344,223.09607665414995,4.0,12.0,17.9,65.4,2.0,61.22,0.9,29.4,9.3,48.83,76.04,15.9,82.0,1.7,55.2,1.5,1.7914267434420987,39.90059642147118,0.0457941672692214,4.7,67.52,6.4,284.2,0.0,21.4,2.42,93.6,0.0,63.91922096240439,0.1654920109627361,94.86564904755896,78.2,6.800000000000001,136.0,16.38,31.15,7.686157137227675,3.84,0,10.0,-14.3,66.0,-11.76470588235294,28.84,18.89,17.044,0.167,28.62,5,41.7,18.8,22.2,66.2,33.8,66.54,3.7,-9.39,73.7,42.82,52.94,0.0,41.63,,0.0,14.8,0.125,275.0,8.1,13.37
2A,242000495,CC de l'Alta Rocca,100.0,93.87755102040816,20.0,4.737266496438651,7.764481445348187,274.25029076529427,5.0,17.0,15.1,61.6,2.13,-51.11,3.9,19.0,6.9,35.86,53.11,15.1,85.3,0.6,71.45,1.9,1.819215463331438,35.38235773683353,0.0128098022834864,4.6,15.129999999999999,4.55,186.4,22.1,48.9,2.42,92.0,0.0,79.18718851848062,0.3163880053655274,89.839811806878,84.5,8.1,120.0,10.059999999999999,31.15,7.896044410672069,5.69,0,9.97695035460993,-2.0,55.0,-13.48314606741573,11.48,11.39,7.285,0.144,29.79,5,37.8,18.8,19.2,73.5,42.2,41.5,3.7,-13.089999999999998,66.5,30.67,48.56,0.0,132.183,,0.0,17.3,0.153,157.0,8.1,13.19
2A,242000503,CC Celavu-Prunelli,100.0,94.28571428571428,20.0,2.327127659574468,4.123736356310894,1048.591709504539,3.0,12.0,10.4,32.7,0.38999999999999996,33.33,1.7,28.7,9.6,28.68,33.01,12.3,92.2,0.4,55.2,1.6,0.4326195111399524,46.559104379321695,0.0,1.1,12.839999999999998,1.08,283.5,9.3,18.3,2.42,90.1,0.0,77.97928259790476,0.359015306445709,52.70398984019473,76.1,14.9,96.0,6.54,31.15,5.701148262635745,1.08,0,6.186586609267022,10.8,49.0,-7.142857142857142,10.46,20.87,12.932,0.381,29.99,6,33.2,11.0,13.8,49.5,44.5,45.53,3.2,-6.23,32.5,23.6,28.6,0.0,454.016,,0.0,22.9,0.094,122.0,8.1,9.85
2A,242010056,CA du Pays Ajaccien,100.0,99.59016393442624,20.0,0.7630281907982924,6.798185279614344,11.476612354992216,5.0,12.0,7.1,10.4,13.530000000000001,9.57,3.5,25.3,31.2,10.16,4.63,10.4,78.6,1.6,55.2,1.9,1.6493111700407477,54.60248569737621,1.162751627516275,2.8,0.9400000000000001,3.45,413.0,19.7,69.8,2.42,69.5,2.0,6.7650486869282975,1.381202256976749,53.00206598368512,80.2,9.6,105.0,7.5200000000000005,31.15,5.599253897858438,0.97,5,5.236156556040723,11.4,14.0,-11.682242990654206,3.06,17.17,26.159,1.276,26.14,6,27.6,14.3,13.9,36.9,33.1,33.78,3.4,-8.200000000000001,114.7,10.5,16.5,0.323,225.448,,4.0,19.0,0.202,103.0,8.1,8.96
2A,242010130,CC du Sartenais Valinco Taravo,87.2,91.18942731277532,20.0,13.91286686300396,5.086247745332229,191.0345258944208,5.0,16.5,12.6,43.4,6.63,3.26,6.0,25.2,7.199999999999999,25.68,30.06,14.2,82.0,1.9,58.7,1.3,0.9715812484819044,37.15064758009543,0.3821969696969697,2.1,7.7700000000000005,4.05,270.3,14.3,49.5,2.42,79.2,0.0,11.01487537614262,0.3854407945866976,81.35458167330677,80.8,8.1,113.0,9.21,31.15,8.071801339479864,1.62,0,8.43420022614595,-5.4,29.0,-19.29824561403509,30.28,37.41,18.47,2.108,29.75,6,39.1,21.5,19.5,71.3,53.5,41.29,3.5,-10.43,100.5,15.44,63.11,0.0,73.307,,0.0,21.6,0.114,158.0,8.1,19.43
2B,200015162,CC de l'Oriente,89.17748917748918,89.20086393088553,19.0,13.36940451099437,11.277770147298217,126.10110324386628,5.0,19.0,13.1,53.1,2.74,0.0,2.9,22.8,8.799999999999999,50.81,57.77,14.3,84.9,-0.5,56.45,1.7000000000000002,0.8099789405475458,37.67493935435716,1.0348101265822784,1.7,26.200000000000003,3.24,215.3,0.0,45.1,2.89,62.4,0.0,12.25741927324846,0.2870190166492251,55.95638928972262,54.5,9.1,112.0,10.03,42.51,7.827574115017951,1.62,0,10.0,-13.7,68.0,4.081632653061225,81.6,17.18,29.234,7.074,20.05,5,38.5,26.8,16.0,67.2,32.5,48.92,3.6,-14.499999999999998,87.7,29.95,80.27,0.0,195.607,,0.0,15.2,0.333,182.0,9.5,14.92
2B,200033827,CC de Fium'Orbu Castellu,89.1213389121339,91.49338374291116,19.0,13.217090714993772,11.344371209150095,164.1884025100174,4.0,20.0,12.9,40.4,4.92,-12.8,3.9,24.8,8.6,25.22,24.02,15.2,86.8,1.3,56.45,1.5,0.4518072289156626,33.25539968826542,0.4429670329670329,2.6,11.16,3.01,381.7,32.3,45.1,2.89,79.9,0.0,65.98618015051017,0.476812881588813,60.74349442379182,78.4,10.4,104.0,11.35,42.51,7.956382252183778,0.75,0,10.0,20.1,49.0,-23.5,27.13,17.95,13.761,5.242,20.54,5,35.3,20.6,23.2,66.9,68.7,37.73,3.4,-13.01,93.4,19.0,65.69,0.0,87.732,,0.0,18.6,0.14,122.0,9.5,18.63
2B,200034205,CC de la Costa Verde,100.0,86.15384615384616,19.0,0.2042066571370226,11.307615527360658,113.76484165820332,4.0,19.0,11.2,49.7,4.37,0.0,1.9,21.0,6.5,20.33,21.61,15.4,86.5,-0.3,46.1,1.1,0.3656641374897157,33.616961919375086,0.0,1.6,5.0200000000000005,2.74,392.6,3.1,43.0,2.89,77.9,0.0,26.91973641568543,0.7944303284955755,63.76051370172741,72.1,9.3,127.0,10.5,42.51,8.167647098235223,1.83,1,9.431010224181597,9.9,46.0,1.3888888888888888,9.47,13.0,27.072,4.373,28.49,4,37.9,22.3,19.6,65.4,36.6,34.92,3.4,-13.73,72.2,16.96,55.0,0.0,13.566,,0.0,15.4,1.086,165.0,9.5,13.77
2B,200036499,CC de Marana-Golo,,,19.0,,,179.38025955182977,5.0,14.0,6.9,15.9,7.140000000000001,15.58,6.7,14.000000000000002,6.999999999999999,12.5,6.23,12.8,91.7,-0.3,36.9,10.0,0.9421370809452776,58.25044631471563,0.1526363544712168,2.7,2.08,2.75,599.0,20.4,35.7,2.89,58.7,3.0,23.75824960193269,1.092458841377242,67.54511379883303,70.7,22.7,87.0,7.17,42.51,6.10695453322572,0.39,1,9.3905001046244,7.5,17.0,14.166666666666666,8.44,18.18,28.752,2.887,26.49,6,32.0,16.5,15.7,47.8,50.7,29.8,3.3,-9.64,99.2,11.1,31.4,0.0,185.479,,5.0,29.4,0.654,79.0,9.5,10.29
2B,200042943,CC du Cap Corse,90.4494382022472,88.13559322033898,19.0,0.5552470849528041,13.551655513881496,191.28832226916117,2.0,13.0,18.6,55.3,1.48,0.0,2.9,35.2,9.5,48.65,62.23,15.3,83.7,0.0,36.9,1.4,0.7567731194187983,42.38178633975481,0.0,1.8,39.73,4.54,451.8,42.7,17.4,2.89,91.7,0.0,9.126136363636364,0.1921415797723342,80.33984200327917,83.3,7.9,132.0,4.96,42.51,7.264809650568301,1.51,0,10.0,-19.9,58.0,-10.0,7.6,11.63,9.21,0.86,26.49,4,40.2,19.6,16.9,76.8,30.3,59.48,3.7,-7.470000000000001,59.0,30.94,36.72,0.0,5.962,,0.0,15.7,0.401,254.0,9.5,14.16
2B,200073104,CC de l'Ile-Rousse - Balagne,,,17.0,,,244.09629357123148,6.0,20.0,13.0,55.8,3.2800000000000002,0.0,1.5,28.5,5.500000000000001,30.42,24.17,12.5,83.0,1.4,51.8,1.2,5.918776179202332,38.1395959065862,2.994734466676696,3.4,19.78,3.64,311.2,29.2,66.1,2.89,87.1,0.0,39.6627258303905,0.4209872832016249,83.5194283162126,79.9,10.4,117.0,8.959999999999999,42.51,7.200026487727351,7.28,2,10.0,3.6,34.0,-1.1764705882352942,15.79,13.97,32.601,0.271,28.39,5,39.0,20.4,21.7,62.9,57.0,38.43,3.8,-13.29,91.3,18.0,38.14,0.911,45.556,,0.0,19.3,0.113,160.0,9.5,12.71
2B,200073120,CC Nebbiu - Conca d'Oro,100.0,91.8032786885246,19.0,2.9570360062619585,15.45777086280789,331.42531579632765,4.0,17.5,15.3,47.6,3.85,0.0,2.1,28.4,9.7,32.4,35.26,12.9,83.8,1.3,36.9,2.1,0.5139406398560966,40.2317544216304,0.0,4.1,10.67,3.85,360.4,32.1,28.3,2.89,88.2,0.0,19.13212834884558,0.2370780202969571,66.24365482233503,74.3,10.4,118.0,8.780000000000001,42.51,7.237239748543748,6.42,0,10.0,19.4,52.0,-3.2,15.19,48.74,21.372,4.352,23.16,5,35.5,19.6,19.4,66.9,37.8,35.59,3.6,-7.22,65.1,13.67,23.8,0.0,43.147,,0.0,18.0,0.306,175.0,9.5,13.01
2B,200073138,CC Pasquale Paoli,98.59154929577466,82.68551236749117,16.0,0.0,4.450008964871496,181.88699639698655,3.0,16.0,18.6,53.3,2.17,0.0,2.0,30.2,10.5,57.03,57.79,14.3,87.4,1.2,57.6,1.2,1.4713094654242276,33.88779250070482,0.0,1.5,77.92,4.9,469.2,0.0,4.9,2.89,96.7,0.0,70.60174568799674,0.0933939923688435,72.66268367511707,71.0,15.7,133.0,4.97,42.51,7.366455311894252,3.27,0,9.96272682687592,-14.3,79.0,-3.9800995024875614,15.02,14.45,24.671,0.176,27.25,8,39.1,21.8,13.7,71.6,40.7,55.42,3.4,-11.219999999999999,64.1,17.98,69.95,0.0,109.801,,1.0,16.2,0.209,211.0,9.5,14.37
2B,200073252,CC de la Castagniccia-Casinca,89.65517241379311,76.19047619047619,19.0,0.4123711340206186,6.435543260557378,288.3272233009709,4.0,17.0,12.2,35.9,8.05,73.09,6.1,26.1,10.1,24.49,22.32,15.7,89.7,0.7,36.9,1.1,0.2254960914010822,37.377198994745264,0.0,4.4,17.28,3.01,440.2,19.7,68.7,2.89,76.0,0.0,48.825968497232864,0.6876762154659273,58.092829515025294,73.0,15.7,106.0,9.139999999999999,42.51,7.933820749853948,3.01,0,8.409349691283778,9.7,27.0,-2.061855670103093,13.29,13.3,39.051,4.056,20.33,5,35.5,23.4,16.4,58.3,47.3,32.85,3.4,-16.509999999999998,61.5,19.9,47.74,0.0,58.018,,0.0,17.3,1.607,127.0,9.5,12.65
2B,242000354,CA de Bastia,100.0,100.0,19.0,5.613345173157427,13.320032876712329,7.990783849490728,7.0,13.0,10.6,4.1,20.369999999999997,4.65,2.2,23.1,33.7,5.17,0.22,9.2,78.5,1.3,36.9,1.6,2.3901808785529712,50.71503078838454,0.5028546332894159,3.4,0.0,4.52,465.7,21.9,86.2,2.89,71.0,0.0,2.081170703575548,1.754881503787267,50.74355953252874,80.6,7.3,100.0,11.04,42.51,6.055065530905714,3.07,6,3.5027965565877146,88.9,7.0,-27.43362831858407,0.14,37.9,10.52,3.835,26.39,6,27.3,19.8,16.4,46.7,42.7,31.49,3.8,-12.590000000000002,121.3,0.6,3.8,0.0,110.021,,1.0,18.4,1.157,120.0,9.5,11.17
2B,242020071,CC du Centre Corse,97.87234042553192,97.91666666666666,16.0,0.0,26.207312193411024,125.99708572002814,4.0,17.0,26.8,24.1,12.590000000000002,68.54,3.7,26.1,11.3,9.52,15.61,30.1,75.0,0.8,57.6,1.3,1.4979029358897544,40.303503682213794,0.5235869103272419,2.8,5.6000000000000005,3.0,440.6,0.6,61.8,2.89,96.5,0.0,97.32831117131562,0.0785753539466191,61.57028864151315,85.6,5.1,93.0,10.100000000000001,42.51,5.9689569114800864,8.99,1,6.666395029031272,-2.3,28.0,10.714285714285714,2.88,17.04,14.418,0.05,26.6,4,60.7,20.1,5.2,67.2,57.1,50.53,3.4,-9.58,121.0,14.3,69.5,0.0,190.129,,0.0,21.3,0.052,80.0,9.5,20.83
2B,242020105,CC de Calvi Balagne,99.16666666666669,98.24561403508773,16.0,0.0,8.583268063354595,136.68200836820083,5.0,18.5,13.8,57.4,10.780000000000001,19.72,2.6,25.9,6.2,20.12,28.07,13.0,67.1,-1.2,51.8,1.1,1.5825288811520812,32.98880275624461,0.0,3.8,4.44,3.96,388.1,0.6,42.5,2.89,88.5,0.0,58.13884028771892,0.3005743409427753,85.73430929761719,83.2,13.2,93.0,7.22,42.51,7.256226036997139,7.12,1,10.0,5.1,36.0,3.355704697986577,18.03,31.57,16.917,1.423,28.48,5,39.0,20.1,16.2,65.0,53.8,38.06,3.5,-22.2,100.2,16.07,18.29,0.791,168.198,,0.0,20.5,0.076,122.0,9.5,32.85
30,200034379,CC Pays d'Uzès,94.5945945945946,98.9821882951654,51.0,1.4198382961940446,4.035689584981916,120.63797525893698,2.0,28.166666666666668,16.3,19.2,4.65,-1.63,8.7,22.1,33.5,10.41,9.97,14.7,84.1,2.5,38.56666666666666,1.7999999999999998,1.9744934291448173,37.37579964611405,1.0730452674897115,3.1,2.11,2.27,250.0,27.5,85.0,2.85,55.1,0.0,47.29175257731959,0.8993982582808683,57.75401069518717,71.8,12.6,133.0,9.39,51.74,6.775773700705144,2.27,3,4.152475038672479,-8.9,53.0,-21.96162046908316,32.73,27.85,29.885,7.82,15.16,6,34.1,16.4,17.6,53.6,50.6,39.23,3.5,-5.35,85.6,10.14,23.57,0.324,354.514,59.0,0.0,21.7,0.752,151.0,12.6,15.3
30,200034411,CC du Piémont Cévenol,99.35483870967742,98.5981308411215,51.0,1.9463786391797795,3.5431716832997253,106.18626967400564,2.0,28.857142857142858,17.4,13.6,3.37,0.0,10.3,31.0,29.2,16.89,9.39,17.0,83.5,0.8,40.13333333333333,1.5,2.396910648497492,31.92763243524665,6.855308047361027,3.8,0.13,2.66,198.3,24.8,52.7,2.85,60.4,0.0,24.71034437056836,0.4290850519941786,49.222459380581085,70.8,7.6,119.0,16.77,51.74,6.833551020408164,15.54,1,4.35968,13.7,52.0,-19.73333333333333,30.99,42.17,26.819,7.985,16.68,6,33.2,18.6,20.1,57.3,60.3,47.63,3.2,-4.8,63.1,8.21,22.29,0.444,1054.145,58.0,0.0,19.8,0.85,123.0,12.6,15.88
30,200034601,CC Causses Aigoual Cévennes,94.12159892509236,95.30132788559756,33.0,0.44674767691208,3.723933633544744,168.96327524826685,2.0,29.0,26.4,55.1,2.01,-28.21,5.5,41.8,26.8,45.54,67.41,22.7,71.1,-7.5,39.55,0.6,6.67779632721202,27.52242152466368,0.1136680613668061,1.3,25.290000000000003,3.71,159.7,11.1,8.5,2.85,92.1,0.0,97.73982056590752,0.0583733745538538,70.72905331882481,76.3,10.2,144.0,26.179999999999996,51.74,7.704380528629693,3.71,0,3.1631442343344456,-1.1,87.0,-18.13953488372093,65.79,14.55,19.494,0.246,23.29,5,44.1,28.3,16.8,74.5,48.0,84.4,3.5,2.17,83.5,29.0,36.47,0.0,246.645,52.0,0.0,13.4,0.269,212.0,12.6,20.5
30,200034692,CA du Gard Rhodanien,100.0,98.8795518207283,48.0,0.1598165583851579,4.357282241262534,97.08097579074295,2.0,29.4,14.6,7.5,12.41,8.55,10.1,25.7,38.8,5.72,5.66,15.3,87.8,2.5,35.1,1.6,4.058345301938256,34.09245213477915,0.4387476662358178,2.1,1.11,2.9,184.8,27.4,53.0,2.85,46.8,2.0,22.00252696748109,0.858192081993403,40.09966820300296,59.2,14.3,113.0,7.969999999999999,51.74,6.135153986324701,0.66,3,5.309063293861477,-3.1,39.0,-15.81196581196581,5.99,20.12,29.817,17.087,7.51,7,35.5,17.2,20.7,49.4,54.2,27.71,3.2,-7.02,93.7,10.43,13.5,0.0,904.76,60.0,2.0,21.3,0.679,106.0,12.6,15.82
30,200035129,CC de Cèze Cévennes,99.11894273127754,99.77827050997784,43.0,3.902439024390244,2.744667092999614,137.97567328228368,3.0,25.5,27.1,21.1,8.7,1.22,13.6,29.5,33.3,12.34,14.09,21.5,83.9,2.1,35.7,1.2,5.590094561412674,29.420107154112827,0.6976744186046513,2.9,0.16999999999999998,3.13,218.5,14.8,17.1,2.85,62.6,0.0,57.3710308829926,0.3791322305030279,53.59719645433931,81.2,7.5,148.0,10.72,51.74,7.871620563674321,4.18,3,3.36570981210856,6.2,49.0,31.155778894472363,35.36,16.77,21.07,3.161,17.08,6,41.3,26.3,27.1,54.2,52.1,43.15,3.2,-5.09,77.0,7.74,26.52,1.567,149.454,55.0,0.0,14.9,0.907,188.0,12.6,19.8
30,200066918,CA Alès Agglomération,99.28475637013858,99.1652754590985,34.0,6.035471816821662,6.761809599142364,94.6389941516978,3.0,27.375,19.2,7.6,16.57,1.7,9.2,24.9,44.39999999999999,6.15,6.2,17.0,87.4,0.6,40.3,1.6,6.482647866987852,34.817051509769094,0.9787585387585388,2.8,1.55,3.39,263.2,28.9,54.5,2.85,61.7,2.0,46.356501054225006,0.823905578419307,45.66639647985178,73.8,12.9,123.0,15.310000000000002,51.74,7.122781671864486,1.92,4,3.8009668380700186,2.2,29.0,-16.447368421052634,8.7,30.7,17.372,8.782,14.58,7,38.9,22.3,19.4,44.5,50.8,33.89,3.2,-5.28,96.0,9.86,17.55,2.799,602.275,60.0,4.0,20.2,0.945,126.0,12.6,16.11
30,243000270,CC du Pays Viganais,93.31103678929766,93.88489208633094,39.0,2.037120869171571,3.156899059706663,121.28771823594712,2.0,28.5,24.6,28.6,6.890000000000001,2.39,9.6,33.300000000000004,36.9,23.04,14.7,20.3,76.3,-0.4,39.55,0.7000000000000001,6.28428927680798,28.687690742624618,2.7012867647058827,2.7,7.41,3.99,235.2,25.9,29.7,2.85,88.0,0.0,91.84266798470382,0.1207122266426932,60.44383881642983,77.2,5.4,137.0,26.790000000000003,51.74,7.889660658989398,4.99,0,4.549395664768754,-11.3,52.0,4.761904761904762,20.17,20.53,21.019,0.369,24.46,5,44.3,26.1,20.0,57.4,67.5,72.52,3.3,0.75,101.0,10.52,23.0,0.0,233.599,58.0,0.0,19.8,0.353,175.0,12.6,19.92
30,243000296,CC du Pays de Sommières,98.85496183206108,99.59183673469389,52.0,2.530933633295838,4.584231323183649,61.86471985583224,3.0,30.75,12.5,9.1,5.88,12.05,7.5,26.700000000000003,22.9,8.28,3.95,14.2,87.0,-1.0,42.8,2.0,1.693411821627288,36.46145381182368,3.86965811965812,3.1,0.0,2.02,222.7,35.8,44.1,2.85,41.7,0.0,0.3724371820564205,1.0879867795192868,49.452294014923005,73.6,14.4,109.0,12.01,51.74,5.4124213627636815,2.82,1,2.956892908460824,-3.7,36.0,-41.07142857142857,15.68,29.94,29.805,13.538,18.66,5,31.4,13.6,14.2,49.7,67.0,35.96,3.1,-3.9600000000000004,53.1,6.72,19.11,0.0,1558.978,61.0,0.0,21.7,1.2,86.0,12.6,13.59
30,243000569,"CC Rhony, Vistre, Vidourle",97.38562091503267,100.0,53.0,7.793586044506351,8.16906558934231,75.66546533813865,2.0,25.666666666666668,9.6,5.5,6.01,23.92,6.7,27.500000000000004,28.6,1.47,0.23,13.1,87.1,-0.4,42.8,2.0,1.3235806339254614,38.553786487038174,1.7535612535612537,4.0,0.09,2.44,277.4,46.1,64.8,2.85,19.4,0.0,12.14873495455662,2.051853394833385,40.53961514757242,51.2,12.5,103.0,7.04,51.74,4.438154790493431,0.7,0,2.884471866110024,-3.0,19.0,1.834862385321101,7.5,49.55,29.967,28.767,14.21,6,28.6,11.0,14.9,47.5,71.6,26.92,2.9,-5.74,68.8,3.7,12.6,0.697,2854.208,66.0,2.0,24.6,1.585,82.0,12.6,12.49
30,243000585,CC Beaucaire Terre d'Argence,95.78947368421052,100.0,41.0,0.843407365757661,19.2618600754517,1280.9992667219285,4.0,21.0,14.2,2.1,10.5,1.49,7.6,29.1,33.0,3.84,2.71,16.3,86.2,0.5,44.65,1.3,0.7281476556811346,29.65860597439545,3.867098166127293,2.4,0.22999999999999998,3.17,258.7,21.2,48.0,2.85,6.0,2.0,28.69364330528671,0.7625760618125363,40.44831256652683,62.3,13.5,109.0,9.53,51.74,6.718103035438001,1.58,1,4.348246518824136,-0.1,8.0,-1.9230769230769231,28.27,25.56,55.45,12.028,15.75,7,34.4,22.6,20.1,52.5,49.8,23.65,3.3,-10.489999999999998,63.1,3.6,15.6,0.95,1125.164,58.0,2.0,23.9,0.343,84.0,12.6,16.29
30,243000593,CC de Petite Camargue,89.20863309352518,100.0,52.0,2.55480468106148,7.487063738849603,118.78451359084406,3.0,19.666666666666668,11.0,4.2,11.68,1.02,6.3,23.1,32.49999999999999,2.64,1.84,14.9,88.0,1.2,42.8,1.7999999999999998,1.0260764957718571,34.45194915704941,4.601984291029351,3.3,0.19,2.83,269.1,39.6,60.5,2.85,3.2,2.0,70.50217147318597,0.711995006573048,39.39988782950084,55.4,28.7,105.0,7.24,51.74,5.752729442521619,1.06,1,4.164888493739349,-9.4,4.0,-24.680851063829788,31.13,42.03,45.572,11.811,18.01,7,30.4,16.0,17.2,50.4,62.3,25.9,2.9,-10.07,72.6,4.8,13.2,0.0,2614.624,54.0,1.0,23.3,0.449,82.0,12.6,14.61
30,243000643,CA de Nîmes Métropole,98.80049167125844,99.26204532470004,52.0,0.3754327818628987,9.04408230726827,30.243339130434784,5.0,25.875,12.0,4.6,16.09,3.0,8.9,25.8,40.0,2.11,1.49,15.4,75.9,-1.1,42.8,1.9,2.564749411368988,37.95231489284463,1.495661047321962,3.3,0.04,3.13,255.1,35.3,75.6,2.85,28.6,1.0,54.92085414459411,1.492879049277477,44.99870174342687,74.3,9.8,109.0,13.26,51.74,6.211291408810619,0.92,12,4.776023292057904,1.8,10.0,-13.31417624521073,9.55,27.04,36.038,12.67,12.93,7,40.4,23.4,18.2,38.3,49.6,28.89,3.6,-8.24,110.1,5.69,15.21,0.076,989.986,,4.0,21.5,0.716,90.0,12.6,17.47
30,243000650,CC Terre de Camargue,96.1904761904762,99.0,58.0,0.2317420380056942,5.503394823287044,0.0,4.0,16.0,15.7,65.0,7.99,3.27,2.1,23.9,31.2,3.63,0.61,19.8,78.7,-1.0,39.8,1.4,1.4853145512912656,40.84143679301449,4.996234488660676,3.5,0.08,3.83,278.3,21.6,54.8,2.85,4.2,0.0,100.18592154755508,0.3220141170168233,75.49228944246738,72.7,9.9,139.0,6.36,51.74,6.779215689019227,1.92,1,7.417079026015384,63.9,2.0,-44.0,18.68,75.02,35.76,19.0,20.43,6,41.3,15.0,20.3,51.9,75.9,31.57,3.1,-5.34,92.9,1.67,16.33,0.0,2054.567,55.0,0.0,19.2,0.146,199.0,12.6,15.21
30,243000684,CC du Pont du Gard,98.42829076620824,99.78540772532187,45.0,3.3699842924460945,6.951256325578878,94.22188385568668,2.0,29.4,14.2,8.4,4.02,5.63,9.2,26.9,25.7,4.99,4.41,15.3,88.9,0.7,39.875,1.7000000000000002,1.5662038604808668,33.84887048651281,3.5097402597402607,3.0,0.0,2.54,246.7,24.4,48.4,2.85,39.2,2.0,38.83589965397924,0.7784024471882266,43.04553371485444,49.4,13.6,108.0,2.78,51.74,5.634030880856522,3.81,0,3.971817900278724,-0.2,37.0,-19.607843137254903,9.2,39.07,30.86,22.298,11.41,7,31.3,15.1,17.0,60.0,56.0,34.67,3.0,-6.5,67.6,7.4,20.67,5.08,700.008,61.0,2.0,22.8,0.983,92.0,12.6,13.26
31,200034957,CC du Frontonnais,98.1230448383733,98.12646370023418,19.0,3.5532317870195,2.468308535995345,0.0,2.0,28.0,8.5,1.4,6.619999999999999,30.31,6.8,20.5,26.9,1.43,0.52,12.6,89.1,0.4,32.3,2.2,2.086448516882846,37.26748234357903,0.9852118305355716,3.4,0.06,1.74,173.7,29.5,61.1,3.56,11.0,0.0,0.4623775189498982,3.362064754787931,43.94815144156777,53.9,32.300000000000004,93.0,3.29,41.66,4.365234103520908,2.43,0,5.933013995958387,6.3,36.0,-49.50980392156863,54.32,8.73,46.674,4.764,9.64,4,26.0,8.2,11.1,49.6,69.1,22.36,2.8,-4.3999999999999995,74.6,5.6,21.0,0.695,2022.641,68.0,0.0,27.4,1.136,57.0,11.1,10.81
31,200066819,CC du Volvestre,98.45109780439122,92.59441384736428,9.0,6.735837423969732,2.9808104131967186,105.09327336722724,2.0,30.83333333333333,13.7,4.0,5.57,11.49,8.0,24.5,32.300000000000004,10.79,9.26,13.7,86.4,2.2,35.666666666666664,1.6,1.7529052781925596,29.42366501999529,1.837547792839764,4.2,0.0,2.27,216.2,27.5,73.9,3.56,11.7,0.0,3.096258768511302,0.9270712593909686,49.14278443970864,69.3,14.000000000000002,105.0,13.020000000000001,41.66,5.4148554669747,1.3,1,3.686837221633086,2.2,38.0,12.025316455696204,96.16,19.99,62.425,1.413,12.87,4,30.3,12.5,15.4,46.7,62.8,31.94,2.9,-4.75,61.4,10.5,27.94,3.246,1282.802,62.0,2.0,24.3,0.941,84.0,11.1,13.99
31,200068641,CA Le Muretain Agglo,95.0609756097561,99.43438914027148,14.0,2.4575181299641566,4.584176651991148,217.10998425745004,2.0,30.0,7.7,1.2,14.89,14.44,5.6,18.0,43.4,2.66,0.79,13.0,85.6,-1.0,32.3,2.0,2.150038669760248,39.74280681150911,2.1012255204687995,4.5,0.01,2.47,209.5,26.7,80.6,3.56,7.3,1.0,3.722998413044155,2.320054682267477,41.741349454689065,74.0,14.099999999999998,95.0,5.75,41.66,4.665620931270927,2.47,3,5.07672619584745,-9.3,14.0,-40.647482014388494,36.87,12.2,44.983,1.956,9.28,5,30.8,11.0,16.8,42.1,63.1,18.91,2.9,-3.1,67.2,4.5,11.85,0.387,1020.369,66.0,2.0,26.4,1.309,72.0,11.1,12.72
31,200068807,CC du Bassin Auterivain Haut-Garonnais,99.6874248617456,99.3604291314215,19.0,0.2532541870928229,1.0350930984885822,100.39309566920952,2.0,28.25,10.8,2.1,5.26,4.99,7.1,23.7,37.4,8.03,3.79,13.3,85.8,0.7,33.5,1.7999999999999998,1.5201566930745167,33.450918909502654,0.4948677248677249,3.8,0.54,2.63,150.8,19.9,57.4,3.56,8.5,0.0,0.7475340163024516,1.1466943092979485,43.63688595231256,69.1,10.6,100.0,7.46,41.66,4.86759784069607,2.34,0,4.757737063629612,-1.0,46.0,-7.853403141361256,73.83,15.09,70.13,2.179,8.09,4,28.8,10.2,14.3,49.4,67.9,23.18,2.7,-5.6899999999999995,47.1,6.68,20.63,0.585,807.239,62.0,0.0,27.2,0.908,72.0,11.1,11.95
31,200068815,CC Coeur de Garonne,98.00997109221166,97.451228560206,14.0,4.691818504455447,3.278690446641048,201.83918320719687,2.0,34.2,14.499999999999998,3.9,4.95,0.55,10.2,25.0,32.4,13.14,11.36,15.2,86.7,-0.5,36.15,1.7000000000000002,1.5958507879513266,29.564353977907405,0.3545652173913043,3.0,0.33999999999999997,2.56,178.5,17.2,43.7,3.56,13.7,1.0,1.6314296652049838,0.5929095439825249,46.15728703626045,66.8,15.4,107.0,16.82,41.66,5.638901778015031,3.13,0,4.178729519977005,0.9,42.0,-9.46236559139785,97.56,14.33,58.735,1.231,11.25,5,30.7,12.0,14.7,55.3,51.8,29.61,2.8,-6.78,56.2,9.75,33.06,1.71,450.949,62.0,3.0,23.2,0.893,88.0,11.1,13.19
31,200071298,CC des Terres du Lauragais,100.0,100.0,20.0,0.2655337227827934,0.7190703853934959,12.47078635581884,1.0,31.75,10.5,2.9,4.92,23.55,7.0,25.1,23.5,12.99,9.36,11.4,87.4,0.5,33.300000000000004,2.2,2.3936485365564635,35.14900196795052,1.9884133495952987,4.0,0.03,2.13,151.2,18.9,57.3,3.56,1.8,0.0,0.0714584405558414,1.200769114405516,41.848583372039016,68.8,12.8,96.0,9.719999999999999,41.66,3.640958383901656,1.42,1,4.913550412317198,-1.2,56.0,4.0,71.73,18.24,78.379,2.079,5.98,4,26.2,7.7,11.2,59.0,68.8,29.25,2.8,-3.7199999999999998,49.3,11.4,24.48,1.422,1176.033,65.0,0.0,29.4,1.021,64.0,11.1,10.33
31,200071314,CC des Hauts-Tolosans,98.80829015544042,98.49063150589868,24.0,3.2768863830437605,2.563868490604767,96.99754334444005,2.0,26.0,10.2,2.9,7.21,26.66,7.1,24.8,26.700000000000003,8.72,9.05,13.2,89.8,1.1,32.3,1.9,1.444604956106234,35.40908139778197,0.4662276258020938,3.3,0.0,1.67,152.4,21.1,45.8,3.56,11.2,0.0,2.239656538969617,1.248134332567752,37.00986386239504,65.0,12.1,90.0,8.57,41.66,4.370373952424404,0.83,0,6.136137520972537,-1.7,41.0,-11.168831168831169,75.47,16.68,65.53,1.682,9.02,3,28.7,9.3,12.4,45.2,55.5,23.06,2.8,-6.6000000000000005,38.3,12.03,22.28,0.556,1365.995,62.0,0.0,28.1,1.138,54.0,11.1,11.83
31,200072635,CC Pyrénées Haut Garonnaises,99.55899238022336,98.92529765040564,7.0,2.424406450034863,3.0677723110376904,206.7842731505432,1.0,35.0,25.9,52.0,2.32,-20.18,6.7,27.500000000000004,41.400000000000006,16.3,23.56,19.0,82.3,1.0,40.0,0.8,5.722088562325248,28.320824667691472,3.0172839506172835,3.2,0.7100000000000001,4.55,175.6,14.2,59.9,3.56,83.6,0.0,51.7371093394768,0.2648070875079383,68.05659904833459,82.5,8.6,145.0,8.63,41.66,6.700388148828663,1.95,3,7.939935691318328,-0.5,48.0,-14.761904761904765,81.38,21.42,11.701,0.317,24.52,5,41.5,16.0,14.9,68.8,54.0,52.8,2.9,0.21,84.0,11.75,36.33,2.601,700.601,,0.0,27.6,0.786,208.0,11.1,19.47
31,200072643,CC Coeur et Coteaux du Comminges,99.9548908706062,99.5352767215885,20.0,10.265809858550153,1.9500350510250988,68.75127076336571,2.0,38.0,21.0,7.1,5.37,-3.75,12.4,27.800000000000004,44.3,19.3,17.1,16.2,83.9,0.4,36.06666666666667,1.3,1.876002983522817,28.109618198749494,0.607491100448847,2.2,1.38,3.39,142.3,18.6,61.3,3.56,19.0,3.0,1.0355256406386768,0.5890617331764691,53.45766373476181,74.7,8.200000000000001,135.0,13.83,41.66,7.367686127182592,3.16,2,6.349619461810274,0.0,51.0,-28.674948240165637,95.62,15.9,57.6,0.682,15.12,5,39.5,19.2,20.4,57.5,39.8,36.62,3.1,-4.54,107.4,16.56,22.88,0.678,210.965,57.0,1.0,24.1,1.019,159.0,11.1,16.46
31,200073146,CC Cagire Garonne Salat,99.63390594198816,99.03291344981714,10.0,5.38558112337908,2.3631766016541933,94.06809371312995,1.0,36.0,21.3,18.3,3.9899999999999998,-10.76,9.3,34.5,34.2,23.77,27.02,17.4,87.3,1.5,40.0,1.3,2.864042230583479,28.55329949238579,3.310791015625,2.4,3.55,3.37,157.7,18.7,28.7,3.56,50.6,0.0,8.700921802984142,0.3792675960774059,51.31980802792321,73.9,13.7,128.0,19.32,41.66,6.760852206736353,2.25,0,6.349311201445348,3.7,68.0,-10.335195530726256,93.52,14.42,36.507,0.351,21.98,7,38.8,16.9,17.4,60.9,45.7,41.16,3.0,-4.49,64.6,19.67,20.65,1.123,45.812,58.0,0.0,23.1,0.873,160.0,11.1,16.78
31,243100518,Toulouse Métropole,99.85660710346347,99.582675389127,16.0,0.3808509135143607,5.6441946798371445,54.05254181169983,5.0,17.0,8.4,3.0,18.22,13.75,7.1,18.9,46.8,0.66,0.21,13.8,58.5,-5.4,32.3,2.3,1.667571736821618,46.34384620516779,6.713658305581864,4.0,0.0,2.88,184.3,27.8,92.5,3.56,6.4,9.0,2.4914680947941283,4.40170864505569,41.25864576839731,58.4,17.4,74.0,8.73,41.66,5.071325246179476,0.83,44,3.5997540986746097,-0.6,2.0,-16.233766233766232,4.04,9.0,24.048,3.644,8.35,5,48.5,17.3,13.7,40.0,61.4,29.26,3.9,-6.4799999999999995,134.4,1.59,7.03,0.144,2331.261,,6.0,23.9,1.672,66.0,11.1,17.71
31,243100567,CC Aux sources du Canal du Midi,99.62830593280914,98.79014835085698,22.0,2.736709922825906,1.4851893339546889,613.8614477261208,2.0,37.0,17.5,7.9,4.71,-1.04,8.8,27.4,35.8,16.8,6.41,16.5,84.8,1.2,32.599999999999994,1.5,1.8838448814556148,32.00240368565133,2.594899984730493,3.5,0.8200000000000001,2.3,158.6,22.2,50.4,3.56,23.7,1.0,30.134807317142126,0.836863474144944,46.56160458452722,58.7,28.9,124.0,11.129999999999999,41.66,6.357157796885893,1.38,1,6.071856844062282,3.7,48.0,-27.8125,97.9,14.86,59.893,1.409,9.49,6,35.5,14.9,19.2,51.6,54.7,35.24,3.0,-4.44,87.2,9.39,24.14,0.919,360.405,56.0,0.0,21.3,0.725,135.0,11.1,14.86
31,243100633,CA du Sicoval,100.0,100.0,13.0,0.5693852916391464,3.0444232755960443,71.01854161872812,2.0,30.5,8.1,1.5,17.27,19.99,5.2,18.2,42.5,2.72,1.07,12.2,76.7,-2.8,32.3,3.2,2.423649084266577,47.546874444088665,4.350758620689655,4.2,0.01,2.27,174.9,25.9,79.6,3.56,5.8,0.0,1.24662351154799,2.9428579004913624,37.14549039280423,54.1,8.4,95.0,10.489999999999998,41.66,3.881172142722228,1.07,0,3.4877667946861424,-6.8,28.0,-44.49339207048458,43.32,6.59,56.474,2.224,6.44,5,37.0,9.0,10.6,48.7,70.3,28.74,3.4,-3.71,94.7,5.28,15.94,0.358,2035.069,66.0,2.0,29.2,2.048,76.0,11.1,12.61
31,243100732,CC des Coteaux du Girou,99.607250755287,99.05602923264313,18.0,3.023145393459668,7.165631914259786,0.0,1.0,30.75,7.6,1.5,3.46,18.15,5.6,20.3,29.40000000000001,8.39,4.25,8.9,86.8,-0.7,32.3,2.9000000000000004,2.192888162703702,41.54127322570819,0.5522108843537414,3.9,0.0,1.72,158.9,29.3,61.7,3.56,5.8,0.0,0.0,1.977750495998053,42.368598382749326,70.5,10.0,95.0,11.85,41.66,3.693111959761549,1.29,0,5.7948956780924,-1.9,41.0,52.41935483870967,64.02,9.68,66.698,2.403,6.93,2,22.0,6.0,9.2,52.3,68.2,26.79,2.9,-2.79,35.7,6.61,12.67,1.29,997.305,64.0,0.0,29.9,1.165,66.0,11.1,8.54
31,243100773,CC Val'Aïgo,100.0,100.0,37.0,4.923138752135034,9.307441131521882,146.18281565587642,1.0,32.0,14.9,1.9,8.24,3.43,9.4,26.4,27.700000000000003,6.8,1.79,17.2,88.6,1.0,36.15,1.4,1.9985955814832816,30.81730379027676,3.809523809523809,2.5,0.0,3.24,168.3,19.1,50.8,3.56,16.1,1.0,1.2950853103120112,2.2500326128525687,43.12725727639685,62.5,11.9,102.0,9.77,41.66,5.536431082241265,1.62,0,5.643837169747137,-2.7,44.0,-31.53153153153153,64.14,5.95,52.304,2.968,8.97,2,32.1,10.8,15.1,52.0,66.3,27.44,2.7,-5.0,62.1,3.89,23.67,1.62,508.817,59.0,0.0,25.4,0.777,74.0,11.1,12.55
31,243100781,CC Le Grand Ouest Toulousain,99.28275422378069,98.85483870967742,18.0,1.7152593857557907,3.3379616244426744,0.0,2.0,25.0,4.9,1.0,14.249999999999998,12.79,5.2,15.4,47.5,1.73,0.35,10.5,86.2,-2.0,32.3,2.4,1.426853380623331,43.31896551724138,5.551470588235294,3.4,0.0,2.24,167.7,21.6,74.1,3.56,13.1,1.0,0.4674817032601464,3.102623484026417,34.10701099646756,70.3,18.7,92.0,11.32,41.66,3.906288007360141,1.22,1,4.659941941307053,-2.2,23.0,-32.857142857142854,34.52,19.23,49.071,1.448,11.68,2,29.1,8.8,12.8,44.1,66.8,18.69,3.0,-6.619999999999999,42.1,4.75,17.13,0.815,1401.201,69.0,0.0,32.2,1.31,54.0,11.1,10.58
31,243100815,CC des Coteaux Bellevue,,,15.0,,,0.0,1.0,17.0,6.0,0.9,5.970000000000001,14.78,5.1,18.3,44.1,0.31,2.1,8.6,86.3,-1.7,32.3,2.6,2.479996256609424,45.602405521765874,0.9204248366013073,3.6,0.0,2.81,143.9,21.7,63.9,3.56,13.5,0.0,0.0,4.096450681956335,40.331820890049954,77.0,9.3,100.0,8.58,41.66,3.730302123314201,,0,3.2571358146413605,-5.5,9.0,58.333333333333336,26.91,4.86,34.849,1.974,9.27,2,24.3,5.3,9.5,48.8,80.7,21.43,2.8,-3.15,43.9,2.29,6.71,0.468,737.431,68.0,0.0,29.2,2.796,78.0,11.1,10.12
32,200023620,CC de la Gascogne Toulousaine,99.79973297730308,99.62199312714776,24.0,10.323125601489965,1.9415955826902016,46.06248510841077,1.0,29.33333333333333,7.9,3.0,6.65,15.4,6.2,21.0,32.99999999999999,17.97,5.35,12.3,86.6,0.4,34.849999999999994,2.4,0.2930832356389213,36.130356684629206,1.5966579292267364,2.6,0.09,2.34,157.4,19.9,44.2,1.84,5.6,0.0,0.0,1.625653733908784,46.68993534359444,56.8,11.0,97.0,8.540000000000001,45.86,4.340625101162151,1.17,1,4.671289372309087,-1.0,44.0,-8.658008658008658,81.64,16.48,75.67,1.696,6.44,4,30.9,8.1,11.1,48.4,84.5,28.72,2.8,-5.680000000000001,73.9,7.62,32.69,0.0,2239.515,65.0,1.0,37.3,0.908,60.0,19.0,10.64
32,200034726,CC Bastides de Lomagne,95.00739644970416,99.20833333333331,25.0,12.437408384637935,1.8734756797838468,75.20950610727563,1.0,37.6,18.0,10.9,5.48,14.11,9.2,31.5,30.1,33.1,27.41,15.9,85.4,0.3,36.03333333333333,1.5,0.2650644990280968,27.46972594008923,0.0414719626168224,2.9,1.0999999999999999,2.65,118.7,16.3,49.1,1.84,2.5,1.0,0.0,0.5466994926257069,51.509466143612485,66.3,13.7,123.0,13.889999999999999,45.86,5.761292790208453,3.53,1,7.517983043284248,2.3,67.0,-31.157894736842103,100.0,23.05,80.347,1.5,7.46,4,33.9,13.4,14.0,64.2,69.6,40.47,3.0,-4.5,64.4,10.49,36.12,0.884,170.561,60.0,0.0,26.7,1.084,124.0,19.0,14.92
32,200035632,CC Armagnac Adour,99.88913525498891,100.0,29.0,1.4360508601346296,1.996861905974144,177.00996828273674,1.0,42.4,21.9,10.0,4.03,-3.01,11.8,31.2,39.6,40.29,35.18,18.1,83.6,5.2,34.1,1.4,0.761266747868453,22.74615704196095,0.3174868609651219,2.3,0.62,3.05,108.0,21.3,27.7,1.84,14.7,0.0,2.8452911044896045,0.4421199093563443,52.26174791392183,49.5,12.0,139.0,31.55,45.86,6.742693373645754,4.57,0,7.673280423280423,-0.8,77.0,-32.45192307692308,100.01,10.97,66.82,5.11,10.73,3,37.8,17.9,15.6,64.0,56.8,46.89,3.0,-3.95,114.2,19.63,22.96,0.0,4.392,56.0,0.0,24.5,0.721,213.0,19.0,22.32
32,200035756,CC Astarac Arros en Gascogne,100.0,100.0,24.0,5.1928240813298645,0.8851493779400041,214.31548863794785,1.0,43.25,18.5,10.3,3.08,5.1,7.7,29.0,29.8,47.59,34.25,16.1,84.7,-1.0,34.1,1.3,0.6972528238739367,21.41530460624071,0.0,3.2,1.28,1.39,108.8,23.0,40.6,1.84,15.8,0.0,0.0,0.4369124291551441,40.09241641750476,33.1,29.3,136.0,2.9899999999999998,45.86,6.122199170124483,4.18,0,8.56832641770401,-1.1,83.0,-35.87786259541985,99.57,21.13,66.555,1.076,10.57,4,31.3,15.3,13.8,66.2,61.5,36.81,2.9,-1.76,57.7,14.41,29.62,0.0,205.219,57.0,0.0,22.4,0.669,179.0,19.0,15.14
32,200042372,CC des Coteaux Arrats Gimone,99.18819188191884,99.63235294117648,27.0,10.581567851879708,1.8723617430836528,51.3477251624884,1.0,35.333333333333336,17.9,6.7,3.8699999999999997,82.0,12.2,31.2,34.099999999999994,30.33,30.05,15.4,85.7,5.2,37.4,1.6,0.4636498516320475,27.650864914829,1.416116611661166,3.0,6.5600000000000005,3.71,116.7,18.2,53.5,1.84,4.3,0.0,7.415837417693945,0.92942453914712,46.95857129906626,48.8,39.3,120.0,3.63,45.86,5.278255840387265,1.85,0,7.971637180567257,0.4,64.0,-20.444444444444446,99.93,36.17,78.286,1.205,9.64,4,32.1,13.2,15.1,64.4,65.3,39.22,2.8,-2.92,77.6,12.37,27.8,0.0,488.623,57.0,0.0,26.5,0.953,124.0,19.0,14.07
32,200066926,CA Grand Auch Coeur de Gascogne,97.43941472336532,100.0,24.0,12.565600175889724,6.276180263441597,109.20989395733103,2.0,37.0,15.8,3.9,12.06,0.34,8.7,25.3,45.7,14.85,11.4,16.8,82.0,-2.0,37.4,1.9,3.3925768393336364,35.27278110889037,1.3778072929244145,2.5,4.2299999999999995,3.29,162.3,29.0,73.7,1.84,5.5,0.0,0.0596685082872928,0.779971841844072,52.240442484344925,77.8,9.3,120.0,19.17,45.86,5.739436270821942,3.29,6,6.248542142985588,-0.4,34.0,-9.788867562380036,98.39,36.74,70.676,1.401,9.71,4,44.5,14.3,16.4,46.7,74.1,43.6,3.1,-2.03,130.6,11.91,14.29,0.0,734.875,59.0,0.0,31.6,0.845,127.0,19.0,15.84
32,200072320,CC Val de Gers,99.20402178466692,99.8012916045703,26.0,9.213087293331466,1.425582278563843,132.77641327514462,1.0,40.5,17.8,9.1,2.02,18.92,9.7,29.1,29.1,42.84,33.42,15.4,86.4,0.3,38.7,1.1,0.2044362669937647,25.502975347123822,0.0,2.7,3.75,2.04,106.2,15.6,45.1,1.84,15.1,0.0,4.651380917530141,0.3423643310820138,48.94026974951831,61.0,4.5,131.0,11.43,45.86,5.654687477849132,18.4,1,8.115014389203136,-1.4,86.0,-31.413612565445025,100.0,32.1,66.745,0.915,14.09,5,31.8,14.7,11.0,61.5,63.8,40.07,2.9,-1.78,55.3,22.21,25.79,0.0,223.507,57.0,0.0,25.1,0.665,152.0,19.0,15.14
32,243200391,CC de la Lomagne Gersoise,85.54216867469879,97.75179856115108,26.0,18.083328727108835,1.3398161882460735,105.83154829988564,1.0,37.4,20.3,10.7,5.680000000000001,2.38,9.9,35.8,35.3,34.11,21.93,17.599999999999998,82.4,1.1,37.9,1.4,0.6214718525040136,25.639491398653707,0.2952636882767886,3.2,2.09,3.63,117.6,30.3,53.0,1.84,3.1,1.0,0.01405251124929,0.7704877506405068,47.733293347328434,61.1,19.3,137.0,12.07,45.86,7.164438054514707,24.86,1,7.770402044115347,1.3,57.0,-30.05291005291005,100.01,18.05,80.662,2.028,6.99,4,36.7,15.7,17.1,60.2,55.7,38.63,2.9,-3.71,86.2,11.16,24.74,0.0,549.308,53.0,0.0,29.0,0.774,167.0,19.0,15.82
32,243200409,CC du Bas Armagnac,99.1769547325103,100.0,32.0,2.78512084592145,1.3875451476347256,75.58636206299758,1.0,39.2,20.200000000000003,6.8,4.45,-1.1,11.2,27.200000000000003,33.1,31.23,25.38,19.0,83.7,0.1,34.1,1.0,0.5737893045673629,23.582185197052237,0.0,3.2,3.01,3.44,106.5,25.3,38.9,1.84,13.9,0.0,7.992979252589491,0.6854173337914845,50.66518847006652,58.0,10.6,135.0,23.47,45.86,6.438414440866851,5.74,2,6.606796683405348,3.1,67.0,-48.21428571428572,98.66,10.08,66.81,7.576,11.89,4,37.0,16.8,16.5,61.6,54.8,37.53,3.0,-3.1300000000000003,100.4,17.96,22.62,0.0,73.171,54.0,1.0,24.9,0.743,164.0,19.0,20.18
32,243200417,CC de la Tenarèze,90.14314928425358,100.0,27.0,8.91934287486168,2.9826572469213497,88.03155914727603,2.0,42.333333333333336,22.1,11.7,7.99,2.01,13.1,35.6,41.3,27.6,15.03,17.599999999999998,81.0,-0.6,37.4,1.1,0.2791931318489565,24.626865671641795,5.699466666666667,3.3,1.8399999999999999,2.79,99.2,38.9,44.9,1.84,4.8,0.0,0.0096242346632518,0.5724877989983485,53.93993053190765,59.6,13.900000000000002,146.0,11.91,45.86,7.325770375536585,10.47,2,8.902496046207798,3.1,52.0,-12.14392803598201,99.99,15.69,75.564,4.875,8.35,4,38.3,19.3,16.8,59.2,55.1,44.53,3.2,-4.92,99.0,10.31,11.35,0.698,170.946,53.0,1.0,26.3,0.555,184.0,19.0,19.11
32,243200425,CC Coeur d'Astarac en Gascogne,100.0,100.0,29.0,4.053122931218503,1.0184779517753306,117.30368932038834,1.0,43.25,21.7,8.2,5.88,-6.61,13.6,34.2,40.0,22.68,26.34,19.4,79.2,-0.8,37.4,1.4,0.38860103626943,23.70883233532934,0.5811494252873564,3.2,2.58,5.18,130.2,30.5,37.1,1.84,14.6,0.0,5.746524064171123,0.4371662489915549,59.91352686843731,64.3,15.9,141.0,6.950000000000001,45.86,7.275108562520878,6.48,0,9.339828526890102,-3.0,46.0,-28.52664576802508,98.31,34.81,62.423,0.893,14.06,5,42.2,19.8,18.3,66.0,75.0,48.7,3.0,-4.760000000000001,112.3,12.32,32.58,1.295,601.606,54.0,1.0,29.6,0.502,193.0,19.0,19.01
32,243200458,CC du Grand Armagnac,88.1218274111675,100.0,28.0,1.615798922800718,1.140722386472397,176.0896293523025,1.0,39.4,23.0,24.2,4.22,-0.36,10.5,34.8,26.1,29.09,24.72,19.8,79.3,-2.9,37.4,0.8999999999999999,0.2975969049921881,21.49503722084368,3.5234541577825165,3.0,8.799999999999999,5.21,140.4,25.4,49.4,1.84,16.9,0.0,8.829151821522506,0.4757425120040591,54.64241361677259,54.4,13.0,146.0,7.26,45.86,7.05631038647343,1.49,0,6.529815821256038,2.0,62.0,-28.10271041369472,100.0,11.84,56.732,9.366,12.38,2,37.3,20.5,17.5,60.4,61.1,38.24,3.2,-5.510000000000001,95.2,15.08,29.96,0.744,642.121,53.0,0.0,22.7,0.455,192.0,19.0,23.17
32,243200508,CC Bastides et Vallons du Gers,100.0,100.0,27.0,5.701680593722543,0.859495387651587,0.0,0.0,42.8,23.4,12.9,5.779999999999999,2.04,11.5,28.4,30.4,30.75,29.28,19.8,83.6,4.1,34.1,1.0,0.4304778303917348,22.017982017982018,0.3226666666666666,2.2,0.11,2.87,106.2,20.5,11.5,1.84,9.3,0.0,1.2805077122963655,0.3593830464383915,59.15845021524788,70.7,10.6,157.0,35.61,45.86,6.84958018640527,2.87,0,6.430258717660292,-0.5,73.0,-18.429003021148034,100.0,27.64,67.16,1.492,10.89,2,40.2,18.1,14.4,68.2,56.8,48.93,3.1,-3.3099999999999996,88.8,17.47,35.5,0.0,51.382,55.0,0.0,22.8,0.72,252.0,19.0,19.87
32,243200599,CC du Saves,100.0,99.61685823754787,25.0,10.426285010772546,1.9399209006338167,0.0,1.0,37.0,16.7,8.8,3.85,0.6,8.0,29.9,26.1,32.06,20.58,15.4,88.1,-0.8,34.849999999999994,1.3,1.31993095745761,27.295990901336367,2.0384146341463416,3.9,0.49,3.05,135.0,11.3,48.2,1.84,2.4,0.0,0.0,0.6526502633056183,53.198852961534655,65.7,16.3,125.0,7.380000000000001,45.86,5.639953330251838,1.02,0,6.200187871829663,-2.2,58.0,-34.6749226006192,99.57,27.59,81.963,1.227,8.27,2,33.6,12.1,12.6,60.2,71.8,35.54,2.8,-5.01,67.9,9.13,38.53,0.0,478.592,59.0,0.0,29.8,1.162,131.0,19.0,13.02
32,243200607,CC Artagnan de Fezensac,98.98391193903473,100.0,38.0,6.820830875052163,2.935603006589363,0.0,2.0,44.0,24.4,11.1,3.66,0.81,12.0,39.0,31.2,38.51,30.77,19.2,80.8,-1.3,37.4,1.0,0.1438228102977132,21.455557764963213,0.0,2.6,7.32,4.31,93.9,25.8,20.5,1.84,6.2,0.0,0.9659549761157002,0.2664551238755349,50.79723437279526,60.6,17.7,141.0,17.080000000000002,45.86,6.643091268144709,2.88,0,5.750178138805757,-0.3,54.0,-25.754060324825986,100.0,35.96,72.801,1.959,12.2,5,38.0,18.9,15.0,69.4,67.8,45.45,3.2,-5.7700000000000005,75.4,12.12,31.16,0.0,183.434,58.0,0.0,26.9,0.684,202.0,19.0,15.6
33,200023794,CC de Blaye,100.0,100.0,29.0,9.072806471686372,1.9934366536520371,65.74983992513421,3.0,33.333333333333336,20.5,5.1,4.22,20.68,11.3,31.9,28.4,5.39,6.61,18.1,87.3,3.0,32.8,1.9,2.395151041157494,28.811061201572155,1.0331010452961673,2.9,0.04,2.44,200.5,12.5,42.9,3.94,15.3,0.0,43.057390626522455,0.6807444014146912,41.26225197226871,69.1,6.800000000000001,111.0,10.24,48.78,6.081811542572141,2.44,1,4.227730673316708,-12.7,46.0,-47.1563981042654,22.43,32.99,28.008,21.374,5.86,6,35.2,15.6,21.3,48.9,66.0,29.18,3.0,-6.7299999999999995,76.9,8.5,8.6,0.489,120.488,61.0,2.0,19.9,1.515,109.0,11.0,15.6
33,200035533,CC du Grand Saint Emilionnais,100.0,100.0,39.0,0.3244952401076117,2.929139289043223,123.5265645946518,1.0,34.25,18.8,7.7,3.2300000000000004,3.57,13.3,36.0,41.3,11.83,6.92,15.5,82.5,3.4,34.7,1.7999999999999998,6.270932801254187,31.61131611316113,0.3177117000646412,3.2,0.22,4.28,212.3,19.7,44.4,3.94,10.6,0.0,100.06409986969862,0.3554954622432567,51.06501075418026,36.1,3.5000000000000004,110.0,11.92,48.78,5.963404852123419,2.14,0,5.31484671029969,-2.8,54.0,-15.073529411764705,29.15,21.15,60.94,25.067,4.44,5,30.6,12.3,14.8,52.5,62.6,32.92,3.1,-5.38,116.6,9.05,15.73,0.0,106.154,61.0,0.0,24.6,1.332,113.0,11.0,15.1
33,200043974,CC du Sud Gironde,99.68152866242038,100.0,26.0,6.006006006006006,1.1878960949924648,44.43297239591276,2.0,34.0,17.5,4.7,6.25,9.5,7.9,25.9,32.800000000000004,12.8,14.29,17.4,84.9,0.1,35.0,1.5,0.8296668761785041,33.53380578433251,4.445407082324454,4.2,2.12,3.02,214.1,20.1,50.4,3.94,73.9,1.0,60.79684757212207,0.6397261716211062,52.346748007478105,71.7,12.6,111.0,11.83,48.78,6.030419864226682,1.01,3,4.2894111570247935,-7.5,46.0,-24.93150684931507,39.15,13.78,13.0,10.887,9.2,4,34.5,13.1,18.3,52.6,66.8,36.61,2.8,-5.4399999999999995,86.7,12.19,14.84,0.503,306.012,63.0,1.0,23.4,0.574,95.0,11.0,15.36
33,200043982,CC du Bazadais,100.0,100.0,19.0,2.0109424254501977,1.1435045227336311,91.84818711967546,1.0,35.333333333333336,23.3,6.1,4.7,17.93,9.6,29.6,32.5,19.17,17.4,17.8,86.3,-0.1,37.2,1.3,1.5718327569946555,29.27251206409906,5.197195290858725,3.8,1.6400000000000001,3.14,215.5,16.9,38.4,3.94,73.8,0.0,44.010451814665466,0.4365751585810295,49.62433349491032,64.5,17.5,126.0,12.6,48.78,6.649770537986188,2.51,0,6.8376590330788805,-3.9,57.0,-35.361216730038024,98.45,14.49,11.048,1.38,21.67,4,35.5,15.4,16.9,64.1,56.7,35.71,2.8,-5.5,84.3,11.23,23.84,0.0,106.641,59.0,0.0,21.6,0.588,142.0,11.0,15.45
33,200044394,CC du Réolais en Sud Gironde,100.0,100.0,33.0,20.70879692436016,1.6347790311970225,132.7944799365318,2.0,34.0,20.8,3.6,3.8899999999999997,3.01,9.7,30.5,36.0,13.24,9.39,17.2,84.5,1.6,36.1,1.2,0.4997709383199366,28.79528560905377,1.9320970440602343,3.2,0.15,3.33,228.2,19.0,32.1,3.94,20.3,0.0,5.398085067206776,0.7792481482762464,45.8352056865068,70.2,8.6,115.0,15.27,48.78,6.885143875198372,1.67,0,3.939006497589604,-3.2,60.0,-39.87730061349693,79.72,16.73,46.719,8.285,10.1,5,33.8,19.0,21.0,57.4,51.1,35.82,3.0,-5.7700000000000005,79.4,8.78,17.73,0.0,82.52,60.0,1.0,19.6,1.674,114.0,11.0,18.98
33,200069581,CC Convergence Garonne,99.78331527627302,100.0,27.0,4.576248671625929,2.052301738038311,398.358521686011,2.0,35.0,15.4,2.6,3.82,8.61,9.3,26.3,35.9,6.1,5.84,16.1,84.4,-2.3,37.2,1.4,1.4032518837131265,31.06099919799972,0.1639368971061093,4.0,0.0,3.05,194.8,18.6,49.6,3.94,53.1,0.0,3.588426193689351,0.8888740412184268,40.67409654840939,60.9,5.4,101.0,7.59,48.78,5.518954355935923,1.22,0,5.079754224270354,-6.5,47.0,-12.290502793296088,13.14,14.3,26.712,21.661,4.46,4,30.8,10.8,15.2,49.5,64.6,28.61,2.7,-3.2399999999999998,60.8,6.26,15.59,0.305,428.37,62.0,1.0,22.7,1.206,86.0,11.0,13.33
33,200069599,CC Rurales de l'Entre-Deux-Mers,99.34029686641011,100.0,33.0,11.576427567401897,1.151852175660275,49.4065138721351,1.0,34.714285714285715,17.9,6.3,2.59,-1.06,9.7,32.2,29.5,26.09,17.33,15.1,86.7,1.9,35.400000000000006,1.2,2.1065302437556426,25.046996687852477,4.201868666929859,3.2,0.1,3.01,159.6,17.9,47.8,3.94,18.2,0.0,35.163379840801355,0.4077677512393817,44.86268939393939,49.5,7.1,109.0,16.520000000000003,48.78,5.984004596032898,1.81,2,5.806422351233672,-1.5,88.0,-41.17647058823529,100.0,19.5,57.935,14.871,6.5,3,30.6,15.4,14.0,59.7,44.4,31.9,2.9,-6.7,60.4,15.1,24.55,0.0,113.636,57.0,0.0,17.5,1.307,108.0,11.0,17.41
33,200069995,CC Médoc Coeur de Presqu'île,100.0,100.0,23.0,6.112861984896235,1.683976077798334,100.0873659855965,3.0,29.5,19.1,5.9,4.67,-4.46,11.4,29.2,26.9,11.69,14.14,19.4,86.7,1.7,36.8,1.3,5.4375970999482135,28.45006516387508,0.2467836257309941,3.5,0.03,2.91,168.3,19.0,45.5,3.94,37.5,1.0,21.1629221371902,0.4076888372784056,46.4539119921092,54.3,7.199999999999999,116.0,16.57,48.78,7.199304064471582,3.24,0,5.946070317155532,2.4,53.0,-2.569593147751606,68.26,15.8,33.069,17.944,14.36,6,33.8,15.0,21.1,49.0,50.6,25.99,2.7,-8.129999999999999,108.9,7.17,11.44,0.0,182.952,57.0,1.0,19.5,0.511,106.0,11.0,18.43
33,200070092,CA du Libournais,100.0,100.0,32.0,4.542345978166344,2.608482077968728,94.77881323902596,3.0,31.2,14.8,2.7,9.67,8.33,8.2,27.0,40.5,4.31,2.74,16.6,82.2,-1.2,33.75,1.4,2.6885463640356044,32.753323034613885,1.5233916083916084,3.5,0.03,2.89,215.8,18.9,56.1,3.94,25.3,3.0,100.03393684947083,1.0167834388136183,43.37572643813695,67.3,10.1,108.0,10.33,48.78,6.408986175115209,1.18,2,5.072756199253895,-7.8,40.0,-37.61261261261261,35.82,18.55,31.691,10.492,16.59,5,35.8,15.6,20.2,49.4,60.4,26.5,3.0,-6.75,91.5,8.96,17.42,0.321,628.422,63.0,1.0,21.0,1.41,92.0,11.0,15.98
33,200070720,CC Médoc Atlantique,99.32584269662922,100.0,26.0,1.2575650396918967,1.593455042064983,144.29508792326698,2.0,30.0,18.7,60.0,3.5700000000000003,9.35,3.1,22.5,17.299999999999997,18.32,29.84,18.6,82.4,-2.3,34.8,1.4,4.416024871052074,33.07743807185896,9.786494816475203,4.2,4.859999999999999,3.53,141.2,21.0,55.1,3.94,59.2,0.0,38.79283143756828,0.4933476738597328,73.20211434135484,77.2,8.6,148.0,7.99,48.78,6.825845314877114,3.18,1,7.366956652167391,9.8,39.0,-46.15384615384615,91.82,9.76,11.119,7.429,19.98,4,38.1,13.5,19.8,59.3,61.2,37.2,3.1,-5.680000000000001,73.5,9.0,18.14,0.353,218.737,55.0,0.0,27.9,0.184,211.0,11.0,15.81
33,243300316,Bordeaux Métropole,99.93387053319944,100.0,15.0,1.0002093268587084,10.001810965912629,46.75512005522324,4.0,24.5,9.2,3.6,20.990000000000002,7.66,5.5,20.9,51.4,0.99,0.33,13.6,57.0,-6.9,32.8,2.2,2.3739596889081684,46.89830982139408,5.358883450468541,5.3,0.01,3.15,222.0,28.0,86.0,3.94,24.5,14.0,18.86493709327549,2.3610424305987148,43.08911993580904,66.9,12.0,80.0,10.26,48.78,4.853763747823259,1.04,35,3.886872455267012,-3.8,3.0,-12.06581352833638,1.52,27.32,11.0,14.019,19.75,6,46.1,14.4,12.8,37.3,70.0,28.7,3.6,-5.0,122.2,0.89,7.82,0.486,805.732,,21.0,24.0,1.437,73.0,11.0,17.07
33,243300563,CA Bassin d'Arcachon Sud (COBAS),100.0,100.0,11.0,0.7116245970948972,5.645945989089673,108.09081452801294,2.0,24.0,11.5,33.3,13.29,13.5,3.6,23.200000000000003,41.2,6.34,1.78,14.2,79.2,-1.3,54.3,2.2,3.419561609340125,48.6106149021476,5.155084543939033,4.3,2.78,3.72,245.7,24.6,73.6,3.94,69.9,5.0,54.19203347799131,0.8530303773625977,54.09962762593972,78.3,10.2,134.0,8.4,48.78,5.406107525608385,1.0,3,5.843048729942566,-44.5,3.0,-27.906976744186046,1.99,2.19,0.746,21.637,11.33,4,41.2,9.9,15.2,42.2,75.4,27.49,3.3,-4.78,100.0,0.0,6.5,0.286,367.877,62.0,1.0,29.6,0.165,191.0,11.0,14.14
33,243300811,CC de l'Estuaire,100.0,100.0,11.0,11.450009744689144,1.83186924072185,95.91588079969824,2.0,37.0,19.9,5.1,3.6700000000000004,-4.73,12.0,29.0,16.599999999999998,10.77,9.33,18.5,88.6,1.3,32.8,1.6,3.975402198894341,23.66919262793526,1.4129412941294128,2.5,0.54,4.35,178.9,17.8,41.7,3.94,13.2,1.0,40.6582332761578,0.4829021739334085,39.56878598554453,44.4,4.9,118.0,11.23,48.78,6.833229203451679,1.24,0,6.296824491348165,10.5,78.0,-6.702412868632708,100.0,20.86,39.211,12.458,16.08,5,33.4,18.4,20.7,45.6,44.8,24.54,2.9,-9.44,110.1,11.93,14.57,0.621,200.294,56.0,1.0,17.0,0.845,106.0,11.0,19.46
33,243301165,CC Jalle-Eau-Bourde,100.0,99.07407407407408,19.0,1.931848671854038,2.9266663612657444,99.04751788559469,1.0,18.0,6.2,2.2,16.14,11.74,2.7,15.1,54.6,3.18,1.27,10.5,85.7,-0.8,32.8,2.4,2.910667285957578,45.24279510461903,3.40403976843695,3.3,0.01,2.79,156.5,27.6,46.3,3.94,69.8,1.0,0.8447630117525506,2.230123196414958,44.42752740560292,40.4,20.4,109.0,4.859999999999999,48.78,4.2792235649821135,,0,6.180024151519003,-29.3,13.0,-11.11111111111111,20.18,1.27,18.316,14.972,10.76,4,29.7,5.6,9.7,42.9,75.8,19.41,2.8,-3.54,143.7,1.67,11.67,1.239,1051.462,68.0,1.0,29.2,0.253,104.0,11.0,10.11
33,243301181,CC Latitude Nord Gironde,99.60348929421096,100.0,38.0,9.097589540642534,2.3588667143756417,15.56924948530788,2.0,33.0,13.7,1.7,3.5900000000000003,80.95,7.5,24.6,22.4,8.76,6.16,16.0,86.7,-0.4,33.75,1.3,2.496532593619973,26.81488847847705,0.1070783676417479,3.2,0.22999999999999998,2.77,186.3,19.8,39.8,3.94,43.1,0.0,87.86947526800827,1.0686212114544156,41.14531007397936,74.7,10.0,95.0,15.67,48.78,5.706468858035017,0.46,0,5.567574160811866,-12.6,56.0,-14.527027027027026,37.82,16.99,21.874,11.191,18.06,4,25.7,13.3,19.3,50.1,63.5,19.56,2.6,-9.139999999999999,39.9,5.67,25.0,0.462,666.271,66.0,0.0,19.0,0.73,59.0,11.0,13.69
33,243301215,CC du Créonnais,99.75470155355684,100.0,30.0,24.797993870158816,5.213012061803988,89.73121704745166,2.0,32.666666666666664,9.6,1.6,6.239999999999999,16.38,5.5,19.9,26.9,4.1,2.83,13.3,88.4,0.9,34.9,1.6,3.942397196517549,36.18404806979998,3.593034128097241,3.1,0.0,2.19,178.8,17.6,49.7,3.94,29.6,0.0,44.5862263846278,1.4445603211833251,46.09681405469296,71.6,8.5,100.0,13.94,48.78,4.51532162306023,0.55,0,3.980796789911149,6.6,58.0,-9.333333333333334,23.6,17.3,31.461,17.935,8.36,3,26.0,8.1,10.8,51.9,66.3,25.57,2.5,-1.81,46.6,5.27,19.73,0.548,283.135,63.0,0.0,26.0,1.728,68.0,11.0,11.29
33,243301223,CC du Grand Cubzaguais,99.37888198757764,100.0,41.0,6.06123766237259,2.9916375101726915,89.05970708720447,2.0,34.0,12.1,1.7,6.41,16.82,6.9,25.5,28.300000000000004,1.35,1.03,16.2,86.0,-1.4,32.8,1.6,3.646914763349837,31.049361408353477,1.136735700197239,3.8,0.12,2.4,197.3,23.8,49.1,3.94,9.8,0.0,98.78075962339076,2.1181825870788136,48.03803120239534,69.4,13.6,96.0,5.41,48.78,5.167784326154637,0.8,1,4.356043585711076,-17.7,38.0,-2.083333333333333,14.9,19.79,34.686,19.151,9.71,4,29.9,11.5,16.5,45.2,62.9,20.44,2.6,-6.94,54.5,8.0,17.88,1.331,843.095,67.0,0.0,22.4,1.629,69.0,11.0,12.77
33,243301249,CC Les Rives de la Laurence,99.58333333333331,100.0,34.0,5.59091803924142,6.202044458619395,96.47534022484425,1.0,25.0,8.5,1.2,12.049999999999999,23.96,4.7,20.1,41.0,2.63,0.81,12.9,86.0,-2.6,33.75,2.1,2.320507048107228,39.35333231815644,1.4860460021905804,4.2,0.0,2.42,198.5,28.2,58.7,3.94,7.2,1.0,77.3893645242976,3.074178370377859,50.360696092174095,53.7,25.1,103.0,5.8500000000000005,48.78,4.488973451143667,1.73,0,3.0639581364924777,-5.2,17.0,-64.92537313432835,12.35,11.94,36.483,12.607,12.97,4,25.5,8.7,13.3,40.7,72.1,18.84,2.8,-5.46,100.1,4.5,11.67,0.0,524.804,68.0,2.0,25.9,1.663,80.0,11.0,11.39
33,243301264,CC de Montesquieu,99.56331877729258,100.0,12.0,0.563888575617458,2.523897607745087,273.89529580540864,1.0,29.666666666666668,6.9,1.1,8.14,22.98,4.7,19.1,38.2,2.69,5.16,11.4,87.3,-2.9,32.8,2.0,1.7556476859294357,39.462626138698894,2.197885196374622,2.9,0.24,2.75,139.5,20.9,34.6,3.94,63.3,0.0,8.513083942708649,1.536155956686555,41.51262933972201,55.4,15.9,97.0,7.35,48.78,4.1172163860801545,0.42,1,4.359094810063689,-5.8,35.0,-17.05426356589147,16.81,25.93,12.574,18.26,11.52,4,24.1,5.9,11.2,44.8,75.6,22.46,2.6,-3.7800000000000002,62.1,4.77,14.77,0.212,480.183,65.0,0.0,34.5,0.815,67.0,11.0,9.87
33,243301355,CC les Coteaux Bordelais,99.84591679506931,100.0,31.0,15.511892450879008,5.999330278276032,60.46363678394748,1.0,25.0,6.3,1.5,11.540000000000001,19.0,4.9,17.9,43.6,1.61,0.58,9.8,87.5,0.0,32.8,2.5,3.533408833522084,43.77724930638129,1.4596774193548383,3.8,0.0,2.27,190.5,25.9,59.4,3.94,20.6,0.0,54.28301333724168,3.115898189063226,43.244695138329305,55.0,21.9,105.0,12.790000000000001,48.78,4.18784426194509,2.72,0,2.019976088472651,-4.3,27.0,-30.18867924528302,13.5,14.23,28.118,10.39,15.55,3,26.1,7.4,11.3,53.8,81.4,22.92,2.8,-4.21,64.9,4.5,10.5,0.0,397.081,66.0,0.0,30.2,2.928,86.0,11.0,9.73
33,243301371,CC du Pays Foyen,98.01559177888024,98.20872274143302,45.0,8.590596553739944,1.685908829209096,128.18255884127942,3.0,38.0,22.7,5.5,7.969999999999999,1.99,14.0,29.5,49.1,13.55,9.83,18.5,82.7,-1.4,34.7,1.3,0.120918984280532,28.90223815521752,0.1724962630792227,2.9,0.65,3.02,155.7,17.5,15.3,3.94,14.4,0.0,93.04852974186308,0.4651646432171901,43.119810201660734,64.4,7.7,144.0,9.719999999999999,48.78,7.646467181467181,2.42,1,5.638318318318318,-2.6,46.0,-35.86065573770492,56.61,22.78,57.607,16.674,5.77,5,37.6,23.5,20.8,52.3,56.8,28.6,3.3,-5.7299999999999995,106.3,9.15,9.85,0.0,61.684,58.0,0.0,18.9,1.032,152.0,11.0,24.52
33,243301389,CC Médullienne,100.0,100.0,13.0,2.547914956260793,1.868974442469404,61.26020133021751,2.0,27.666666666666668,8.3,10.8,3.32,24.37,6.0,16.6,29.800000000000004,10.64,17.33,12.3,89.6,-1.1,34.8,1.4,2.757516456146593,31.578267329930878,5.575235109717868,4.6,1.05,2.67,214.0,28.7,47.4,3.94,87.4,0.0,4.639655740017871,0.6832626073488329,45.7931638913234,60.4,23.1,93.0,4.66,48.78,4.849351524730382,3.56,0,6.952119747117887,-1.0,53.0,-16.33986928104575,22.08,16.4,5.599,11.702,11.81,5,23.4,8.1,12.7,51.7,74.6,22.37,2.5,-4.81,42.9,8.7,29.0,0.89,652.06,60.0,1.0,27.5,0.174,62.0,11.0,10.11
33,243301397,CC du Fronsadais,99.15966386554622,100.0,34.0,7.417763796652297,3.0823540848734137,0.0,2.0,31.5,11.8,2.7,1.5699999999999998,-5.0,7.1,25.5,34.7,7.22,3.87,13.3,87.9,0.7,34.7,1.7000000000000002,4.855465221318879,31.89538043478261,0.0504519655244902,2.9,7.380000000000001,2.26,176.2,19.1,50.1,3.94,9.6,0.0,99.7637070835515,1.046407569286179,38.025979793493946,57.4,11.3,105.0,4.9399999999999995,48.78,4.84097973029427,0.56,0,2.7647678091004795,3.7,56.0,-29.268292682926827,34.2,10.77,50.648,16.846,9.66,4,25.7,9.7,14.1,51.0,68.4,23.43,2.7,-6.419999999999999,42.5,8.67,12.83,0.0,250.916,61.0,0.0,21.8,2.157,84.0,11.0,12.39
33,243301405,CC du Val de l'Eyre,,,22.0,,,72.16545971216426,1.0,32.0,9.9,3.8,7.32,0.78,6.6,20.3,26.5,14.57,18.14,13.6,90.1,-0.4,43.55,1.5,1.5612454277812473,31.295551646142243,3.001362153636592,3.1,0.06999999999999999,1.78,188.1,18.7,21.8,3.94,83.2,0.0,99.91820759030637,0.6980800028162761,39.04774454253964,52.3,13.5,93.0,4.49,48.78,5.090974784963588,2.23,0,5.74987722227679,-17.0,59.0,11.475409836065571,26.24,,5.753,1.581,10.78,4,25.5,6.9,11.7,55.8,75.0,23.64,2.5,-4.89,56.2,6.4,36.6,0.446,585.057,60.0,1.0,30.3,0.088,60.0,11.0,10.35
33,243301439,CC des Portes de l'Entre-Deux-Mers,100.0,100.0,20.0,8.635913559200922,4.326146930123998,101.3218768275676,1.0,28.0,11.2,2.3,4.4799999999999995,52.96,6.2,26.9,44.1,2.41,2.93,11.5,85.9,-1.0,35.0,2.4,3.836887659498528,40.84317032040472,2.3854093361482525,3.9,0.02,3.57,202.7,24.0,58.6,3.94,15.5,1.0,6.827215551743854,2.0905047765529923,44.28172942817295,64.0,10.8,104.0,12.479999999999999,48.78,4.6254726767727465,0.89,0,3.3224174279690795,-9.9,44.0,11.627906976744184,10.82,24.73,24.347,19.842,8.82,3,26.8,7.3,11.0,48.3,79.4,30.74,3.0,-2.42,58.9,3.09,13.64,0.0,431.921,67.0,0.0,30.5,2.795,88.0,11.0,11.24
33,243301447,CC Médoc Estuaire,100.0,100.0,29.0,0.2166064981949458,,51.91921656554999,1.0,24.0,8.9,1.7,4.07,28.13,5.5,21.6,40.2,3.73,8.06,12.2,88.4,-0.8,34.8,1.7000000000000002,3.360083512755269,36.77792352912598,0.377765064836003,3.9,0.0,2.28,188.5,16.5,37.5,3.94,32.1,0.0,13.983247492545406,1.6764647304401894,38.26842613453492,57.7,8.3,99.0,6.239999999999999,48.78,4.261482902327972,0.98,0,4.0430840571685644,-6.9,34.0,-46.89655172413793,22.78,25.16,31.951,16.988,13.1,5,23.4,7.2,13.9,42.6,70.0,16.96,2.5,-5.19,46.0,8.3,28.3,0.326,294.174,62.0,0.0,27.9,0.812,64.0,11.0,10.19
33,243301454,CC Castillon/Pujols,98.34824501032348,99.69742813918305,32.0,8.407504340118429,1.9430937540417328,106.07640130402775,2.0,34.5,22.1,6.0,4.16,-2.97,12.2,32.9,36.5,12.17,14.56,17.4,84.2,-1.1,34.7,1.5,1.5750511891636478,28.667313601811426,0.7590209147322454,3.3,0.15,3.68,211.6,19.1,40.4,3.94,12.6,0.0,99.91632439045704,0.4992591441472545,47.65596733343671,54.9,10.2,118.0,12.45,48.78,6.857716084073283,3.68,0,5.673957513768686,-1.5,51.0,-45.60117302052786,40.47,18.0,58.733,16.942,6.15,5,34.9,19.3,19.1,54.1,56.2,30.08,3.2,-7.01,76.6,9.94,19.48,0.0,105.96,60.0,0.0,20.9,1.799,121.0,11.0,20.39
33,243301504,CA du Bassin d'Arcachon Nord (COBAN),100.0,100.0,18.0,0.6503723906430295,3.816764711889307,93.45037944311144,2.0,30.25,11.5,28.2,7.630000000000001,16.26,4.2,22.9,33.1,4.91,3.39,14.8,84.3,-1.2,43.55,1.9,2.5170900788138044,39.54130151034869,5.608588666044085,4.3,1.82,2.61,239.6,26.7,68.2,3.94,79.9,6.0,76.45096660808434,1.289793400287112,53.93203752264064,76.5,9.3,122.0,13.01,48.78,5.301279361321449,1.1,2,6.886609087056279,-16.0,13.0,-37.43016759776536,13.86,3.33,4.875,2.194,12.13,4,33.3,7.7,14.2,44.3,78.8,24.66,2.8,-5.29,67.0,2.38,13.25,0.688,449.434,61.0,0.0,31.0,0.2,138.0,11.0,11.08
34,200017341,CC Lodévois et Larzac,95.67876070118224,95.07366482504604,41.0,5.089913610806026,2.412557901822615,116.48582831630928,3.0,27.0,19.2,14.9,7.66,-1.1,10.3,28.7,25.5,20.05,18.93,17.5,80.1,3.4,40.55,1.0,4.722072315164598,27.32262655011181,0.0977307890665291,2.2,4.84,2.7,184.1,17.1,45.4,4.07,75.2,0.0,68.87327425962354,0.3571475293482282,59.52224701404384,79.2,8.7,123.0,11.95,72.25,7.013806543164279,5.4,2,4.248809361817934,-13.9,46.0,-17.064846416382252,41.47,25.37,35.207,1.48,21.87,6,42.7,24.4,21.3,61.5,56.1,56.93,3.3,-5.8500000000000005,88.8,13.21,40.96,0.675,1143.195,43.0,0.0,17.1,0.411,128.0,12.8,19.19
34,200022986,CC du Grand Pic Saint-Loup,98.96193771626297,100.0,40.0,1.4336380438583345,5.035324356894401,623.9898380375815,1.0,27.6,7.399999999999999,4.8,4.5600000000000005,24.81,4.5,20.0,30.0,8.63,9.59,9.5,85.4,-1.0,39.8,2.6,2.518694964562548,44.20007785130401,1.974388600038513,3.8,1.17,2.73,188.2,25.0,59.9,4.07,69.8,0.0,54.40306555927384,0.832819657669181,45.87278558338424,69.7,4.7,114.0,7.199999999999999,72.25,4.011777920880472,3.71,0,4.702940272513062,13.4,23.0,-14.114114114114114,8.4,27.83,26.229,7.725,25.12,5,25.9,7.1,11.3,54.8,60.9,35.22,3.3,-2.91,57.4,9.5,18.92,4.295,4648.748,54.0,0.0,28.9,0.741,95.0,12.8,11.48
34,200042646,CC Grand Orb Communauté de Communes en Languedoc,98.14692256783589,87.79863481228669,63.0,4.133691893968498,9.991873223454794,180.2540025094103,2.0,29.0,25.6,24.9,4.82,6.53,12.8,29.0,29.7,15.34,15.83,21.7,79.7,-2.2,38.95,0.8999999999999999,3.8085692808819847,27.799511002444987,1.8682769726247987,3.0,2.96,5.01,233.1,18.9,50.8,4.07,78.3,0.0,92.63912523120445,0.2251526752305743,55.79230957629194,78.7,11.6,142.0,8.51,72.25,7.721756144202847,2.0,0,4.670798215171046,1.0,32.0,-37.69230769230769,24.67,27.63,16.476,2.774,25.88,6,44.1,22.1,25.3,55.1,41.4,42.7,3.1,-3.74,103.7,10.91,13.17,4.009,647.073,55.0,0.0,17.5,0.546,191.0,12.8,19.88
34,200042653,CC Sud-Hérault,93.92575928009,93.98315282791818,60.0,0.5997038197461662,5.643173005465984,366.2714080776871,1.0,26.5,17.8,16.1,2.42,10.38,10.9,33.0,21.1,8.18,11.92,15.9,83.6,2.4,38.1,0.8999999999999999,2.6130981544994283,30.20917135961384,7.034312718306966,2.8,0.0,3.27,254.3,21.1,31.8,4.07,34.5,0.0,35.72348689865962,0.4695853222256725,49.66586474204758,70.7,4.8,129.0,19.24,72.25,6.905046688486714,9.8,0,4.301718328840971,-7.0,30.0,-0.8113590263691683,10.81,19.09,32.544,14.424,9.91,6,34.3,18.8,19.6,56.7,35.6,30.32,3.1,-5.489999999999999,62.2,19.0,24.47,0.0,577.92,53.0,0.0,18.9,0.61,141.0,12.8,18.21
34,200066348,CC du Minervois au Caroux,97.14587737843551,88.01652892561982,47.0,0.2399744027303754,4.087281856639391,115.98279450534204,1.0,29.666666666666668,21.9,30.4,2.4699999999999998,0.0,12.3,37.5,21.7,23.41,36.77,19.4,77.7,-1.6,37.875,0.8999999999999999,4.731422209852491,25.751380085872007,8.000811688311687,2.3,4.14,2.78,127.4,20.3,12.7,4.07,75.3,0.0,87.11682713766498,0.1388401271820373,63.89020350212967,67.0,8.3,145.0,15.57,72.25,7.625733621085319,5.57,2,4.476655957345,-4.8,65.0,-27.27272727272727,27.19,51.47,16.301,12.659,15.69,6,40.6,26.8,21.6,62.3,40.7,58.03,3.4,-2.64,84.1,16.61,31.25,0.0,41.241,56.0,0.0,15.6,0.445,193.0,12.8,20.28
34,200066355,CA Sète Agglopôle Méditerranée,99.7278911564626,99.37106918238992,36.0,1.7690804057964684,,20.501963249216253,4.0,17.0,11.4,25.9,13.23,10.46,4.3,25.6,35.50000000000001,1.79,0.71,15.3,75.9,-2.4,41.766666666666666,1.5,0.7616439199273745,39.598181214397016,4.553272464800615,4.3,0.02,3.77,269.2,24.8,57.2,4.07,21.3,4.0,48.045586029569314,0.7299902361921012,49.80170488216256,72.3,14.7,126.0,10.13,72.25,6.40720402169774,1.77,4,4.558145659425726,-39.7,2.0,-5.656350053361793,2.61,22.43,16.815,10.182,13.41,6,40.3,18.1,19.8,50.4,50.3,27.23,3.2,-5.12,83.6,2.36,13.0,0.385,1866.709,46.0,4.0,22.6,0.552,141.0,12.8,15.21
34,200071058,CC Les Avant-Monts,97.91666666666666,90.40590405904058,56.0,3.0079121166546785,7.964453020283763,50.13205641525087,2.0,27.6,14.499999999999998,16.1,2.81,12.46,8.2,30.6,18.2,6.07,11.27,15.0,88.0,3.5,41.45,1.1,2.5027709249526264,32.68340872458795,0.2548683404776485,2.7,0.62,2.5,220.9,21.2,26.3,4.07,40.4,0.0,26.949611092323305,0.7124188891921748,47.85310536109258,67.0,7.9,123.0,11.219999999999999,72.25,6.275088167175491,1.07,1,3.681171702284451,-2.5,45.0,-21.77177177177177,7.48,30.42,34.958,17.132,6.84,6,29.9,16.0,19.0,56.4,50.9,28.39,3.0,-4.3999999999999995,50.6,10.08,14.64,0.358,703.578,56.0,0.0,18.8,0.812,117.0,12.8,15.23
34,243400017,Montpellier Méditerranée Métropole,99.67511371020144,99.4050343249428,34.0,1.1980939025731172,13.100214478029576,11.218684362968595,7.0,24.0,8.4,3.8,16.98,14.68,6.5,21.2,38.4,1.16,0.17,14.099999999999998,61.2,-4.9,39.8,2.1,1.440026942439568,45.98653468367951,4.850157983687266,4.5,0.03,2.9,227.8,31.7,90.2,4.07,23.9,13.0,17.878074890670554,2.2850965844730573,48.22513090006098,68.1,8.1,82.0,12.33,72.25,5.378489046100043,1.24,33,3.964549412412589,-9.9,1.0,-22.18597063621533,2.14,33.35,22.156,11.589,17.99,5,47.2,19.9,15.9,39.2,54.1,35.4,3.9,-5.43,118.3,2.13,8.39,0.019,4557.54,,1.0,20.3,1.337,74.0,12.8,20.2
34,243400355,CC du Clermontais,99.74718746049804,100.0,37.0,0.4823325731005359,5.288123005480927,83.49515814407134,3.0,27.25,14.099999999999998,7.7,8.43,12.22,9.3,29.2,23.6,4.36,2.63,16.400000000000002,86.2,0.5,39.8,1.3,1.4500759563596188,30.293003148849877,1.2773897861195986,3.5,0.33,2.76,269.8,25.8,68.2,4.07,46.0,0.0,46.05492048761969,0.9963896907418364,53.93768857849951,71.0,12.7,115.0,15.75,72.25,6.602249070346745,3.45,0,3.539224462028716,11.6,22.0,-8.2687338501292,6.43,27.72,30.943,12.226,14.43,6,35.2,18.5,19.9,49.4,55.1,31.04,3.1,-5.06,82.4,7.76,20.29,1.036,2852.154,41.0,1.0,22.5,0.731,93.0,12.8,15.75
34,243400470,CA du Pays de l'Or,,,28.0,,,38.73260500870025,5.0,17.0,11.9,49.1,6.370000000000001,28.55,3.5,44.3,28.1,1.02,0.37,17.1,81.3,-0.5,39.8,2.1,3.813782219884272,45.88109687570241,5.879190385831753,4.0,0.0,3.51,241.5,31.2,74.8,4.07,4.6,0.0,42.499018196098966,1.445188988533106,69.56616052060737,65.6,12.1,124.0,7.07,72.25,5.2451626044948005,3.29,1,3.592042035298873,18.8,5.0,-49.54545454545455,8.22,22.01,47.396,15.381,14.57,4,43.6,11.8,12.7,46.7,84.3,37.52,3.3,-4.279999999999999,110.9,3.38,11.0,2.192,7539.262,47.0,0.0,25.4,0.536,153.0,12.8,14.16
34,243400488,CC la Domitienne,95.9409594095941,95.27896995708154,58.0,0.6003842459173871,5.607185574688001,173.8957067918277,2.0,22.5,12.5,12.5,5.34,33.79,8.1,26.6,24.6,3.04,2.61,14.7,88.5,0.2,38.1,1.2,1.779542110126279,34.41456098428999,3.7229648362235066,3.4,0.09,3.08,320.0,28.7,67.4,4.07,7.8,0.0,28.942130568267395,1.1457809335758689,47.01256804892802,69.0,13.2,119.0,8.64,72.25,6.188190948417616,3.08,0,2.8770674694528067,-2.1,2.0,20.642201834862387,11.85,12.59,49.608,10.063,15.23,6,30.5,15.5,19.6,50.6,50.5,23.61,2.9,-4.16,63.5,5.88,11.63,0.0,796.088,54.0,0.0,21.3,0.608,105.0,12.8,13.71
34,243400520,CA Lunel Agglo,90.15151515151516,100.0,50.0,1.3302099891240693,6.433409749726111,90.09150377696442,5.0,25.5,9.9,3.0,10.83,5.77,6.5,25.5,30.8,1.23,0.3,14.099999999999998,84.2,1.4,39.8,1.5,0.7126485487008609,35.82483019570139,4.247234127379647,4.1,0.03,2.7,271.2,37.9,69.4,4.07,9.2,0.0,19.198054818744478,0.9864627617247804,50.9293609573274,68.5,15.6,105.0,10.94,72.25,6.262375152081035,2.31,1,3.723767082590612,11.0,20.0,-13.861386138613865,12.62,32.72,46.254,12.12,15.83,4,31.1,18.6,18.4,47.5,46.7,26.29,3.2,-7.31,68.8,4.93,9.36,0.193,3022.278,53.0,0.0,20.2,1.23,91.0,12.8,15.72
34,243400694,CC Vallée de l'Hérault,89.86486486486487,97.16484406642364,38.0,1.588635618235487,2.5330983533073264,69.40346079380446,3.0,24.4,13.5,6.2,4.34,8.75,9.2,26.200000000000003,22.3,4.86,5.17,13.1,85.5,-0.2,39.8,1.5,1.6287815277012625,31.40474616119315,0.8820452973720609,3.7,0.04,1.92,223.9,27.0,58.9,4.07,59.7,0.0,42.10456486587338,0.7844674848453195,47.71872060206962,70.4,9.9,107.0,13.969999999999999,72.25,5.646700208339363,0.96,1,3.436044156370265,-18.1,35.0,-11.935483870967742,4.08,31.07,22.469,12.523,9.96,6,28.4,14.3,16.6,52.6,58.4,33.65,3.0,-3.7699999999999996,47.7,8.43,27.5,1.198,5578.786,55.0,0.0,23.5,0.625,73.0,12.8,13.76
34,243400736,CC des Cévennes Gangeoises et Suménoises,95.3757225433526,100.0,39.0,0.5640892128785907,2.4336930060659623,84.10810601962754,3.0,27.0,20.200000000000003,17.6,4.47,-0.35,10.5,29.3,31.6,7.55,7.13,19.4,83.8,-0.1,38.8,0.8,2.357193368429324,28.371177015755336,3.8877940241576607,4.7,1.76,3.93,206.3,25.4,31.4,4.07,86.9,0.0,70.87534076827757,0.3237831645368082,62.60536398467433,77.1,8.0,129.0,19.82,72.25,7.488785670850888,1.57,0,4.753572514442079,91.3,20.0,26.041666666666668,5.98,20.82,14.238,1.812,28.39,5,42.1,20.7,20.6,53.2,54.7,51.23,3.2,-3.29,69.0,7.15,7.54,7.857,2262.069,59.0,0.0,18.7,0.55,141.0,12.8,18.22
34,243400769,CA de Béziers-Méditerranée,88.06316767301439,99.14497434923048,60.0,0.038505927238772,5.579401575981926,58.42563905143209,4.0,25.4,12.8,13.3,14.530000000000001,9.25,11.7,25.4,38.9,1.39,0.57,15.8,80.9,0.2,38.1,1.5,2.960809237115913,35.86437681525445,2.428438799762329,3.0,0.0,3.81,293.2,27.9,75.9,4.07,4.1,3.0,5.975392670157067,1.945007959613129,52.54908430951989,72.9,12.8,124.0,7.7299999999999995,72.25,7.025679681867494,0.99,3,4.533615652810724,-19.1,10.0,-19.68390804597701,5.89,16.34,45.491,14.617,7.8,7,41.3,27.8,26.0,48.8,39.0,26.69,3.6,-7.01,127.7,5.88,9.12,0.533,1021.584,,3.0,17.1,0.901,115.0,12.8,17.8
34,243400819,CA Hérault-Méditerranée,98.4375,100.0,42.0,1.2785907089075152,3.0945621683070947,297.97140379135175,4.0,23.142857142857142,13.2,49.3,9.06,27.17,4.4,22.5,20.0,2.76,0.8,16.900000000000002,81.5,-0.2,40.9,1.3,1.6341463414634148,35.70302924181404,2.918915109536082,3.2,0.05,3.41,272.7,29.7,54.9,4.07,8.0,1.0,18.746759438216724,1.2508185312999216,62.46706586826348,76.7,10.4,135.0,12.690000000000001,72.25,7.181192709931265,4.02,2,5.460696030041571,8.8,10.0,-12.763466042154567,7.17,10.27,51.434,12.882,8.25,6,38.9,20.6,23.9,50.3,50.7,29.67,3.3,-5.81,90.5,5.25,9.45,0.244,1165.629,52.0,0.0,20.2,0.841,149.0,12.8,16.88
35,200038990,CC de Saint-Méen Montauban,100.0,100.0,20.0,0.6668730797627838,0.9826642652484272,82.13520897947127,1.0,40.8,13.7,2.8,5.390000000000001,4.57,7.8,27.9,29.9,15.9,12.18,16.7,84.4,1.5,31.6,0.8,0.6946983546617916,23.893345645524324,0.5255690002881015,3.7,0.04,2.56,96.9,10.8,56.4,3.46,5.3,8.0,0.0,0.896552094154824,31.089377498572244,50.5,33.6,105.0,13.239999999999998,60.61,4.225274310109399,0.73,1,3.2467792511995164,2.0,42.0,-11.1791730474732,96.08,4.08,74.658,1.06,7.21,6,30.3,8.9,11.1,51.4,67.1,23.29,2.4,-4.78,69.3,7.18,32.18,1.463,489.363,60.0,1.0,28.4,0.211,70.0,15.7,15.25
35,200039022,CA Vitré Communauté,99.46808510638296,92.91784702549576,36.0,4.2122081411815975,3.772164491107317,153.4150786074221,1.0,39.42857142857143,11.7,2.4,9.86,3.99,5.8,23.0,39.4,13.0,10.01,14.8,82.5,-0.6,28.8,1.3,1.651477891894498,27.159371819107168,3.251736706689537,3.0,0.58,2.29,87.5,18.1,44.8,3.46,7.6,5.0,0.0,0.9985354083549272,31.117547329754167,42.4,34.5,100.0,11.559999999999999,60.61,4.156979751699675,1.21,2,4.202175091141984,-1.3,52.0,-12.520413718018508,94.35,11.38,73.062,0.997,10.12,7,31.5,7.6,9.7,47.3,72.2,21.17,2.4,-4.87,96.6,8.7,14.54,2.17,6105.067,60.0,2.0,31.4,0.279,68.0,15.7,14.49
35,200043990,CC Vallons de Haute-Bretagne Communauté,100.0,100.0,31.0,7.793790176883324,1.1870917211714431,5.264108655699493,1.0,37.6,12.9,5.2,5.38,5.8,7.9,28.7,27.6,17.64,11.18,15.2,85.2,1.4,33.43333333333333,1.0,0.8210180623973727,25.42305395182162,5.545589826839826,2.8,0.0,2.22,118.4,16.5,41.9,3.46,11.9,6.0,0.8867651145250288,1.1385363396732335,28.19749114072657,63.0,24.1,96.0,11.58,60.61,4.062738385670966,0.67,2,4.1886271916824365,-1.6,54.0,-37.11656441717792,95.29,7.65,57.116,1.231,10.21,6,29.6,7.4,10.5,49.2,67.4,24.65,2.4,-3.81,45.2,9.33,30.72,2.663,528.078,60.0,0.0,34.9,0.351,57.0,15.7,13.29
35,200070662,CC Bretagne Porte de Loire Communauté,98.24333116460636,100.0,34.0,7.013674858325576,1.193570647868004,71.02296341838303,1.0,39.0,13.5,4.1,4.2700000000000005,3.31,8.5,28.3,29.300000000000004,19.44,15.39,16.0,85.4,-0.3,31.6,1.1,0.4268162556019633,23.49161502005104,2.368454935622317,2.7,0.38999999999999996,2.13,146.2,19.4,30.5,3.46,5.1,1.0,0.4200969042106166,1.0308716579238564,32.07885304659498,58.5,27.200000000000003,96.0,18.64,60.61,4.262045824114307,3.05,0,3.624681221620949,-0.7,61.0,-21.469740634005763,95.05,12.28,67.028,1.029,11.09,5,29.8,8.7,10.7,43.1,80.7,24.18,2.4,-4.38,59.9,9.9,28.4,2.439,663.978,60.0,3.0,27.0,0.246,61.0,15.7,13.24
35,200070670,CC du Pays de Dol et de la Baie du Mont Saint-Michel,99.38159330665697,100.0,25.0,1.737543301614037,0.8296098086269803,24.858181665335632,2.0,34.666666666666664,20.200000000000003,12.3,8.870000000000001,7.26,7.6,31.5,24.6,16.16,9.83,19.0,82.6,1.5,41.6,0.8999999999999999,0.4601162839335759,25.14657980456026,1.7926993865030674,2.7,0.01,1.67,132.6,22.2,27.6,3.46,3.7,0.0,13.596083118793675,0.7537080982209348,37.25897843544902,68.8,18.0,128.0,18.56,60.61,5.368026083313601,3.35,0,4.278804879085384,-2.2,58.0,-2.2357723577235773,99.99,6.71,67.692,1.86,9.43,5,35.9,11.5,14.4,48.1,77.9,24.72,2.6,-4.43,76.4,9.68,31.58,0.837,249.888,56.0,0.0,24.1,0.28,110.0,15.7,17.17
35,200070688,CC Couesnon Marches de Bretagne,100.0,100.0,36.0,0.5146921205315366,0.5637219704299706,246.2572572572573,1.0,35.5,18.4,6.5,7.33,5.74,11.4,32.2,27.0,23.15,17.16,17.599999999999998,86.2,1.5,32.1,0.8,0.5923360823802797,22.72885971650025,6.194310344827587,3.1,0.27999999999999997,2.73,101.6,17.6,49.5,3.46,6.8,2.0,0.4783162946484365,0.5464479508425556,28.99133386938265,51.0,32.2,115.0,8.27,60.61,5.0194678253188885,5.47,1,5.349290780141844,-0.1,57.0,-10.132689987937274,95.87,11.46,71.786,0.873,10.61,6,32.5,11.3,10.9,56.1,59.8,20.78,2.5,-4.32,72.7,11.13,23.87,0.911,314.929,56.0,0.0,23.8,0.237,97.0,15.7,15.63
35,200072452,CA Fougères Agglomération,99.35897435897436,100.0,36.0,0.5175026799245925,,146.7426787943642,1.0,38.0,16.400000000000002,3.0,15.39,2.49,7.7,27.9,48.9,12.42,7.95,15.8,81.8,-2.3,32.1,1.1,1.8674634510724573,27.75358499986132,4.221576622494054,2.1,0.02,3.38,99.8,14.1,62.9,3.46,4.3,2.0,0.0,0.7666477904236562,33.40328482977505,56.7,17.2,113.0,16.619999999999997,60.61,5.308274487690476,1.42,2,3.557710594778864,-1.0,45.0,-35.467980295566505,88.32,10.55,73.437,0.748,12.11,5,37.2,11.3,15.3,43.1,59.1,23.9,2.5,-4.25,98.2,10.11,11.25,1.779,1838.048,60.0,4.0,28.6,0.254,101.0,15.7,15.83
35,243500139,Rennes Métropole,100.0,100.0,29.0,,,8.127153965519453,3.0,36.72727272727273,9.5,3.3,21.78,8.64,5.5,17.5,53.8,1.67,0.39,14.8,60.3,-5.7,31.6,2.0,1.9220504121542783,41.60558936936363,6.3469464122117705,4.5,0.0,2.45,121.5,31.5,80.5,3.46,2.7,3.0,0.0971571647606588,2.532739961354721,32.93880988992113,64.7,11.0,82.0,12.36,60.61,4.327730222687493,1.03,23,5.820478646859572,-2.3,8.0,-15.653621981681932,28.39,15.11,54.639,1.136,9.77,7,45.2,13.9,11.4,41.1,73.6,30.31,3.5,-4.8500000000000005,132.3,4.51,13.4,0.401,1427.135,,6.0,28.9,0.428,64.0,15.7,19.27
35,243500550,CC Montfort Communauté,100.0,100.0,20.0,0.0,0.7655228255259507,2.0264550264550265,1.0,41.0,9.4,1.8,8.36,7.16,5.5,20.6,38.3,6.44,4.25,13.4,80.9,-0.9,31.6,1.2,0.6812504730906062,29.368499683962533,3.0259245830311823,3.4,0.0,2.27,93.9,19.6,45.6,3.46,7.7,1.0,0.0,1.1904776927235987,28.565077247971548,60.8,26.5,99.0,18.04,60.61,4.2135335434987,0.38,1,4.381184668989547,-6.9,18.0,-33.477321814254864,86.63,9.22,62.316,0.756,8.83,7,28.4,6.2,10.2,43.8,79.9,23.01,2.4,-3.0300000000000002,61.4,4.38,26.75,0.757,428.661,61.0,1.0,31.2,0.325,65.0,15.7,11.85
35,243500618,CC Brocéliande Communauté,100.0,100.0,20.0,0.0,0.7655228255259507,432.8125658310512,2.0,40.0,11.4,5.2,6.0600000000000005,3.07,7.2,28.5,28.9,17.49,9.31,14.4,83.6,-1.7,32.75,1.3,1.1586875230420814,26.94030458506393,2.04399701715138,3.2,1.1400000000000001,1.58,136.9,22.8,35.3,3.46,35.3,4.0,1.963720493562232,0.7560789767510447,31.571332609931275,59.2,26.8,99.0,18.82,60.61,4.242671923514402,1.05,0,3.191629007962126,1.5,55.0,-27.750000000000004,94.29,11.21,47.509,1.047,11.08,5,29.7,7.7,9.3,38.5,69.7,30.55,2.4,-3.1199999999999997,51.3,12.75,28.38,4.74,805.56,61.0,0.0,29.6,0.202,62.0,15.7,13.45
35,243500634,CC Roche aux Fées Communauté,96.34146341463416,100.0,34.0,4.5012165450121655,1.089719679161392,38.15577852099591,1.0,39.25,15.1,2.8,4.79,4.79,7.8,30.7,30.0,15.16,8.45,16.400000000000002,85.0,2.8,30.200000000000003,1.1,0.370027752081406,24.685197005744783,0.7370766488413547,3.0,0.0,2.59,113.2,16.4,38.4,3.46,4.8,3.0,0.0,0.8597842988830586,31.2987342690313,55.4,27.500000000000004,106.0,14.29,60.61,4.466492716218697,1.11,0,5.003061455892357,-0.3,40.0,-5.217391304347826,96.4,6.27,78.452,1.351,8.82,6,30.7,8.6,10.7,46.0,68.7,21.05,2.4,-4.51,65.0,9.69,25.38,4.07,1048.127,59.0,1.0,26.9,0.227,72.0,15.7,14.16
35,243500659,CC Pays de Châteaugiron Communauté,99.46808510638296,92.91784702549576,36.0,4.2122081411815975,3.772164491107317,0.0,1.0,39.75,7.7,1.3,7.86,8.05,4.4,20.200000000000003,47.8,3.86,0.98,11.5,87.4,0.6,31.6,1.7000000000000002,0.8933037947545202,35.98453608247423,4.112884570899838,3.9,0.0,2.5,107.4,26.6,79.8,3.46,1.2,1.0,0.0669629175605271,2.039155144706407,27.729211832995315,43.1,35.6,89.0,15.39,60.61,3.363277818201417,0.36,0,3.5294095453687984,-5.6,17.0,-39.310344827586206,73.92,19.92,75.463,1.241,9.59,5,27.6,5.0,7.5,45.1,87.3,18.33,2.4,-4.65,81.9,3.6,14.8,3.216,3389.748,64.0,1.0,40.3,0.309,52.0,15.7,10.83
35,243500667,CC Val d'Ille-Aubigné,,,26.0,,,22.065240530647213,1.0,34.75,8.7,2.0,7.75,20.82,5.1,22.7,34.8,8.06,8.94,12.2,84.5,0.1,31.6,1.7999999999999998,0.9750840368479126,32.1691321889091,3.847966101694915,3.3,0.16,2.05,99.8,23.0,46.3,3.46,5.9,0.0,0.4413118910983584,1.1122005743157586,31.398715850434343,62.1,12.5,92.0,12.65,60.61,3.5655760880932377,0.51,0,3.0651248542689045,0.3,41.0,-21.477663230240548,89.23,9.09,69.478,1.054,10.03,6,26.5,6.0,8.7,52.3,76.8,23.22,2.4,-3.2,51.8,10.26,19.68,2.823,833.186,63.0,0.0,34.4,0.347,49.0,15.7,11.6
35,243500725,CC Côte d'Emeraude,100.0,100.0,19.0,4.813347085753579,,127.83712778387564,1.0,41.0,17.2,40.8,13.56,15.6,4.3,26.3,47.2,2.02,0.36,14.000000000000002,79.1,-2.9,41.6,1.7999999999999998,1.3542136879752769,42.82437745740498,2.940284994489057,4.0,0.0,4.17,146.3,27.0,76.6,3.46,5.9,0.0,8.630550621669625,2.7178222792167697,45.98665011907557,71.9,17.599999999999998,161.0,11.82,60.61,5.071007126867377,0.35,1,2.839846498241126,-8.1,5.0,-22.424242424242426,30.07,15.08,25.952,1.652,10.97,7,43.1,9.5,13.9,51.8,86.1,30.63,3.3,-3.6900000000000004,98.9,4.75,14.88,0.694,539.362,60.0,2.0,40.7,0.479,209.0,15.7,16.86
35,243500733,CC Bretagne Romantique,99.97057958223007,100.0,26.0,3.179294002253409,,18.9151798044523,1.0,37.333333333333336,14.499999999999998,5.6,7.26,3.82,7.8,28.5,26.3,14.33,9.42,16.2,85.1,-0.2,36.6,1.3,0.6024921265233465,24.964847245302312,3.3353602115003302,3.6,0.06999999999999999,2.46,134.7,20.0,41.1,3.46,10.4,1.0,0.249561620430736,0.7031921692477878,31.63642203308174,58.4,11.7,105.0,14.879999999999999,60.61,4.270439470324948,1.37,1,4.133299400520303,1.9,64.0,-28.027210884353742,94.59,4.8,61.021,0.974,9.41,5,30.7,9.3,10.9,54.4,77.6,24.04,2.5,-1.63,62.8,7.0,24.28,1.643,819.549,61.0,0.0,26.7,0.264,69.0,15.7,14.94
35,243500741,CA Redon Agglomération,99.35587761674718,99.76282241328197,44.0,1.503368252750136,1.3693034835132047,62.69045588521328,1.0,37.625,18.6,6.4,5.55,0.78,10.5,29.5,29.0,18.03,12.71,19.2,85.4,1.2,33.099999999999994,0.8999999999999999,10.846083937962783,24.79982006297796,3.350685244403837,2.4,0.86,2.68,121.2,20.6,30.0,3.46,11.8,5.0,8.875756235804875,0.8010982449091345,34.23134673134673,62.6,17.0,118.0,18.18,60.61,5.433042564439801,5.81,1,3.8529500255739086,-2.4,54.0,-25.54539057002111,96.73,22.44,61.652,1.028,12.65,6,36.6,13.0,14.8,46.9,68.9,37.45,2.6,-5.01,81.8,11.1,15.0,2.086,681.739,59.0,5.0,26.8,0.29,104.0,15.7,16.92
35,243500774,CC Liffré-Cormier Communauté,99.46808510638296,92.91784702549576,36.0,4.2122081411815975,3.772164491107317,1.0113920835903203,1.0,39.333333333333336,8.7,2.0,9.73,25.33,6.1,27.1,31.1,6.72,5.57,13.2,84.3,-1.3,30.83333333333333,1.6,0.9914663078502886,30.221433946038918,2.39747375328084,3.5,0.0,2.12,99.5,23.9,56.0,3.46,27.7,0.0,6.541284042091988,1.3467039099979978,27.80856074248511,63.6,13.7,95.0,12.590000000000002,60.61,3.9451419749052414,1.77,0,3.759377859103385,-6.4,36.0,-26.525198938992045,85.96,13.91,47.281,0.628,15.17,7,26.4,5.6,8.8,47.5,92.2,21.99,2.3,-3.1,63.6,5.33,19.44,2.479,3326.292,62.0,0.0,36.6,0.18,51.0,15.7,14.34
35,243500782,CA du Pays de Saint Malo Agglomération,99.39024390243902,100.0,20.0,1.6985925306785847,0.8466391466530924,43.79948899599327,1.0,35.666666666666664,15.1,23.6,19.03,2.25,5.0,22.5,51.6,2.49,1.65,17.299999999999997,77.2,-1.9,41.6,1.7000000000000002,3.468849729429721,40.28826598284552,3.542389439573008,4.6,0.0,3.47,173.9,26.1,75.4,3.46,5.8,1.0,13.045874938615157,2.075800901250357,44.30058533614535,69.9,15.2,128.0,11.129999999999999,60.61,4.987508370635555,0.69,4,3.011307386777037,-3.7,17.0,-39.00709219858156,42.84,16.26,52.582,1.28,11.98,5,43.2,10.4,13.7,47.1,77.1,26.17,3.0,-2.16,113.2,11.5,14.44,0.809,893.455,54.0,1.0,28.1,0.385,147.0,15.7,16.26
36,200007052,CC de la Marche Berrichonne,95.44235924932975,99.43181818181816,59.0,0.0,0.7979511367454465,36.35737527114968,1.0,36.0,28.8,21.1,5.71,-4.12,17.6,35.5,32.0,36.71,53.47,21.3,84.3,7.3,31.6,0.5,0.3633720930232558,19.957253539941224,3.704739704739704,1.9,41.14,7.27,96.1,8.9,9.4,3.06,7.5,0.0,2.805160794720486,0.241303874975849,47.93417993203362,64.5,11.0,160.0,15.53,56.75,7.189963162940911,1.82,0,5.549629106322854,-3.2,62.0,-34.1692789968652,97.14,6.55,75.047,0.39,14.08,3,42.0,20.5,13.7,59.7,66.9,52.69,2.8,-2.34,79.9,20.67,43.56,0.0,0.0,52.0,0.0,17.0,0.185,268.0,20.0,15.85
36,200018521,CC du Val de Bouzanne,93.29501915708812,98.87387387387388,59.0,0.0,0.7833316494938892,180.3676544450025,1.0,35.0,21.7,11.5,6.09,-4.97,17.3,34.599999999999994,29.500000000000004,33.14,44.41,20.3,84.4,0.6,31.6,0.7000000000000001,0.3350644999162339,16.473097890495378,0.0183035714285714,4.0,0.5700000000000001,3.35,94.7,16.5,22.7,3.06,7.6,0.0,0.0,0.3454363919487296,42.0292234444262,61.1,9.5,127.0,12.770000000000001,56.75,6.644757536041941,3.35,0,6.236030025020851,0.4,56.0,-16.666666666666664,96.24,7.35,74.091,0.605,12.9,4,38.2,13.8,15.1,64.2,77.7,49.25,2.6,-4.26,55.4,16.75,30.58,0.0,320.144,56.0,0.0,21.8,0.386,135.0,20.0,15.14
36,200035137,CC Marche Occitane - Val d'Anglin,95.87020648967552,99.37290969899666,60.0,7.447186797911717,1.2211968426508448,81.44276094276094,1.0,37.0,28.6,26.6,5.53,-3.14,14.3,38.9,30.3,38.11,57.03,21.4,81.2,6.0,31.6,0.6,2.608562221881234,19.387530293016088,0.0,1.8,5.970000000000001,4.6,74.9,6.4,17.2,3.06,16.9,0.0,58.26882096749105,0.3081591144381988,46.75011310511235,63.4,19.8,153.0,12.76,56.75,7.279219806556535,3.07,0,6.05122828040743,-8.1,75.0,-7.738095238095238,98.72,11.16,62.138,0.529,18.33,3,39.8,19.2,14.4,63.4,71.9,46.8,2.9,-6.529999999999999,74.6,22.24,34.53,0.0,0.0,54.0,0.0,17.4,0.318,254.0,20.0,15.92
36,200035848,CC du Châtillonnais en Berry,95.55555555555556,100.0,58.0,12.154360376785172,1.2593458663925852,93.3280028429282,1.0,37.0,27.500000000000004,15.4,8.73,-1.6,13.7,35.3,38.1,21.55,28.94,20.9,79.9,-0.1,33.650000000000006,0.7000000000000001,1.2415750266051793,20.707768869228644,0.2593440122044241,3.4,39.69,5.32,78.2,15.1,6.3,3.06,10.2,0.0,2.232733330918837,0.2091844848978838,38.317438692098094,67.4,17.9,168.0,14.81,56.75,7.434597447226314,1.77,0,4.985910652920962,2.5,44.0,-42.06349206349206,97.28,2.49,82.449,2.066,10.38,4,42.9,15.5,14.7,60.3,77.4,40.79,2.8,-7.4399999999999995,96.0,19.4,28.7,0.0,25.545,51.0,0.0,16.5,0.378,251.0,20.0,17.71
36,200040558,CC Écueillé-Valençay,98.64864864864865,100.0,57.0,0.0,0.6290381751215506,81.40012815818382,2.0,34.0,27.9,14.3,9.25,-7.18,14.0,33.5,32.8,23.33,33.55,21.3,81.8,4.0,34.06666666666667,0.6,0.914662032379036,19.1588785046729,0.0,1.8,1.02,5.49,70.8,6.2,19.6,3.06,19.4,1.0,3.762434603197996,0.2651383599581551,41.02472232174848,65.2,8.6,162.0,30.23,56.75,7.088016768784264,4.57,0,5.299683972911964,-2.3,50.0,-28.225806451612907,98.95,3.48,60.729,2.651,8.91,3,42.2,14.7,15.1,59.3,59.5,40.98,2.7,-5.3,91.9,16.61,32.78,0.0,137.048,53.0,0.0,14.9,0.41,230.0,20.0,16.75
36,200068872,CC Éguzon - Argenton - Vallée de la Creuse,95.62841530054644,100.0,60.0,3.625799477524548,0.6497230617457678,60.53968580994077,2.0,32.666666666666664,24.4,16.5,13.34,-1.69,11.7,30.5,44.1,18.52,16.28,20.6,84.6,0.6,31.6,0.8,0.4662729250854833,23.96270396270396,0.9119188503803888,2.5,0.33999999999999997,4.14,77.2,10.8,38.0,3.06,18.7,0.0,10.5282309485071,0.6485224992874639,39.95560488346282,61.9,27.800000000000004,137.0,7.32,56.75,7.013858137390839,3.11,0,5.903602825346816,1.4,56.0,-14.5985401459854,95.5,4.54,55.696,0.762,14.87,5,42.1,15.5,20.0,59.2,72.8,35.23,2.8,-3.2199999999999998,86.5,10.24,35.86,0.0,266.371,57.0,0.0,21.8,0.584,169.0,20.0,14.28
36,200068880,CC Champagne Boischauts,83.80614657210401,100.0,52.0,5.108674039064532,1.2216849654212338,95.9033921022786,2.0,32.5,20.7,10.3,5.65,-8.42,12.8,35.3,29.4,35.72,41.43,19.2,87.0,1.1,35.13333333333333,0.6,0.5159426271798576,19.67330563117925,0.0220670391061452,1.4,2.3800000000000003,2.06,57.0,8.8,21.6,3.06,13.3,0.0,0.6601841373625605,0.2362818333993837,32.38538609452485,56.7,6.4,112.0,5.74,56.75,5.982604445731663,2.06,0,8.248454130765332,3.0,65.0,-14.511041009463725,98.23,2.66,78.463,2.4,7.36,4,34.5,10.8,14.3,62.2,76.3,36.12,2.6,-4.19,55.7,20.5,20.1,0.0,614.31,59.0,0.0,20.3,0.327,112.0,20.0,13.58
36,243600202,CC Chabris - Pays de Bazelle,100.0,100.0,58.0,14.072119613016712,0.934931506849315,121.2219698198929,2.0,32.0,26.6,13.8,6.11,-6.03,15.3,35.2,37.0,26.57,29.84,21.9,85.6,4.5,36.9,0.8,0.646725949878739,22.20885466794995,0.0,1.9,1.39,3.23,73.3,9.0,25.9,3.06,12.1,0.0,42.97059766063131,0.2873303396890711,36.06609469335876,38.2,43.4,140.0,8.51,56.75,6.810159138402185,3.23,0,5.384021861437068,-6.6,56.0,-3.048780487804878,97.44,6.45,60.562,2.241,9.76,3,40.1,13.9,22.2,50.5,58.8,31.37,2.6,-6.34,85.4,18.6,22.4,0.0,122.339,51.0,0.0,14.8,0.631,189.0,20.0,14.89
36,243600236,CC du Pays d'Issoudun,89.51965065502183,100.0,55.0,1.3106159895150722,1.4414504638773504,77.95089687285042,1.0,34.0,24.1,4.5,22.46,-0.71,15.4,34.9,50.3,12.22,14.28,20.9,84.1,3.6,33.53333333333333,0.7000000000000001,3.2484822664820534,25.11733290176404,0.7260468898224692,2.4,0.09,4.79,90.3,1.3,44.8,3.06,13.4,0.0,0.4053055635170854,0.4829810772198462,35.59887417908892,53.6,33.7,124.0,6.0600000000000005,56.75,6.501836353675591,1.6,3,4.915783631042487,-0.8,29.0,-31.79723502304148,49.72,2.91,76.989,2.569,7.2,5,42.0,14.2,17.3,47.8,80.9,31.85,2.7,-1.17,116.1,10.67,10.75,0.0,1002.815,54.0,0.0,19.1,0.293,150.0,20.0,15.7
36,243600293,CC Levroux Boischaut Champagne,84.375,100.0,61.0,3.0706243602865912,0.8309202973879714,100.02234008357442,2.0,33.0,25.3,7.8,9.77,1.08,15.0,36.0,32.300000000000004,30.94,32.01,21.5,84.8,0.2,31.6,0.7000000000000001,0.486854917234664,21.12447940768163,0.0,1.9,0.29,3.25,69.7,14.0,24.1,3.06,11.7,0.0,0.0,0.2947728494318474,34.56553048487758,57.4,10.3,127.0,10.77,56.75,6.363127139254188,4.87,0,5.803121059268601,-2.3,62.0,-49.10714285714285,98.35,3.6,76.001,2.78,7.74,3,37.9,11.0,10.0,63.7,69.2,41.54,2.5,-2.5,54.9,21.6,24.2,0.0,217.635,55.0,0.0,22.8,0.252,124.0,20.0,12.13
36,243600301,CC Val de l'Indre - Brenne,81.1881188118812,100.0,57.0,6.318681318681318,0.9383136655949962,50.04121783363256,1.0,31.5,23.0,6.9,11.76,0.82,12.0,32.7,42.400000000000006,13.93,15.63,20.4,87.1,0.1,31.6,0.6,1.0572421084428334,23.15181704969999,0.2228200371057513,2.0,0.06999999999999999,3.78,90.8,16.8,17.3,3.06,28.7,1.0,39.72400555419423,0.2922384019398508,35.992001777382804,53.9,12.2,120.0,8.16,56.75,6.980473842466042,2.27,0,4.9110244333235205,-3.2,44.0,-32.20338983050847,97.72,1.57,53.107,2.479,11.95,4,38.0,11.3,15.7,49.9,69.9,31.49,2.4,-3.8600000000000003,67.1,10.5,22.25,0.0,97.756,53.0,0.0,20.7,0.233,127.0,20.0,13.29
36,243600319,CC Brenne - Val de Creuse,98.89447236180904,100.0,58.0,9.128380416205893,1.3431491906715245,111.80194472876153,2.0,32.333333333333336,23.1,16.3,10.23,3.25,12.9,27.9,38.5,28.4,24.53,19.2,81.8,2.8,31.6,0.8,0.6262453743239397,23.531444367657222,8.69811460807601,2.6,0.98,2.85,80.6,19.6,35.9,3.06,22.2,0.0,99.9422235953988,0.2149781985543314,41.41486943505017,71.9,11.8,135.0,20.19,56.75,7.044404130616803,3.42,4,6.826625732626291,1.1,63.0,3.1683168316831685,96.69,8.14,61.715,0.965,15.77,6,39.9,15.4,17.4,57.6,72.5,35.7,2.7,-4.09,99.0,12.61,18.79,0.0,211.232,53.0,1.0,19.0,0.377,163.0,20.0,16.46
36,243600327,CA Châteauroux Métropole,80.3763440860215,99.945295404814,59.0,0.4069666038221639,3.0086110103147217,82.44542471947285,2.0,28.0,17.4,2.6,26.46,-0.5,11.1,23.9,58.8,4.67,3.14,15.1,79.9,0.4,31.6,1.2,3.92745914064438,33.66817887232664,2.9682472223908687,2.4,0.06999999999999999,3.03,137.8,29.9,45.1,3.06,23.0,1.0,6.793524729122136,1.3515967219680256,36.7365457238554,66.4,17.5,118.0,12.120000000000001,56.75,6.482966603755854,3.31,4,3.8732046924679313,0.5,17.0,-38.05031446540881,50.2,4.83,55.709,2.264,9.28,5,42.6,16.8,18.3,42.9,69.0,36.48,3.0,-2.34,127.2,10.64,10.93,0.0,488.264,60.0,2.0,23.9,0.306,113.0,20.0,16.43
36,243600343,CC Coeur de Brenne,91.97860962566844,100.0,55.0,9.38228071280146,1.042903282059585,80.67632539171495,1.0,35.0,27.4,24.6,5.7299999999999995,-6.99,12.9,37.1,30.7,35.15,53.26,22.6,78.0,-0.4,33.650000000000006,0.4,0.8585533376261,17.281934008493955,0.0,2.8,1.71,4.29,79.7,14.3,20.2,3.06,21.4,1.0,99.9621483483106,0.1330519302628766,44.56177402323126,54.0,17.0,160.0,15.64,56.75,6.895630626534508,2.15,0,7.013791640144282,-7.0,68.0,-51.903114186851205,97.8,5.38,43.248,1.168,20.01,3,41.5,15.0,11.4,60.6,65.5,44.64,2.6,-3.02,71.5,20.82,27.0,0.0,61.246,52.0,0.0,18.0,0.224,201.0,20.0,15.37
36,243600350,CC de la Châtre et Sainte-Sévère,92.92379471228617,98.97610921501706,56.0,1.481948604761154,0.7401302113504675,141.75091325614514,2.0,33.0,24.7,13.2,12.91,-1.14,15.8,35.6,36.8,26.72,17.83,20.9,83.0,1.3,31.6,0.8,0.3718854592785422,22.52805986103688,0.7537957996181472,2.0,0.83,3.72,83.8,23.4,45.8,3.06,7.1,0.0,0.0,0.3630416797337855,42.94813466787989,65.7,11.3,141.0,10.549999999999999,56.75,6.741392859325749,1.86,1,5.321435120102684,-2.1,57.0,-17.765567765567766,97.97,4.44,72.624,0.96,11.49,4,41.9,16.2,16.9,58.8,60.8,44.69,2.9,-3.55,91.8,11.77,40.03,0.0,90.992,57.0,0.0,20.5,0.407,202.0,20.0,16.34
37,200043065,CC du Val d'Amboise,98.21958456973294,100.0,39.0,2.7878229995397463,1.9535054411166148,73.7688005414841,2.0,30.666666666666668,14.4,7.8,17.849999999999998,6.14,7.9,25.9,50.4,9.65,3.77,15.1,81.5,-0.4,32.8,1.5,1.6801428121390318,35.43467754926704,1.9382010468966988,3.7,0.15,2.8,80.4,17.9,45.5,3.74,29.8,1.0,4.300493778392258,0.6930725734318669,39.64351567301782,59.2,16.400000000000002,119.0,7.779999999999999,47.43,5.201214632019084,1.05,2,5.067839827617166,3.1,43.0,4.022988505747127,49.34,9.26,47.147,5.557,9.63,4,34.3,11.2,17.3,44.2,65.8,29.58,2.8,-5.46,95.2,5.64,7.93,0.0,966.332,64.0,1.0,24.0,0.386,104.0,11.8,15.64
37,200043081,"CC Chinon, Vienne et Loire",75.0,100.0,45.0,2.638522427440633,1.2720262412994183,79.66248667093197,1.0,37.25,18.0,8.4,16.82,9.11,12.2,30.6,36.0,14.27,5.41,17.5,83.4,1.5,33.4,2.1,1.98019801980198,32.03531952737899,2.2151340996168583,3.7,1.27,3.37,108.9,27.0,39.7,3.74,30.4,2.0,99.92445991427668,0.5683171864398082,42.971475477118815,55.6,7.8,123.0,10.01,47.43,5.525557431094265,1.26,1,4.722305165721111,-2.2,48.0,4.661016949152542,83.41,14.87,44.807,4.399,11.94,4,37.1,13.2,19.5,49.3,79.4,32.32,2.9,-5.36,143.5,7.95,15.11,0.843,1171.352,59.0,0.0,25.1,0.395,124.0,11.8,16.96
37,200071587,CC Loches Sud Touraine,99.6447339205092,99.90522709047168,46.0,2.1852208240995195,0.620601992849203,81.37302527646129,1.0,35.55555555555556,22.4,10.4,10.27,0.9,10.9,34.1,38.4,22.38,22.97,18.8,82.4,0.1,34.25,1.2,1.0625319743418205,26.770836421857855,6.319898151095165,3.0,1.97,3.74,77.7,10.7,37.9,3.74,20.5,3.0,4.939574332420875,0.2987154344404432,41.96835612764816,60.8,14.2,129.0,17.04,47.43,6.118402427256016,1.77,4,5.1510054702252335,-0.5,61.0,-19.10631741140216,97.4,5.98,62.666,2.332,9.59,4,37.7,13.0,16.7,52.1,67.6,45.87,2.8,-2.34,83.7,16.64,19.07,0.59,770.026,58.0,0.0,19.2,0.289,148.0,11.8,15.21
37,200072650,CC Touraine Vallée de l'Indre,95.2007602755999,100.0,48.0,6.985567300507721,2.000568283538821,59.666864102469184,1.0,35.714285714285715,11.5,3.8,9.46,11.63,5.9,24.6,37.3,5.83,4.73,12.9,87.5,-0.6,33.099999999999994,1.7999999999999998,1.4089403670564125,34.99595141700404,1.551920510865421,3.2,0.21,2.74,71.3,20.7,24.4,3.74,28.6,0.0,47.18763964333299,1.4801885210580603,34.40535832929304,59.0,13.4,104.0,9.15,47.43,3.659981206200605,0.55,0,5.0841999962250615,-6.1,35.0,-34.56221198156682,60.38,6.33,45.425,2.925,10.0,4,26.5,6.3,12.7,42.8,85.6,23.17,2.5,-3.02,55.8,6.09,14.41,0.183,1397.044,62.0,0.0,30.2,0.499,76.0,11.8,11.67
37,200072668,CC Touraine Val de Vienne,96.1892247043364,99.3688639551192,62.0,6.075439328238988,1.5592741441758264,69.3689766317486,1.0,36.333333333333336,22.1,10.8,10.05,-0.52,10.2,34.1,39.0,23.24,27.96,19.0,82.8,-1.2,33.099999999999994,0.8999999999999999,1.4991288845670756,23.476394849785407,1.987187356145466,3.0,4.77,2.84,80.8,13.9,42.6,3.74,18.4,1.0,67.3773815944839,0.7589194789672108,38.95638319059948,63.9,15.1,135.0,10.65,47.43,5.973755443600033,1.62,0,5.911416616855948,-0.1,64.0,-34.29951690821256,99.68,7.59,66.013,2.354,7.92,3,36.0,13.7,15.5,59.1,73.7,32.74,2.7,-4.51,69.4,15.85,27.85,0.0,678.351,57.0,0.0,17.6,0.288,141.0,11.8,15.07
37,200072981,CC Touraine Ouest Val de Loire,100.0,100.0,49.0,3.355122346271765,1.1953486194593803,68.75226586102718,2.0,33.25,18.9,6.9,11.55,0.84,9.9,34.7,32.5,11.63,14.1,17.2,85.7,1.4,33.099999999999994,1.5,1.7425790169450788,26.982630941160632,1.334711286089239,3.4,0.22,3.0,82.7,16.9,24.7,3.74,41.5,1.0,54.898404569627736,0.3806284650460095,40.55931652230467,60.0,17.299999999999997,113.0,12.73,47.43,5.453244549148848,2.1,0,6.20633204169295,-4.3,56.0,-38.095238095238095,98.01,8.64,32.893,3.358,15.0,4,31.7,11.8,15.6,51.0,78.9,29.32,2.7,-4.35,61.3,13.82,25.79,0.3,585.331,59.0,0.0,24.2,0.202,98.0,11.8,15.14
37,200073161,CC Touraine-Est Vallées,91.6030534351145,100.0,42.0,2.91017496539731,2.959120741636162,58.48714738160124,1.0,24.0,10.5,2.4,12.64,10.94,5.3,24.1,47.7,3.42,2.32,11.7,86.0,1.4,32.8,1.7999999999999998,3.0124872455177103,39.29481885749165,4.427894802442976,3.2,0.04,2.67,63.8,24.5,43.5,3.74,18.0,0.0,2.879144585658678,1.1805763670104488,31.45600458584121,62.4,13.1,110.0,10.86,47.43,3.556507353733628,0.73,1,3.3886234471659207,2.8,38.0,-17.91907514450867,39.45,11.59,57.193,7.079,8.64,5,26.7,7.0,10.8,40.7,87.0,25.12,2.6,-2.77,59.8,5.6,12.5,0.0,1254.419,63.0,0.0,29.2,0.624,87.0,11.8,11.32
37,200073237,CC de Gâtine-Racan,97.8813559322034,99.10714285714286,46.0,4.072733256541056,0.7562709170809231,65.05443066516347,1.0,30.666666666666668,13.5,4.4,6.68,6.91,6.9,28.9,27.1,14.8,14.04,14.099999999999998,89.3,0.1,32.8,1.7999999999999998,1.7376581714489396,31.73828125,1.5974128233970752,3.0,0.16999999999999998,2.23,82.1,14.5,23.3,3.74,22.6,2.0,0.8372661020287571,0.5952417192189545,34.10778233906891,64.5,9.1,101.0,19.03,47.43,4.21226805146694,1.78,0,4.533364204677008,-0.8,83.0,-42.0,95.02,3.85,59.023,3.214,8.24,3,25.8,7.3,10.8,53.8,70.8,31.99,2.5,-3.1300000000000003,40.7,15.84,17.74,0.0,683.029,62.0,1.0,31.5,0.269,67.0,11.8,13.41
37,243700499,CC du Castelrenaudais,96.7948717948718,100.0,36.0,3.1890660592255125,1.1679786849424985,49.85026145801292,2.0,32.0,16.6,3.7,14.34,-2.23,9.9,29.0,39.49999999999999,19.79,18.52,16.2,86.3,-0.3,32.8,1.2,1.0617700331022422,24.846796657381617,0.7501599195832952,3.7,1.0699999999999998,3.75,83.4,19.5,11.9,3.74,24.1,0.0,0.0,0.3863892407647556,34.39412484700122,54.0,16.3,110.0,12.44,47.43,5.679188707229876,0.62,0,5.593710616335594,0.1,55.0,-31.57894736842105,64.82,1.98,64.727,2.82,6.78,2,32.6,10.8,14.8,47.6,70.5,30.67,2.6,-3.34,74.0,10.31,24.69,0.625,1113.831,61.0,1.0,20.7,0.223,94.0,11.8,13.74
37,243700754,Tours Métropole Val de Loire,94.0,100.0,47.0,4.549019607843137,1.7767667637173576,73.19544324577072,3.0,31.33333333333333,14.000000000000002,2.9,24.36,5.28,8.1,21.4,52.8,1.44,0.65,13.900000000000002,63.7,-3.9,32.8,2.1,2.417906554432996,43.38284030931632,5.162406374638096,4.2,0.33,3.21,94.2,27.6,67.9,3.74,17.6,4.0,8.34974053331963,2.003692076952393,36.31812522789164,70.0,12.6,100.0,12.23,47.43,5.120380964359894,0.67,17,4.41424428980817,0.9,5.0,-4.744525547445255,10.57,4.15,31.881,4.078,9.79,5,48.8,16.2,12.9,38.8,72.9,34.33,3.5,-4.24,129.8,4.82,8.77,0.033,1600.415,,7.0,23.2,0.946,94.0,11.8,19.11
37,243700820,CC Autour de Chenonceaux Bléré-Val de Cher,99.61685823754787,100.0,36.0,3.4685731739515333,0.9173072809580624,65.74273954864965,1.0,38.333333333333336,15.3,5.9,6.550000000000001,3.4,8.0,28.8,38.8,9.7,6.69,14.9,85.9,1.8,32.8,1.5,0.9568069983597594,32.75556430963167,3.280411304404061,3.8,0.13999999999999999,2.73,73.8,15.9,39.9,3.74,23.8,0.0,17.727421953369607,0.8477604923392895,36.013063123518094,67.0,15.6,112.0,14.04,47.43,4.550067595916273,0.46,0,5.325952170062002,1.7,37.0,-31.511254019292608,53.72,1.35,55.004,3.772,9.02,4,28.6,6.9,12.2,47.6,69.7,27.25,2.5,-2.34,48.4,7.53,16.27,0.456,862.077,64.0,2.0,25.8,0.394,100.0,11.8,12.16
38,200018166,CC Le Grésivaudan,99.25558312655087,97.39854318418314,30.0,0.0,,89.33317736967287,2.0,30.8,10.0,13.8,11.57,6.36,5.7,20.3,46.9,5.73,6.34,10.8,80.8,-1.0,23.9,2.5,4.971122911740765,44.58288418193781,4.13846891822268,3.6,1.32,3.0,116.4,23.1,44.8,2.65,70.8,5.0,23.34404146494899,0.7266869175882071,40.71105766068794,53.9,9.1,106.0,5.89,47.57,3.660000646050176,0.87,4,3.875281418052048,2.9,21.0,-26.519337016574585,26.85,14.26,15.621,1.448,18.0,8,29.3,5.6,10.2,46.5,83.8,27.27,3.0,-2.91,82.8,8.0,22.67,0.0,3230.107,66.0,3.0,33.6,0.31,81.0,12.8,12.27
38,200030658,CC du Trièves,99.59514170040484,96.17977528089888,28.0,0.4020446843949227,1.934170162180349,113.95283110807914,1.0,32.5,15.7,32.7,5.21,1.67,6.0,30.2,27.3,34.56,53.99,14.6,80.5,4.1,23.9,1.5,16.444186496420972,33.651586368977675,7.563155136268345,2.3,33.23,1.93,63.0,6.6,12.2,2.65,69.9,0.0,49.01633493695565,0.1701889460234567,65.23175682054186,75.5,12.2,122.0,19.36,47.57,5.283917963224893,1.93,1,3.978019801980198,3.1,60.0,-6.530612244897959,91.34,40.42,22.854,0.139,23.4,7,35.0,10.9,10.3,67.4,64.7,59.88,2.8,-3.0300000000000002,63.8,24.22,30.22,0.0,484.282,59.0,0.0,25.1,0.122,116.0,12.8,18.48
38,200040111,CC Coeur de Chartreuse,99.79035639412996,97.60479041916167,50.0,1.7627180564435108,3.0954734235445787,214.523147877868,1.0,28.5,16.900000000000002,18.0,9.22,-0.74,6.9,25.1,36.8,13.55,21.8,15.8,84.1,0.0,31.05,1.4,9.146519079522283,33.847107804057046,5.056546165119689,3.6,10.61,3.5,117.9,19.7,39.2,2.65,72.7,0.0,100.0363493356555,0.2388430761602278,47.806267806267805,68.9,18.8,108.0,13.52,47.57,5.044324353773428,4.08,1,4.736212156770711,5.1,41.0,-24.375,73.54,10.53,20.623,0.128,24.54,6,33.4,8.7,10.6,47.7,73.5,34.84,2.6,-3.82,57.7,10.53,17.94,0.0,1185.185,59.0,1.0,26.0,0.197,90.0,12.8,15.51
38,200040657,CC de la Matheysine,99.39271255060729,92.21698113207547,27.0,1.353846153846154,5.472216979413976,132.3229007230696,2.0,31.33333333333333,20.9,25.1,15.6,-0.72,7.2,35.9,29.5,19.58,20.94,18.0,84.7,-1.3,23.9,1.0,10.783798001052077,35.51330798479088,1.980796089385475,3.6,20.549999999999997,2.63,122.0,18.5,11.0,2.65,80.6,0.0,36.28617493509032,0.1457923924411655,50.32542407625685,72.2,10.6,119.0,16.509999999999998,47.57,5.828933679123662,2.63,0,5.328935563881999,3.0,50.0,-29.338842975206614,87.41,20.01,16.722,0.1,22.92,6,38.3,12.2,13.5,53.5,73.4,37.51,2.7,-3.47,66.3,14.16,14.44,0.0,224.978,58.0,0.0,24.7,0.179,115.0,12.8,16.97
38,200040715,Grenoble-Alpes-Métropole,100.0,99.07997169143668,35.0,1.0160729339385108,10.154441494176574,78.87721807923683,4.0,26.25,11.1,2.9,20.87,7.57,9.4,21.4,48.6,1.31,0.9,12.4,54.0,-5.0,23.9,2.0,1.928771170321395,46.01933503745831,6.069283617985654,4.1,0.15,3.23,162.1,29.2,59.9,2.65,54.7,10.0,40.46991705069125,0.9941028920825804,40.01001238373778,62.4,8.0,90.0,10.72,47.57,4.774484927462531,1.78,33,2.650229677372958,-12.4,6.0,-1.9230769230769231,3.92,18.78,12.581,0.617,20.81,8,44.3,15.0,11.3,42.2,69.7,28.82,3.5,-5.35,118.1,3.94,11.22,0.067,1511.694,,17.0,24.8,0.374,78.0,12.8,19.38
38,200059392,CC Bièvre Isère,95.75342465753424,98.81656804733728,57.0,0.0,3.5444815328593724,93.85962329197564,1.0,33.875,15.1,3.9,8.04,4.77,7.9,25.5,35.6,9.43,8.4,15.1,88.0,0.5,32.0,1.2,5.916210773918777,31.97278911564625,0.1777406684385069,2.7,0.27999999999999997,2.49,142.1,19.0,33.0,2.65,29.0,1.0,3.084605451936872,0.799648860822207,43.584209426999934,63.9,17.1,111.0,12.82,47.57,4.571251700183007,0.36,0,4.585990753092963,-1.0,56.0,-27.10674157303371,98.49,4.89,52.378,1.345,12.09,7,30.0,10.0,13.6,45.8,80.5,29.55,2.7,-6.3100000000000005,60.9,7.74,27.12,0.0,1081.424,60.0,0.0,25.5,0.71,82.0,12.8,14.25
38,200068542,CC Les Balcons du Dauphiné,98.75536119754436,98.71687000420698,38.0,0.5921647948049183,4.857367808201886,87.10151088348272,1.0,30.666666666666668,13.4,4.1,5.87,4.39,6.8,27.0,30.1,9.33,5.13,14.099999999999998,90.4,1.3,29.5,1.6,4.967918175465345,34.15964581270666,1.880064516129032,2.3,1.06,1.91,126.1,19.2,34.9,2.65,24.0,6.0,22.250681462604238,1.01517851081788,38.99880691986478,60.3,21.1,102.0,4.760000000000001,47.57,4.403693353417997,0.64,2,3.4841441770632144,0.8,47.0,-5.517241379310345,73.24,12.83,46.331,0.956,13.47,8,27.7,7.1,12.2,43.3,78.0,26.36,2.6,-6.08,51.8,5.77,20.02,0.889,2050.606,63.0,0.0,22.5,0.654,71.0,12.8,12.24
38,200068567,CC Les Vals du Dauphiné,99.36395759717314,99.51702487321904,44.0,0.5645279517919387,2.4249022212481397,41.38549510983345,2.0,35.5,14.8,3.3,11.91,1.64,7.4,24.7,40.1,6.23,4.32,15.6,85.4,0.8,33.3,1.4,5.972974230882604,34.02095612311722,0.3365113979258056,3.0,0.4,2.33,155.8,24.4,39.3,2.65,15.6,2.0,0.3845118038047215,1.5963230952510357,40.92629029816861,59.5,18.7,105.0,13.88,47.57,4.838113222549098,1.24,1,3.463417349129363,-2.0,26.0,13.381995133819952,69.44,4.39,55.996,0.728,12.53,5,30.3,10.3,13.5,40.9,59.8,27.29,2.7,-6.45,66.6,7.11,13.81,0.155,988.194,60.0,0.0,25.7,1.096,76.0,12.8,13.76
38,200070431,CC Saint-Marcellin Vercors Isère Communauté,99.5850622406639,99.08045977011494,50.0,0.1364070386031919,3.078752918215843,92.65729847980892,1.0,31.5,16.900000000000002,4.9,9.3,5.42,8.3,27.700000000000003,30.4,15.01,8.25,15.6,80.9,-1.0,31.9,1.2,10.721896643580182,32.73115454097553,2.851079267186649,2.4,1.41,2.22,154.3,19.1,42.1,2.65,43.4,1.0,43.20867681872366,0.5106097794429798,41.9798548684068,59.8,19.7,114.0,10.8,47.57,5.022427797833935,3.11,4,4.695261732851986,-1.5,58.0,-10.95890410958904,81.41,11.48,38.398,1.55,13.14,8,33.0,10.9,13.4,47.1,75.4,29.88,2.8,-4.71,72.0,9.0,30.43,0.0,488.249,62.0,0.0,23.9,0.376,103.0,12.8,15.21
38,200077014,CA Vienne Condrieu,95.16407599309152,99.75947083583884,60.0,1.3555731277998049,2.6373954717789507,73.5856776400171,3.0,27.4,12.2,1.5,18.98,1.76,7.5,23.6,51.6,8.01,3.62,13.3,80.0,-1.4,27.6,2.1,5.692359588463485,40.94552592834943,1.5067986249479977,3.0,0.1,2.64,153.9,23.0,66.0,2.65,27.1,3.0,30.430378840323694,1.1839175154342902,46.3037843442198,64.2,14.8,103.0,10.870000000000001,47.57,4.83824371161667,0.95,3,3.712279187143047,-0.9,29.0,-5.805243445692884,49.44,18.07,43.82,2.245,12.81,9,34.6,12.3,13.6,42.3,67.3,26.42,3.2,-6.909999999999999,82.9,6.57,9.37,0.738,5252.773,67.0,7.0,27.2,1.11,80.0,12.8,12.79
38,200085751,CC Entre Bièvre et Rhône,91.57894736842104,98.86792452830188,53.0,0.0,3.6405788485177553,71.6461505221462,2.0,31.666666666666668,15.1,2.2,12.04,8.49,8.9,25.1,37.5,6.64,5.12,16.400000000000002,86.1,0.7,30.8,1.5,4.559227075234393,33.07826086956521,0.9570871821372432,2.4,0.47000000000000003,2.14,153.5,23.3,49.6,2.65,20.8,15.0,1.583852291524764,1.2345776795171377,44.32576769025367,60.6,18.3,109.0,7.88,47.57,5.546495411571331,0.57,0,3.9355854397787127,2.6,28.0,-2.0746887966804977,53.82,10.52,49.979,4.181,11.33,7,29.6,13.0,15.6,38.5,70.3,23.88,2.9,-10.17,77.6,7.46,12.57,0.143,1795.095,65.0,20.0,20.8,1.259,82.0,12.8,14.89
38,243800604,CA Porte de l'Isère (CAPI),86.73165448145139,99.4550408719346,47.0,0.679804216385681,7.119926955306878,82.94236282659261,4.0,25.666666666666668,9.8,1.4,29.38,0.23,5.9,20.8,41.8,3.28,1.15,14.099999999999998,80.2,0.0,33.3,2.0,3.5352175863615973,39.08268449684013,3.4891981719983387,4.3,0.0,2.42,151.5,31.7,59.8,2.65,15.8,1.0,3.091756387594408,2.4266418150811155,42.44908754297805,54.7,23.4,95.0,8.790000000000001,47.57,5.1916708906902524,1.26,4,3.830488270518444,-2.3,12.0,16.666666666666664,29.63,9.83,47.048,1.194,9.81,6,33.4,14.9,16.5,36.5,54.6,23.24,3.1,-8.01,114.4,5.95,9.14,0.449,4114.608,62.0,7.0,23.8,0.897,54.0,12.8,15.8
38,243800745,CC de l'Oisans,100.0,96.89922480620154,27.0,0.4134224488389719,9.3258029191264,416.2678451340186,3.0,26.5,17.0,75.7,11.62,12.89,3.0,21.2,26.4,22.56,45.39,17.8,61.0,-2.9,23.9,1.6,11.797090051120724,37.50186539322489,16.56568078870237,5.0,36.0,5.9,141.3,12.6,34.6,2.65,95.4,1.0,57.98852751837156,0.082802280114227,121.04552469135804,86.7,26.700000000000003,94.0,3.7900000000000005,47.57,5.07400160814795,1.97,2,5.510037523452158,5.6,48.0,27.906976744186046,69.52,,2.943,0.037,25.12,7,40.7,14.1,9.8,61.9,103.3,47.38,3.1,-4.14,113.5,44.16,54.05,0.0,392.554,58.0,0.0,33.1,0.074,105.0,12.8,37.2
38,243800935,CC Lyon-Saint-Exupéry en Dauphiné,100.0,100.0,68.0,,3.820860999780663,83.40453008789723,3.0,26.0,8.9,2.4,12.98,1.05,4.8,21.2,46.9,0.37,0.24,12.7,87.2,0.5,24.4,1.6,1.6363879241250334,34.76161060257202,1.3867216804201048,2.4,0.0,2.0,125.0,14.2,35.5,2.65,13.5,0.0,4.125121241513094,3.509403992543425,33.73350530806628,54.2,18.0,100.0,12.370000000000001,47.57,4.6026482955623695,,0,2.1791931762567294,-7.4,18.0,9.090909090909092,27.81,,53.819,1.899,7.15,6,24.1,10.2,13.9,41.5,55.7,16.4,2.8,-8.14,52.8,3.83,27.67,0.334,3690.512,65.0,0.0,20.6,0.823,52.0,12.8,12.59
38,243800984,CA du Pays Voironnais,99.31706504539018,99.65779792967749,48.0,0.7723205130129004,4.441559311784345,82.2791923841406,2.0,33.166666666666664,11.3,3.0,15.35,9.04,8.4,23.5,47.7,4.06,4.27,13.0,76.2,-1.6,27.9,1.9,4.757570743008439,41.42963722838758,2.731822494393652,3.5,0.02,2.9,164.0,25.4,54.2,2.65,31.5,2.0,26.630065534305203,1.363369282346908,43.53433076419324,62.0,15.6,109.0,11.469999999999999,47.57,4.706717776142328,0.83,3,4.564278232615806,-0.6,26.0,-9.067357512953368,39.11,9.56,38.371,0.69,15.0,7,33.8,9.5,13.0,42.1,82.4,25.1,3.0,-4.9,84.1,4.58,8.84,0.207,2408.644,66.0,3.0,29.8,0.544,90.0,12.8,13.36
38,243801024,CC du Massif du Vercors,98.9795918367347,98.36065573770492,38.0,0.3549455750118315,5.238766419318157,136.9288877747138,3.0,24.0,13.3,56.4,6.890000000000001,3.87,2.7,19.7,26.9,14.37,28.2,12.8,74.0,-4.1,23.9,2.5,10.585979828290403,43.811515748031496,1.840196078431373,5.6,3.15,3.33,197.9,35.6,57.2,2.65,74.2,0.0,99.96812218523596,0.3990633733187655,64.33263900016023,82.5,17.1,115.0,20.18,47.57,4.551554447917546,8.34,1,3.989017487539072,8.5,28.0,-26.0,73.11,39.74,17.926,0.027,27.85,6,35.8,8.5,7.9,58.7,84.0,44.84,3.0,-3.06,70.5,9.17,29.17,0.0,1842.653,56.0,0.0,41.6,0.133,97.0,12.8,18.55
38,243801073,CC de Bièvre Est,97.5586854460094,96.29805410536308,49.0,0.6450606782352275,4.509429904905968,82.69085352543112,1.0,35.666666666666664,14.000000000000002,3.5,9.53,2.55,6.0,26.8,35.3,4.72,5.48,13.7,84.4,-1.7,31.9,1.4,4.3417853421326855,36.43327424664472,0.3619414027818881,3.1,0.37,2.17,153.9,22.2,32.4,2.65,26.0,0.0,5.104402677651905,1.157904599791197,39.38283181314466,54.5,18.9,104.0,6.550000000000001,47.57,4.767065328310219,0.43,1,3.302124983152882,-4.5,50.0,-47.88732394366197,71.4,3.53,52.296,1.065,11.98,6,26.6,8.2,11.6,45.9,76.9,24.44,2.6,-5.88,58.3,8.07,18.0,0.0,545.989,65.0,0.0,25.4,0.591,72.0,12.8,13.18
38,243801255,CC Collines Isère Nord Communauté,87.38532110091744,100.0,70.0,1.4928830660729453,2.2726447588676475,49.55354593050928,1.0,29.5,10.4,1.6,5.99,4.12,5.3,23.200000000000003,35.9,2.72,3.91,12.4,90.7,0.2,24.4,2.0,5.06776664702416,38.8134261338123,0.5960491252462055,2.7,0.0,2.36,110.4,19.1,31.3,2.65,16.0,0.0,0.008389873787116,1.7073413917149671,40.72415656604648,57.2,26.8,97.0,4.03,47.57,3.7527608249211815,0.39,0,2.621866774650739,-5.0,29.0,-21.428571428571427,54.59,8.73,48.378,1.271,10.44,5,24.7,5.2,9.9,38.0,84.8,26.71,2.6,-3.42,51.6,6.3,16.3,0.0,966.957,64.0,2.0,27.4,0.92,71.0,12.8,10.5
39,200010650,CA du Grand Dole,97.61904761904762,99.5702005730659,62.0,1.9294503145752504,3.0232033395179583,72.76866844548412,2.0,37.6,17.7,2.1,15.65,0.7,8.0,23.4,58.4,3.57,1.33,17.299999999999997,81.1,-0.5,30.5,1.4,3.912463206391575,35.59661064036672,2.022572963611674,4.3,0.12,3.11,122.3,24.1,58.7,2.52,35.1,11.0,22.9661965892054,0.7327854285640936,42.31028727673023,62.4,22.7,118.0,7.82,55.46,5.928786034886613,2.01,2,4.756453238069066,-6.6,32.0,-2.608695652173913,57.36,10.26,43.274,1.758,11.73,5,39.9,13.7,15.9,43.4,77.4,41.46,2.9,-5.220000000000001,110.2,9.04,10.64,0.731,326.87,61.0,5.0,26.4,1.149,106.0,12.9,16.17
39,200026573,CC Haut-Jura Saint-Claude,99.28057553956836,99.64285714285714,62.0,2.093637163576782,1.9404953179025863,48.23667583817385,2.0,28.0,18.6,10.4,24.07,-0.9,15.8,25.3,60.3,14.43,15.42,17.2,81.4,1.2,26.5,1.2,1.3895321908290872,35.9717868338558,0.241884001557026,3.1,6.25,3.09,79.2,13.6,41.5,2.52,74.6,1.0,99.99318057828695,0.1726340289517743,48.38790302424394,54.6,32.6,112.0,10.4,55.46,6.183538456113128,8.23,1,5.476820538138731,13.7,32.0,60.86956521739131,66.92,62.88,18.094,0.02,19.79,5,38.4,14.0,17.3,51.1,63.5,30.98,3.1,-6.84,96.0,11.86,11.86,0.515,225.444,58.0,0.0,23.2,0.269,118.0,12.9,17.56
39,200069615,CC Bresse Haute Seille,99.581589958159,99.52229299363056,62.0,3.397650480811424,2.4093312832287705,192.21607908777068,1.0,37.25,19.4,10.1,3.71,0.62,8.0,27.3,37.5,15.24,15.43,16.7,89.6,1.3,29.85,1.0,1.1488850592720246,30.131743578420547,2.475993295869072,3.5,6.710000000000001,3.66,85.2,14.9,29.1,2.52,35.0,0.0,15.351179282687994,0.453150545436815,40.40352575533704,56.6,28.2,121.0,20.75,55.46,4.6885481264328925,3.66,0,6.1958958168902925,4.2,60.0,54.83870967741935,96.8,12.87,44.989,1.473,16.02,5,34.4,9.3,10.0,60.4,83.1,35.41,2.6,-3.6799999999999997,60.6,15.67,18.44,0.0,293.983,57.0,1.0,22.4,1.082,122.0,12.9,13.78
39,200069623,CC Champagnole Nozeroy Jura,96.8944099378882,95.54140127388536,62.0,2.0724648038304867,2.034472421098655,124.17644483362524,1.0,39.25,20.1,10.8,11.08,2.29,8.9,28.3,47.3,17.27,13.92,18.6,84.3,3.0,27.633333333333336,1.3,0.653993721660272,31.17539316617192,2.210767966748828,2.8,0.05,3.05,87.3,16.2,53.4,2.52,49.5,0.0,19.780826071690765,0.3970286394479342,42.741495742628246,61.0,17.9,118.0,13.3,55.46,5.672235734449037,3.05,1,6.788329216654905,7.2,47.0,-19.094488188976374,75.57,7.55,44.124,0.118,16.83,3,39.5,10.9,12.2,56.0,88.0,36.23,3.0,-5.18,77.9,12.42,35.36,2.18,186.653,59.0,0.0,26.3,0.364,124.0,12.9,13.0
39,200071116,CA ECLA  (Espace Communautaire Lons Agglomération),95.00831946755407,100.0,62.0,0.4838457196256362,3.279839400809572,30.43262411347518,2.0,33.0,18.5,5.2,18.740000000000002,-1.44,9.3,21.1,60.7,4.41,0.73,15.5,76.7,-0.2,29.2,2.0,2.33849751534639,40.63827942069205,4.642377599476011,3.6,0.01,4.09,85.2,21.7,72.4,2.52,34.1,0.0,3.625544855549924,1.111047735168338,51.622788689232486,71.2,16.6,119.0,16.14,55.46,5.698856892997688,3.22,4,4.408599329543798,-5.6,23.0,-19.718309859154928,56.85,21.99,34.588,0.679,15.38,6,46.4,14.3,16.1,48.6,60.5,40.63,3.1,-2.9899999999999998,153.2,6.91,6.91,0.877,579.189,59.0,1.0,29.6,1.369,125.0,12.9,19.37
39,200071595,"CC Arbois, Poligny, Salins, Coeur du Jura",89.38906752411575,98.65689865689866,62.0,3.614949962557016,3.0725457024865923,35.57359156564953,1.0,38.0,23.7,8.7,6.329999999999999,-0.31,11.5,29.9,45.6,17.15,7.35,20.6,79.2,-1.3,29.85,1.2,1.1666433337999906,30.31529612270984,0.76578073089701,3.7,0.12,3.27,99.2,13.7,50.7,2.52,46.0,0.0,5.905945119417622,0.4101185599881023,45.52751270846339,58.3,18.7,126.0,19.17,55.46,5.673666132356308,4.67,0,7.283993588275704,-0.3,51.0,-16.19217081850534,94.81,12.63,42.637,1.606,14.89,6,41.7,11.6,11.3,64.7,81.7,40.23,2.8,-3.63,107.2,9.25,33.42,1.4,348.702,57.0,0.0,23.8,0.681,134.0,12.9,18.6
39,200072056,CC Porte du Jura,98.43823946994794,99.40314704286487,62.0,3.216692900674012,3.5271443995940936,132.06795102970486,1.0,34.5,24.2,10.9,4.67,0.0,9.6,28.8,41.7,15.43,18.62,21.7,86.0,3.7,29.2,1.2,2.1863117870722437,29.593727726300784,0.1920877581981561,1.4,0.75,2.85,64.3,15.6,32.8,2.52,39.4,1.0,0.0789019833285426,0.2793157231141065,38.09082483781279,47.4,36.5,124.0,3.45,55.46,5.985490965689924,3.8,0,6.3122690667929895,1.6,55.0,-10.5,91.8,11.83,47.074,0.788,15.3,4,38.2,12.4,13.6,59.1,57.4,30.89,2.7,-5.680000000000001,78.5,22.43,23.95,0.0,106.58,57.0,2.0,17.8,0.899,125.0,12.9,16.24
39,200090579,CC Terre d'Émeraude Communauté,98.91304347826086,98.92915980230642,62.0,1.7318342625349608,2.399184378918841,135.86837473908238,1.0,34.875,20.0,19.4,5.55,1.31,9.1,29.1,35.0,32.52,37.19,17.599999999999998,87.2,0.1,27.85,1.1,1.1525005145091582,29.205786832004726,0.7336887764323151,2.9,6.61,3.29,68.8,19.7,33.8,2.52,56.5,0.0,55.197421522434944,0.1918128058587502,45.26273885350319,45.6,31.6,115.0,10.34,55.46,5.478400790928534,3.29,0,7.0520156571566925,2.9,62.0,-17.272727272727273,85.57,19.92,32.834,0.196,17.68,5,36.3,10.5,12.4,64.8,71.0,35.77,2.6,-4.33,68.3,22.77,23.55,2.47,191.083,56.0,0.0,22.5,0.436,120.0,12.9,14.89
39,243900354,CC de la Station des Rousses-Haut Jura,100.0,100.0,62.0,0.0,2.0526051709584325,103.3987798114254,3.0,30.0,12.8,47.7,8.17,1.49,5.3,24.5,41.2,12.26,19.57,17.4,87.4,0.6,26.5,1.5,2.4657534246575343,44.04054526389374,0.3679216406489133,2.8,1.66,4.11,84.3,28.5,38.6,2.52,67.4,0.0,100.15302815474983,0.4956491171996363,49.55255776679578,79.0,16.900000000000002,75.0,8.03,55.46,4.619445838771209,1.37,0,5.406324666198173,22.4,61.0,-25.0,66.83,22.99,18.246,0.027,20.8,2,37.7,5.5,10.0,49.8,86.0,31.51,3.7,-5.050000000000001,44.5,13.25,28.5,2.74,1632.162,58.0,0.0,38.0,0.122,58.0,12.9,14.16
39,243900420,CC du Val d'Amour,83.90022675736961,100.0,62.0,0.4392893649734314,3.6690124200150094,205.60160987981035,1.0,36.5,21.3,7.4,3.88,-0.63,8.2,29.9,34.0,14.7,17.22,18.8,86.5,0.6,29.85,1.1,2.208968411751712,27.58620689655173,2.895179086742489,4.3,0.01,2.21,132.2,16.3,41.0,2.52,57.1,0.0,35.612343333211534,0.3236103986838805,41.67105124697464,69.4,14.499999999999998,122.0,21.19,55.46,5.739721177599797,6.63,0,7.525388258618791,1.4,95.0,16.911764705882355,96.55,11.67,35.376,1.853,12.32,3,35.9,10.4,11.5,64.0,95.9,39.21,2.6,1.78,58.8,15.13,23.17,0.0,15.784,57.0,0.0,24.2,0.773,107.0,12.9,15.77
39,243900479,CC Haut-Jura Arcade Communauté,100.0,100.0,62.0,0.0,1.9031015055303275,85.46359436867576,3.0,30.5,21.0,12.1,19.84,4.98,15.4,23.0,56.60000000000001,16.76,12.3,23.3,88.2,4.7,26.5,1.2,0.989337144113444,34.24080375952033,1.699324324324324,2.4,1.0999999999999999,4.4,65.7,37.7,73.7,2.52,75.4,0.0,99.8658075833221,0.243067715119829,37.92520600042256,52.5,21.2,96.0,8.200000000000001,55.46,6.461921192889491,6.6,0,5.277657968514125,-4.5,43.0,81.25,66.98,,12.087,0.001,20.65,3,40.9,11.2,12.4,27.7,69.9,25.17,3.7,-7.12,70.4,6.25,25.25,2.199,364.462,61.0,0.0,25.2,0.148,76.0,12.9,17.82
39,243900560,CC Jura Nord,100.0,99.19571045576409,62.0,1.89876322250522,1.9626063089023575,56.743528812696255,1.0,39.5,18.2,4.7,4.22,-3.64,8.6,25.5,36.9,12.69,17.52,17.299999999999997,90.1,3.2,30.65,0.8999999999999999,0.1694340901389359,27.09226810439897,1.424127640036731,4.2,0.27,3.39,92.6,20.2,19.8,2.52,46.9,0.0,31.074913750616066,0.5308980286773657,33.85308096389561,66.5,23.5,102.0,2.98,55.46,5.312837895820818,1.69,0,7.333476358019394,0.9,89.0,-28.57142857142857,96.78,17.61,42.622,1.101,11.39,5,30.2,8.5,11.4,52.8,74.0,41.09,2.5,-4.6899999999999995,34.1,12.88,22.63,3.389,468.607,63.0,0.0,20.0,1.064,77.0,12.9,13.17
39,243900610,CC la Grandvallière,100.0,100.0,62.0,4.425338222278417,2.055960523765296,147.52090270070292,1.0,38.5,17.8,18.1,6.04,4.32,7.4,24.9,46.4,27.14,25.52,18.0,86.5,1.9,26.5,1.1,0.9248982611912688,32.32142857142858,0.1624999999999999,2.0,0.37,1.85,46.7,29.3,69.9,2.52,62.8,0.0,100.00147171366338,0.3649859844918046,48.28576557171064,71.6,12.3,102.0,11.469999999999999,55.46,5.609072821329089,,0,8.820984215413185,17.5,51.0,-18.11023622047244,67.0,0.93,39.915,0.002,22.08,2,32.7,7.8,13.9,48.2,72.0,27.75,3.1,-4.38,50.5,15.5,30.38,1.85,265.661,60.0,0.0,25.6,0.229,94.0,12.9,13.73
39,243901089,CC de la Plaine Jurassienne,89.79591836734694,99.47089947089948,62.0,1.561524047470331,3.85327263422819,103.88872959858844,1.0,36.66666666666666,20.5,6.1,1.8399999999999999,0.0,8.3,27.1,34.5,18.55,18.81,18.2,87.3,0.9,30.5,0.6,1.5423598105100804,23.49397590361446,1.962085308056872,2.5,0.0,3.31,126.4,17.8,27.9,2.52,23.3,0.0,18.404271476032275,0.3004752710934809,34.057735971456374,73.6,8.200000000000001,125.0,10.93,55.46,5.460383172770143,1.1,0,7.8134873079856195,3.1,66.0,-54.48717948717948,99.02,2.64,66.536,2.01,11.0,4,33.3,11.4,16.2,56.1,72.4,37.9,2.6,-6.510000000000001,37.3,17.95,21.0,0.0,64.872,58.0,1.0,19.6,0.867,122.0,12.9,14.5
40,200030435,CC d'Aire-sur-l'Adour,100.0,99.9578947368421,18.0,1.5420779769081874,2.5676605868265057,4.2338509316770185,2.0,44.0,18.9,10.3,6.49,-0.98,9.2,22.9,41.8,25.22,15.61,18.4,88.2,4.7,33.75,1.3,0.6964866119795697,28.62381363244176,0.6330179754020814,2.5,0.16999999999999998,3.1,143.4,24.8,58.7,2.05,21.5,1.0,3.029178245335451,0.6901165223497724,48.62033348089125,66.6,17.299999999999997,132.0,18.87,65.5,6.542526145972407,1.55,0,7.28411214953271,-0.8,47.0,-12.71393643031785,100.0,3.28,60.704,3.303,8.72,6,38.3,14.0,17.9,62.2,65.9,32.81,2.9,-2.76,111.3,9.18,10.91,0.774,238.306,59.0,0.0,29.5,0.467,157.0,11.0,17.55
40,200035541,CC des Landes d'Armagnac,,99.88249118683902,15.0,3.1727885746475137,0.7180828398132925,109.0872028231798,1.0,39.75,22.4,11.9,1.51,0.0,10.7,33.5,22.4,33.15,45.23,17.299999999999997,84.5,-0.1,35.2,0.6,0.8377548170901983,24.748727320193183,0.8498596819457437,1.8,11.84,3.72,128.0,3.4,32.4,2.05,76.4,1.0,19.034303135725576,0.5251812937999768,41.31413141314131,49.4,42.6,136.0,4.75,65.5,6.420343655788861,5.59,1,6.28822658274713,-3.4,60.0,-41.58163265306122,96.3,6.14,15.154,3.302,10.14,5,35.3,15.2,15.2,59.2,61.4,35.84,2.7,-4.569999999999999,87.5,28.26,34.33,0.0,66.607,57.0,0.0,21.1,0.157,171.0,11.0,17.99
40,200069417,CC Pays d'Orthe et Arrigans,100.0,99.89317869678013,14.0,3.0506138268267025,0.9193561740185292,174.7634702063433,1.0,39.0,16.400000000000002,5.9,3.17,1.22,8.6,24.8,23.2,17.49,16.32,15.0,90.1,1.1,42.3,1.1,0.0410458482124533,29.484943611208003,0.189139941690962,3.6,0.25,3.28,154.5,28.5,41.9,2.05,24.5,0.0,6.001940706314956,1.3567907785928202,42.66197970759767,57.4,23.3,116.0,8.91,65.5,5.728618302444652,2.87,0,5.068399798081777,-2.4,58.0,-35.31468531468531,85.17,2.5,49.729,1.631,9.02,4,29.8,12.0,15.9,58.2,63.8,31.32,2.7,-6.13,62.6,9.88,21.5,0.0,749.381,60.0,0.0,27.3,0.633,112.0,11.0,17.52
40,200069631,CC Terres de Chalosse,100.0,99.89157932779185,16.0,2.836100073605313,0.9627767344009794,14.501428571428573,1.0,40.2,15.5,6.5,1.72,-0.75,7.8,23.4,20.3,24.71,17.08,14.000000000000002,88.1,1.1,39.5,0.8,0.2735828408842197,27.828228413113745,4.977071978951324,3.0,0.2,2.19,119.0,20.0,39.3,2.05,18.9,0.0,5.301915145314448,1.0901430837194308,37.66849592413021,60.4,20.3,120.0,8.83,65.5,5.574433165995478,1.64,1,4.933745241904342,-2.8,69.0,-1.7921146953405016,80.18,1.34,60.873,1.786,8.2,4,27.4,11.2,15.2,62.6,68.6,32.94,2.6,-5.0200000000000005,48.8,13.88,23.5,0.0,173.691,58.0,0.0,26.8,0.726,114.0,11.0,17.15
40,200069649,CC Chalosse Tursan,100.0,99.97899159663864,17.0,0.6179931197841704,2.4731639392423688,245.4411426380368,1.0,43.142857142857146,17.8,5.1,2.85,4.09,8.4,27.6,25.8,28.18,15.84,15.8,88.9,1.5,36.7,1.0,0.2674818494459304,27.93923730154544,0.8877031287897164,3.1,1.44,2.29,110.7,23.9,47.2,2.05,22.2,3.0,2.0796463180761333,0.6486714077174218,39.070079856705725,50.5,26.700000000000003,122.0,15.82,65.5,5.9470498683344335,3.82,1,5.613095238095238,-2.6,62.0,-29.411764705882355,100.0,3.24,59.85,1.859,8.14,6,31.9,10.9,15.3,68.2,64.7,33.78,2.6,-5.25,87.6,10.62,22.36,0.0,152.25,57.0,0.0,32.7,0.569,127.0,11.0,15.46
40,200069656,CC Coeur Haute Lande,,99.88249118683902,10.0,3.1727885746475137,0.7180828398132925,89.94184016955492,1.0,35.0,19.8,14.4,6.510000000000001,-0.21,8.0,30.6,16.799999999999997,33.37,59.9,18.7,85.7,-2.2,41.266666666666666,1.1,0.1226617601962588,23.46546245191504,4.043526785714286,2.6,24.060000000000002,3.07,117.6,22.2,29.8,2.05,81.8,1.0,77.30963487032987,0.4165832096775182,46.64112082385344,52.4,11.7,116.0,16.650000000000002,65.5,7.216409340308792,9.2,0,6.79213984943218,9.3,90.0,-41.6988416988417,45.21,14.67,15.337,3.758,7.93,6,33.8,14.9,17.0,59.7,55.4,35.39,2.8,-6.97,78.2,27.15,43.88,0.613,124.536,56.0,0.0,25.6,0.078,124.0,11.0,20.32
40,244000543,CC de Mimizan,98.78048780487804,100.0,4.0,1.2419054377716667,1.0409477649009793,120.74130605822188,1.0,34.0,18.6,40.3,6.7299999999999995,40.38,3.3,19.1,18.9,10.34,10.36,17.9,85.1,-1.4,54.3,1.0,0.5415022820453315,33.01989508066911,7.539394667307231,3.5,0.35000000000000003,3.09,170.1,25.8,42.0,2.05,88.7,1.0,6.79290415353133,0.5470610952723507,61.06234866828087,68.6,5.5,137.0,2.2800000000000002,65.5,7.266314751602934,2.32,0,7.385776557959315,27.0,51.0,-40.78947368421053,25.38,29.56,2.3,1.51,9.13,4,40.2,12.8,20.0,59.2,70.8,31.64,2.8,-6.98,94.7,7.33,60.17,0.0,276.937,51.0,0.0,27.8,0.114,203.0,11.0,17.21
40,244000659,CC du Seignanx,100.0,99.9099909990999,0.0,2.9502316043560617,1.215537981734559,25.35252635903053,2.0,25.0,8.200000000000001,7.1,14.280000000000001,17.58,5.3,18.5,44.1,6.38,3.89,13.6,87.1,-2.1,43.7,1.3,2.56254636185852,40.180652680652685,6.78867137355584,4.9,0.11,2.36,171.2,31.0,65.6,2.05,51.0,1.0,33.956593442839235,1.8247601095628776,39.32435998944312,56.6,34.4,104.0,15.06,65.5,5.287416999187459,2.7,1,4.134767960004347,-11.7,18.0,-36.11111111111111,31.73,1.53,19.697,1.463,16.31,6,33.0,9.3,12.8,46.7,65.6,22.93,2.7,-3.1399999999999997,73.2,6.0,15.63,0.337,1571.985,60.0,2.0,29.3,0.614,99.0,11.0,14.61
40,244000675,CA du Grand Dax,100.0,99.88865269764146,10.0,3.098262853739695,0.8353396493853077,75.06771213226355,2.0,29.0,16.0,11.6,13.600000000000001,18.74,7.6,22.7,39.4,5.41,2.46,16.8,84.1,0.1,42.3,1.3,2.619064029223241,39.161398335790494,2.4314842578710643,4.2,0.0,3.45,162.5,37.6,84.3,2.05,55.2,1.0,18.203341247321788,1.7088592425376383,50.66405146191054,76.1,13.4,117.0,11.3,65.5,6.8480756468094,4.31,3,5.28300283798196,-7.1,26.0,-26.991150442477878,35.9,3.73,20.098,2.146,16.38,7,45.3,14.1,17.4,48.7,71.0,30.72,2.9,-4.01,118.3,5.35,7.65,1.034,712.422,61.0,0.0,28.0,0.519,147.0,11.0,18.08
40,244000691,CC du Pays Morcenais,100.0,99.88276670574444,12.0,3.187169244313236,0.7197468736385182,69.22234042553191,1.0,38.5,21.0,8.7,9.81,2.62,8.6,31.1,29.4,16.8,41.11,18.3,85.2,-0.7,39.5,0.8999999999999999,0.9539961840152638,26.6276517922458,1.8217274472168905,2.9,1.26,4.24,124.8,21.7,38.1,2.05,83.1,0.0,5.030757703834627,0.868502656937589,46.198466956701886,66.9,12.0,143.0,18.54,65.5,7.730811996405345,16.96,0,4.759142765753278,13.5,47.0,-52.63157894736842,40.9,12.35,10.013,1.888,10.97,5,35.7,12.4,17.0,58.7,59.6,28.83,2.7,-6.710000000000001,87.1,13.83,37.17,0.0,136.731,52.0,1.0,25.9,0.074,175.0,11.0,17.94
40,244000766,CC du Pays Tarusate,,99.88249118683902,13.0,3.1727885746475137,0.7180828398132925,83.29675476748076,1.0,38.75,17.299999999999997,4.9,3.8,-1.63,7.8,26.6,21.9,25.24,30.93,16.8,91.4,1.8,39.5,1.1,0.2213123824277968,29.35580524344569,0.9368686868686869,3.0,2.42,2.77,134.3,22.4,42.1,2.05,66.1,10.0,3.979116666666666,0.9695778316243702,36.1145703611457,60.5,16.5,120.0,8.32,65.5,6.419197059655075,5.53,1,5.836019225332202,-1.0,64.0,-34.859154929577464,56.11,6.99,20.375,1.885,10.5,6,30.9,11.4,15.5,58.8,66.4,29.49,2.6,-5.37,73.6,9.41,27.47,1.66,1053.657,55.0,3.0,29.9,0.158,121.0,11.0,15.55
40,244000774,CC du Pays de Villeneuve en Armagnac Landais,,99.88249118683902,52.0,3.1727885746475137,0.7180828398132924,246.96531884289595,1.0,37.5,18.5,5.2,1.18,22.22,9.5,27.500000000000004,24.5,32.94,32.26,15.7,91.4,3.5,36.7,0.7000000000000001,0.4800768122899663,26.334208223972,5.425792811839323,2.9,0.91,1.6,104.3,13.2,29.4,2.05,40.8,0.0,6.72108938547486,0.4261017400448649,35.65285379202502,63.3,6.7,122.0,9.629999999999999,65.5,6.306246016571065,4.8,0,6.869184193753983,-5.4,65.0,-7.086614173228346,99.99,5.88,42.522,3.669,14.4,5,32.7,12.4,12.5,56.6,66.5,30.4,2.6,-2.31,44.3,19.33,19.25,0.0,93.823,55.0,0.0,27.8,0.307,122.0,11.0,14.67
40,244000808,CA Mont de Marsan Agglomération,100.0,99.88781234064254,24.0,3.10680107732916,0.7056118474414702,73.09437215295549,2.0,38.0,12.7,2.3,11.63,18.62,6.9,21.0,41.6,8.64,3.96,15.2,82.3,-1.8,36.7,1.6,2.355376324899183,39.41982652446215,2.955931610258461,4.0,0.33999999999999997,3.39,193.0,24.1,67.5,2.05,67.4,0.0,4.266584996158718,0.8968725427283396,36.86572553604897,79.5,11.0,102.0,13.11,65.5,5.747966106672932,4.28,5,8.541193181818182,1.0,27.0,-22.22222222222222,30.87,4.56,14.327,1.926,10.0,6,40.9,12.8,17.4,43.2,74.4,30.17,2.9,-2.1,132.1,9.78,10.44,0.178,788.039,60.0,1.0,30.5,0.253,96.0,11.0,18.52
40,244000824,CC du Pays Grenadois,100.0,100.0,35.0,12.26692836113837,3.482092014888147,0.0,2.0,37.5,14.6,4.1,0.59,0.0,8.8,27.6,31.7,21.42,11.25,14.8,89.8,-0.5,36.7,1.3,0.3889537145079735,27.66529295825121,0.0,2.8,0.03,1.3,127.8,21.5,47.3,2.05,26.1,0.0,2.678405596092384,0.5180363166631407,34.003286563013525,61.3,31.4,118.0,9.790000000000001,65.5,5.526699436630227,2.59,0,6.28127448419953,1.4,54.0,-39.849624060150376,86.21,4.81,46.798,1.526,9.45,6,29.2,8.2,16.1,60.6,69.8,33.71,2.4,-3.29,54.3,6.91,13.0,0.0,230.059,58.0,1.0,30.7,0.406,109.0,11.0,14.43
40,244000857,CC Côte Landes Nature,,99.88249118683902,2.0,3.1727885746475137,0.7180828398132924,132.9948515807256,1.0,34.666666666666664,16.0,40.9,3.47,13.04,4.5,21.1,16.799999999999997,16.22,36.83,16.2,85.0,2.6,42.3,1.4,2.683080808080808,34.194245310812136,10.087008448710575,3.6,0.29,3.95,183.3,29.8,24.4,2.05,87.7,3.0,5.182986866423513,1.1033862057323534,58.11979005866008,53.0,39.0,131.0,6.93,65.5,6.793983640668723,13.42,0,6.416206261510129,24.0,44.0,-27.350427350427356,33.98,7.52,4.017,3.182,13.91,6,35.9,10.5,16.5,60.1,77.8,36.93,2.8,-3.82,109.5,22.7,40.8,0.0,519.45,55.0,4.0,33.9,0.074,181.0,11.0,15.11
40,244000865,CC Maremne Adour Côte Sud,100.0,99.92636229749633,0.0,2.833390309582377,1.5041053260421278,121.93322802373736,1.0,31.0,13.2,42.8,7.109999999999999,21.39,3.7,22.4,25.6,5.9,7.05,15.1,87.3,0.7,43.0,1.6,1.6546308630722848,38.83452039589307,5.250706905927134,5.3,0.05,3.23,183.6,36.6,71.4,2.05,60.1,2.0,12.61572828515058,2.2914385662907013,62.31762949162295,66.1,22.7,112.0,7.19,65.5,5.432208984833295,2.52,3,4.499910407645214,-3.1,18.0,-26.038781163434905,33.76,3.13,16.73,3.27,11.7,6,36.4,10.6,16.1,49.3,83.4,34.14,3.0,-6.05,85.4,6.91,25.22,0.701,1406.085,59.0,0.0,35.5,0.303,132.0,11.0,15.94
40,244000873,CC des Grands Lacs,100.0,100.0,8.0,3.9610496781647138,1.5701098276118868,102.21008270224024,2.0,34.0,12.2,29.7,5.92,14.25,4.4,21.2,23.200000000000003,7.88,9.72,15.8,85.0,1.2,54.3,1.4,0.7908985824663867,36.4727644836272,5.821535849549432,4.4,0.45999999999999996,2.43,177.1,30.6,69.5,2.05,73.4,1.0,12.377367916503516,0.9109009360528708,49.93164120549248,75.9,13.1,126.0,8.21,65.5,5.760283425339978,3.35,1,5.9625016830483375,22.1,20.0,29.629629629629623,32.15,4.45,7.411,7.272,9.43,5,34.1,9.0,16.6,48.4,72.7,28.78,2.7,-7.13,75.6,8.43,41.71,0.0,291.862,54.0,1.0,32.6,0.065,147.0,11.0,16.61
40,244000881,CC Coteaux et Vallées des Luys,100.0,100.0,17.0,0.0,2.3267886698853557,360.96685878962535,1.0,43.0,19.2,4.7,0.74,66.67,9.5,30.5,21.9,26.09,23.65,15.4,88.7,2.9,37.0,0.8,1.0461618935530272,25.53422672944585,0.0,3.0,0.37,2.62,108.7,22.8,28.8,2.05,22.6,0.0,0.0,0.6798812712264606,41.90622205187172,60.8,16.7,133.0,14.92,65.5,6.48590670170828,5.23,0,5.477135348226018,-8.8,69.0,-8.791208791208792,96.71,4.94,55.355,1.496,7.53,3,31.2,11.3,14.6,61.8,47.1,33.48,2.7,-6.05,60.3,14.88,18.0,0.0,293.855,56.0,0.0,25.6,0.605,145.0,11.0,17.41
41,200000800,CC Coeur de Sologne,,,55.0,,,76.59806013579049,2.0,36.0,21.5,20.2,17.580000000000002,-0.48,10.6,26.1,49.0,9.61,17.81,17.9,79.7,1.4,34.9,1.0,0.6842619745845552,28.1063321385902,3.037162799471798,2.4,0.8699999999999999,1.96,89.1,13.0,41.4,2.84,67.9,0.0,100.02201459854014,0.1467459013170485,40.53794428434198,71.8,15.3,123.0,15.97,46.63,6.584514101487363,1.96,0,3.377299450028447,-19.7,24.0,-48.52941176470589,48.88,18.99,10.001,1.321,22.14,5,38.3,10.4,14.5,54.2,73.3,31.38,2.7,-3.4299999999999997,92.4,8.83,43.33,0.0,256.484,57.0,0.0,21.1,0.091,147.0,15.8,13.28
41,200018406,CC du Romorantinais et du Monestois,,,34.0,,,72.16936010932208,2.0,31.33333333333333,19.9,5.7,13.200000000000001,-0.15,11.7,27.700000000000003,48.6,6.74,6.59,17.4,85.2,0.0,34.9,1.0,0.972848677810206,28.176266861100984,0.986611175635566,2.4,0.13,2.95,77.3,13.5,35.9,2.84,42.3,0.0,77.1125678395024,0.7610315675070475,37.06695127931462,68.0,19.3,125.0,6.370000000000001,46.63,6.707682796019308,1.47,2,8.43367498957154,-0.3,22.0,-18.88888888888889,60.58,6.48,20.912,2.912,18.04,6,36.2,16.4,20.7,48.9,64.1,23.35,2.9,-5.41,97.0,10.88,11.75,0.0,344.708,54.0,0.0,20.8,0.307,124.0,15.8,15.32
41,200030385,CA de Blois ''Agglopolys'',91.24340617935192,96.3408913213448,56.0,2.3493509009881803,2.698458055294523,76.55795668549906,3.0,34.666666666666664,16.1,3.9,20.810000000000002,0.54,9.7,24.8,51.4,5.86,4.6,15.4,79.6,-1.2,33.25,1.7000000000000002,4.128586709704056,35.90109227761199,3.913229522365643,2.6,0.32,2.44,92.6,21.7,63.3,2.84,27.3,2.0,28.70550724637681,0.8449117344711513,39.41655112019266,66.8,15.5,114.0,12.44,46.63,5.471143785394692,2.81,6,4.351183181813864,-2.6,25.0,-28.19047619047619,40.71,5.74,49.279,3.598,7.82,6,40.3,15.4,14.3,41.5,61.9,29.06,3.2,-4.2700000000000005,118.6,11.42,13.23,0.094,886.758,,3.0,23.8,0.437,95.0,15.8,16.61
41,200040772,CC du Perche et Haut Vendômois,94.87179487179486,99.50738916256158,42.0,4.449862846693081,1.207680166787647,79.77904054201727,2.0,33.666666666666664,24.3,17.5,4.43,-12.92,10.7,33.4,38.4,33.66,43.0,19.3,85.5,4.2,36.1,0.6,1.529219006007646,21.51277013752456,1.3109965635738832,1.2,4.33,3.28,51.8,11.7,34.1,2.84,20.3,0.0,0.0009797854785478,0.2847193189351517,33.59450466888483,44.8,35.0,125.0,6.569999999999999,46.63,5.787577875585036,3.28,1,5.88782816229117,-4.7,89.0,-25.179856115107917,81.96,1.96,66.426,2.802,6.04,5,34.9,11.7,18.5,52.6,55.4,24.47,2.6,-6.29,61.7,18.39,18.48,0.0,1065.794,56.0,0.0,18.1,0.264,123.0,15.8,13.92
41,200055481,CC Beauce Val de Loire,85.0,100.0,28.0,1.5411540370399393,1.7681824028620252,75.38116683725691,2.0,36.0,19.6,6.7,9.01,6.53,10.9,33.4,44.6,18.5,21.11,16.8,85.7,1.9,31.866666666666664,1.1,1.9839251195442056,27.0528083028083,1.900666900666901,2.2,19.57,2.54,65.6,13.8,18.4,2.84,12.2,0.0,51.88529559408425,0.2748927123530116,33.31670822942643,57.2,17.0,113.0,10.040000000000001,46.63,6.077653980790373,0.51,0,5.446537059538275,2.1,51.0,-41.92708333333333,45.05,5.59,76.289,3.438,7.01,7,32.3,10.8,16.3,50.4,60.8,26.45,2.7,-5.86,69.5,17.13,26.3,0.0,468.329,58.0,0.0,24.2,0.263,95.0,15.8,14.95
41,200072064,CC Val-de-Cher-Controis,85.12460063897763,100.0,42.0,4.093249199858765,1.2481236765549422,64.7658555278789,2.0,34.6,22.9,10.9,8.290000000000001,3.8,10.8,32.5,40.8,13.67,9.68,18.7,86.4,0.9,31.9,1.1,1.2560139651722226,26.24319072345577,0.5582342490091567,2.5,4.21,4.04,81.2,14.6,30.2,2.84,28.2,2.0,14.519908511841814,1.2894030451869851,39.93095272757523,60.2,19.7,130.0,10.100000000000001,46.63,6.36494541065123,1.92,0,5.155624684714982,-1.3,47.0,-15.691868758915833,64.11,5.9,41.579,7.103,11.98,6,37.0,12.3,19.3,53.0,61.7,25.61,2.6,-5.16,86.8,6.24,26.52,0.0,570.888,58.0,2.0,19.5,0.426,143.0,15.8,16.65
41,200072072,CA Territoires Vendômois,98.1373322809787,98.54727614276769,42.0,4.56617148929288,1.46251319340093,75.68363136176066,2.0,34.8,20.0,7.7,15.18,-0.53,10.9,32.4,47.4,19.04,14.35,16.6,80.1,-0.8,33.25,1.0,2.416756176154672,26.641500800732096,0.8774118597838165,2.2,0.32,2.88,59.5,26.6,38.9,2.84,12.8,0.0,6.828740044141638,0.3764229946346005,36.58581744121459,57.4,21.9,126.0,10.58,46.63,5.619648851607856,0.96,2,5.574986403615701,-1.1,46.0,-27.756653992395435,70.07,2.88,72.718,2.737,6.55,6,39.3,12.2,15.4,51.1,68.2,29.67,2.8,-4.8,98.5,9.74,14.52,0.0,1579.522,59.0,1.0,22.7,0.372,139.0,15.8,15.99
41,244100293,CC des Collines du Perche,99.14529914529916,93.47826086956522,57.0,7.417629808521649,0.9476599509860336,170.4447826822256,2.0,35.0,27.3,18.3,7.75,-0.88,13.1,34.8,39.900000000000006,31.28,36.49,21.2,70.4,-8.8,36.1,0.8999999999999999,0.6796941376380629,18.78481012658228,0.0,0.6,3.42,1.7,46.6,5.7,24.4,2.84,8.3,1.0,0.0278989550573196,0.2427662106186477,41.98600466511163,54.6,16.5,140.0,16.12,46.63,5.981173452499172,5.1,0,5.366600463422707,1.5,48.0,-33.52601156069364,98.7,3.67,75.228,2.155,7.05,5,39.5,15.2,11.2,51.6,69.7,42.48,2.8,-3.81,88.5,18.92,19.83,0.0,458.181,53.0,1.0,16.6,0.208,182.0,15.8,17.22
41,244100780,CC de la Sologne des Etangs,97.36842105263158,100.0,56.0,0.5547850208044383,0.7420649362623072,50.83354584444187,2.0,35.0,21.9,17.2,6.4799999999999995,-1.15,9.4,29.8,31.6,27.1,40.64,18.0,84.4,2.8,30.96666666666667,1.3,0.8091550109813894,25.995276653171388,0.5335459014215491,1.7,0.6799999999999999,3.47,67.3,10.4,16.2,2.84,55.1,1.0,99.97622010230886,0.162592489910331,41.259377131166175,66.3,9.9,125.0,9.62,46.63,5.888618180620947,1.16,0,5.715372205577322,-8.3,47.0,-39.42307692307692,89.29,1.96,11.333,2.633,23.63,6,34.4,10.5,12.0,56.7,78.7,36.3,2.7,-1.53,50.9,17.75,23.58,0.0,70.471,58.0,0.0,21.3,0.102,144.0,15.8,14.25
41,244100798,CC du Grand Chambord,96.14661654135338,98.14814814814817,62.0,0.9526166027465052,1.4941859417999153,84.2290261536222,1.0,35.333333333333336,15.8,7.4,5.91,2.88,8.0,27.3,35.3,10.83,11.33,15.6,89.6,0.4,28.9,1.7000000000000002,2.131782945736434,32.6107257203842,4.721482683982684,2.3,0.03,2.42,76.6,18.5,39.9,2.84,58.3,0.0,68.69944560574389,0.4727053578432901,32.68408551068884,51.7,11.8,116.0,2.5,46.63,4.606944338951686,0.97,0,3.987722944559911,-7.8,47.0,-46.875,66.62,11.93,16.87,4.725,16.15,7,30.8,7.2,13.3,43.1,61.4,23.55,2.6,-3.6700000000000004,64.3,15.44,18.63,0.0,384.323,58.0,0.0,25.9,0.221,110.0,15.8,12.25
41,244100806,CC de la Sologne des Rivières,100.0,100.0,15.0,3.267592484537285,0.8797573083287369,77.81064237775647,1.0,33.333333333333336,25.9,10.1,17.06,-2.46,16.9,29.6,46.3,11.72,19.63,19.8,79.1,1.7,36.9,0.8999999999999999,0.5767012687427913,27.989749430523915,1.0607886089813805,1.3,0.69,3.84,73.4,14.2,29.6,2.84,72.2,1.0,97.23115819889236,0.2672258103607589,41.843770662132805,59.5,29.2,146.0,10.13,46.63,7.085199304440877,0.96,0,4.756741573033708,-3.8,36.0,-11.76470588235294,54.59,,5.777,0.293,19.83,6,39.6,12.3,18.1,55.9,63.8,34.6,2.7,-1.68,85.4,9.57,22.57,0.0,226.693,55.0,4.0,21.3,0.112,180.0,15.8,13.99
42,200035202,CC Charlieu-Belmont,99.27701674277016,99.5949074074074,48.0,0.1116802094966688,1.0270753125185466,46.93401253250352,1.0,37.75,19.5,7.4,6.12,-4.01,9.5,29.3,52.2,10.53,7.41,18.5,86.1,0.1,29.1,0.8999999999999999,1.623931623931624,27.33207784055242,3.542672413793104,2.1,0.01,3.42,116.4,25.9,34.1,3.79,17.8,0.0,1.4770812508924749,0.7029275593247764,38.71180298163249,59.5,15.1,125.0,11.450000000000001,42.89,4.841602353760701,1.28,0,4.254544676846743,-2.2,49.0,-10.416666666666668,86.68,2.41,61.186,0.158,16.92,6,34.3,10.3,12.2,45.0,75.9,51.79,2.5,-4.6899999999999995,70.7,7.84,22.68,0.427,276.748,59.0,0.0,23.8,0.764,113.0,11.7,13.95
42,200035731,CA Roannais Agglomération,100.0,99.4475138121547,48.0,0.0,1.12622668212741,93.02025626344988,2.0,33.666666666666664,17.9,3.2,15.229999999999999,-0.6,9.8,25.5,62.6,5.69,5.03,15.8,80.9,-0.5,25.8,1.5,3.318573209885028,34.80038888288761,2.830586664688868,2.8,0.16999999999999998,2.95,143.6,33.3,64.4,3.79,19.5,4.0,4.234066440209569,0.8286422095977954,39.03235096476913,64.0,18.6,123.0,11.51,42.89,5.812889941000385,1.57,1,3.5802307838072345,1.0,28.0,-16.353887399463808,80.5,6.9,55.711,0.258,16.53,8,42.4,15.2,15.9,41.4,63.5,45.38,2.9,-4.55,111.0,12.4,14.6,0.196,529.519,,0.0,23.3,0.573,126.0,11.7,15.03
42,200065886,CA Loire Forez Agglomération (LFA),99.1462113127001,99.58041958041956,44.0,6.402376562179882,1.1680920066523213,57.55527413320923,1.0,35.333333333333336,14.2,7.7,8.64,7.83,8.2,22.6,52.0,11.54,9.56,14.6,87.4,0.3,30.933333333333334,1.3,1.6924844781357726,32.10274542429284,0.9479245283018868,3.5,3.34,2.14,185.1,16.7,57.9,3.79,39.4,2.0,27.844545269245,0.6771748136534876,38.94097222222222,64.4,17.299999999999997,112.0,11.06,42.89,4.232768336215906,2.49,0,3.575797327211609,-0.8,34.0,-12.234432234432234,87.86,11.65,44.349,0.345,16.55,10,32.8,10.0,12.4,43.4,69.1,26.41,2.7,-5.56,66.1,12.0,18.37,1.247,272.309,62.0,4.0,25.2,0.447,95.0,11.7,14.47
42,200065894,CC de Forez-Est,99.8661311914324,99.85875706214688,47.0,0.5255664313728685,1.9332944847761468,19.913730860201667,1.0,33.111111111111114,16.400000000000002,3.9,7.93,4.23,8.4,27.1,51.5,8.51,8.24,15.7,86.0,2.3,28.83333333333333,1.3,1.1754879821820772,33.196693466198624,0.4764163669064748,3.2,0.06999999999999999,2.63,163.7,19.3,47.7,3.79,15.0,3.0,22.771999928001872,1.0785119097745104,41.61427640847737,57.7,25.7,118.0,12.870000000000001,42.89,4.31885499334729,2.01,1,3.838367180260409,-1.0,37.0,-22.16624685138539,88.5,8.63,59.421,0.426,12.46,8,33.2,9.0,10.6,41.2,81.4,27.41,2.6,-5.09,78.6,9.45,12.36,2.939,668.979,60.0,1.0,27.8,0.638,105.0,11.7,13.85
42,244200614,CC des Vals d'Aix et Isable,100.0,100.0,45.0,10.578900969732588,1.1470667281734492,0.0,1.0,34.666666666666664,22.3,11.5,4.16,-3.48,15.6,34.599999999999994,33.1,36.41,44.64,18.9,84.6,3.2,31.8,0.8999999999999999,2.6922429749284875,21.438515081206496,0.1085853012580004,2.3,6.140000000000001,1.68,150.6,12.5,30.6,3.79,20.9,0.0,14.77031622760266,0.4230496123188521,42.60199901687695,56.7,26.200000000000003,124.0,11.600000000000001,42.89,4.889948558928872,5.05,0,3.772505468618543,-5.1,66.0,1.171875,87.45,3.89,62.944,0.199,16.15,7,34.2,13.7,11.3,54.4,62.9,45.77,2.8,-4.8,71.8,18.0,26.92,0.0,108.144,56.0,0.0,22.9,0.506,118.0,11.7,14.41
42,244200622,CC des Monts du Pilat,100.0,99.375,42.0,1.2495119094103866,1.1067487071266005,627.9068109649407,1.0,26.5,16.8,14.8,7.46,0.84,9.0,31.8,45.5,24.87,18.99,16.1,85.4,0.3,29.85,1.3,4.0095712345599175,31.21375921375921,1.8369621121206927,2.6,0.67,2.59,106.3,13.6,32.1,3.79,58.2,0.0,99.83119713728044,0.2779341246099616,40.05794545569062,66.8,13.3,118.0,26.56,42.89,4.433731070373669,1.94,1,3.459730882835576,-0.5,36.0,-25.838926174496645,86.28,34.18,34.219,0.099,23.69,8,32.1,9.9,8.6,48.8,63.3,41.45,2.7,-3.4000000000000004,52.1,17.44,17.44,3.88,166.908,57.0,0.0,26.3,0.3,106.0,11.7,13.76
42,244200630,CC du Pays Entre Loire et Rhône,100.0,99.4475138121547,48.0,0.0,1.12622668212741,0.0,1.0,31.666666666666668,19.4,6.0,5.029999999999999,-1.37,11.6,33.1,40.5,20.32,20.97,18.1,85.1,0.1,29.1,1.2,0.7798652959943283,26.389501543890606,1.6422730132103165,2.7,0.12,2.84,95.4,23.5,30.0,3.79,12.7,0.0,14.92562509953814,0.7533164824373514,35.06213983197945,56.1,19.5,115.0,11.04,42.89,4.865147517759619,7.8,0,2.9489077321069272,-1.6,66.0,-17.435897435897434,86.12,13.88,68.297,0.128,15.82,7,29.9,10.2,8.0,50.4,68.3,51.54,2.5,-4.33,56.0,13.31,17.31,0.0,372.145,58.0,0.0,22.3,0.455,89.0,11.7,14.31
42,244200770,Saint-Étienne Métropole,99.93287782042236,99.5684440512089,46.0,0.0025744104374837,1.574173057797973,25.053394772274693,4.0,29.875,16.0,2.0,23.79,-0.09,10.5,20.8,68.89999999999999,2.04,1.11,15.3,73.8,-1.0,28.9,1.5,2.970321314692176,36.36470032184736,1.3035269709543569,3.6,0.12,2.85,211.2,24.1,58.1,3.79,29.2,5.0,25.79754779315207,1.2952334207869587,38.19490750731673,65.5,15.9,110.0,13.84,42.89,5.896567106886657,1.99,15,3.3387864675259182,-2.4,6.0,-24.04473438956197,16.34,19.86,35.679,0.548,15.46,10,41.8,20.0,15.7,35.3,51.7,24.33,3.3,-7.180000000000001,113.1,6.49,10.49,0.368,914.282,,4.0,21.0,0.697,88.0,11.7,18.82
42,244200820,CC du Pays d'Urfé,100.0,98.31387808041504,45.0,4.315233061028351,1.154417695737311,341.4590643274854,1.0,33.333333333333336,24.3,18.1,4.5,-1.85,12.2,29.9,33.4,34.51,49.52,19.8,81.7,1.3,29.9,0.8999999999999999,1.7633228840125392,22.11316397228637,0.0,2.5,4.3999999999999995,1.96,153.6,6.6,29.7,3.79,46.5,0.0,5.777945385626982,0.3253064621836923,49.952335557673976,56.8,11.0,130.0,21.47,42.89,5.266221295508793,5.88,0,3.714230843095832,4.3,81.0,-34.48275862068966,86.57,12.22,42.037,0.119,19.34,6,36.7,14.7,7.9,63.7,65.7,63.28,2.8,-4.33,78.3,25.36,28.09,0.0,89.609,53.0,0.0,17.8,0.251,146.0,11.7,14.57
42,244200895,CC du Pilat Rhodanien,99.54128440366972,98.2608695652174,46.0,6.982325987344535,3.367468775468027,76.162783804612,2.0,30.33333333333333,16.3,6.0,6.619999999999999,-0.41,10.1,31.0,30.6,15.11,11.62,16.2,86.2,1.7,30.8,1.6,2.3004777915413204,33.8063779463339,2.309779536461277,2.7,0.02,2.36,97.8,18.4,38.4,3.79,37.6,0.0,99.95085706386509,0.6928740880086142,40.69433268191746,54.5,22.5,104.0,10.530000000000001,42.89,4.29779843444227,1.77,1,3.3789755807027992,3.8,28.0,11.666666666666666,52.39,10.11,28.629,11.155,15.17,10,31.1,7.4,11.0,40.9,73.7,37.28,2.6,-2.55,56.5,12.5,17.29,4.129,1286.93,64.0,0.0,24.7,0.832,92.0,11.7,13.25
43,200073393,CC des Rives du Haut Allier,100.0,93.27217125382263,41.0,1.285572371881026,0.1508437492423416,97.61507165411707,1.0,37.833333333333336,23.9,26.3,4.22,5.25,16.8,35.7,37.4,37.0,38.9,19.9,77.9,0.9,25.3,0.7000000000000001,2.4975633528265107,20.211099200131937,0.2761686526122823,2.2,9.44,3.65,155.1,35.6,30.2,2.57,51.4,1.0,48.78018754640536,0.154127050919603,52.77794213360156,55.3,21.4,135.0,18.72,60.2,6.06606463878327,9.14,0,4.708293726235741,2.7,62.0,-28.191072826938136,95.4,12.13,45.139,0.189,20.26,9,41.8,17.2,11.5,66.8,77.9,67.07,2.8,-3.3000000000000003,89.3,17.37,29.73,0.0,46.743,55.0,2.0,18.5,0.219,191.0,14.1,20.22
43,200073401,CC Mézenc-Loire-Meygal,100.0,84.84848484848484,47.0,3.065603923973023,1.7336731443134754,109.81822183098592,1.0,35.25,18.2,29.6,3.1399999999999997,-2.47,12.2,31.0,42.7,25.42,27.73,17.4,83.5,1.8,29.05,0.8999999999999999,1.3999475019686762,24.786735552084583,1.4083694083694085,2.3,2.4,3.5,90.6,16.3,25.8,2.57,32.9,0.0,43.46765565782349,0.3554803732971316,47.82645827995559,70.1,12.3,122.0,28.15,60.2,4.868042588566313,7.0,2,4.461324977618621,0.8,54.0,-27.719298245614038,91.04,21.91,55.468,0.052,16.4,7,34.8,13.3,10.4,55.2,69.7,51.8,2.6,-1.9800000000000002,60.8,20.55,25.55,0.0,140.063,55.0,0.0,29.2,0.386,123.0,14.1,15.7
43,200073419,CA du Puy-en-Velay,,,43.0,,,104.48831105710812,1.0,34.875,18.1,11.1,9.64,5.02,11.8,25.4,53.7,11.67,12.21,16.3,80.3,-0.6,25.3,1.3,3.8638476678056968,32.74177848849336,2.576043790919824,3.5,1.27,3.62,166.0,19.7,63.9,2.57,37.3,1.0,47.3041776829708,0.5169289692491136,46.059868467245536,71.3,13.900000000000002,120.0,20.57,60.2,5.115399239215158,3.74,5,2.953677155542651,-0.7,38.0,-26.647058823529413,93.17,12.69,48.609,0.373,17.31,9,41.9,13.1,11.9,51.6,81.6,45.68,2.8,-4.14,105.9,18.38,19.74,0.0,415.077,58.0,1.0,25.0,0.398,122.0,14.1,16.58
43,200073427,CC Marches du Velay-Rochebaron,100.0,99.40476190476193,40.0,0.7382798080472499,1.0884226702215976,30.7012154058301,1.0,29.8,15.6,10.8,6.3,-1.9,9.6,29.9,48.0,13.29,9.05,15.6,89.3,2.0,32.8,1.1,1.053001053001053,28.934582682630573,0.0,3.4,1.77,2.55,157.6,26.4,54.3,2.57,44.1,8.0,50.358978737938685,0.810666038682378,38.856646286583285,51.3,36.2,110.0,14.29,60.2,4.160076260579468,1.28,2,3.6852099143406174,2.0,37.0,7.932011331444759,75.7,14.26,38.165,0.23,19.52,8,31.1,8.1,10.0,47.7,90.9,37.49,2.5,-4.89,78.1,14.21,29.71,1.595,675.336,62.0,0.0,28.8,0.253,88.0,14.1,14.95
43,200085728,CC Brioude Sud Auvergne,100.0,97.21416134648868,48.0,0.9636865390512068,1.217173955077807,65.74451373066314,1.0,34.666666666666664,20.3,11.2,8.39,-8.64,15.2,27.700000000000003,44.9,18.49,6.96,19.2,83.6,-0.4,32.4,1.0,2.1549144020112534,26.734676671444227,0.3852036952900196,3.2,1.08,3.59,142.5,6.4,61.4,2.57,41.0,0.0,15.068097583861132,0.312584973380026,45.57410795974383,63.8,18.0,119.0,15.98,60.2,5.994576868650063,34.12,2,4.019099590723056,-0.4,55.0,-18.426966292134832,94.38,14.89,48.29,0.427,18.39,8,40.2,15.3,17.1,59.2,74.5,57.88,2.8,-3.95,105.7,11.11,12.07,0.0,159.538,60.0,0.0,24.5,0.363,135.0,14.1,17.44
43,244300307,CC Haut Pays du Velay,100.0,97.24770642201834,42.0,0.3806261299838234,0.7089867628552124,55.17321652065081,1.0,32.0,18.5,14.4,4.95,-3.37,14.2,26.6,43.9,13.92,10.7,17.5,87.9,4.2,32.8,1.0,2.866043613707165,29.01191310441485,9.730424528301883,4.0,0.51,3.74,197.4,10.0,44.0,2.57,57.2,0.0,0.0944444444444444,0.6099848258768367,46.77005739406521,49.4,32.6,117.0,8.290000000000001,60.2,4.670320865032402,4.98,0,2.7594921104536487,-0.7,38.0,-50.70422535211267,89.58,19.86,31.379,0.148,19.68,5,33.7,10.8,10.0,59.6,92.1,52.59,2.6,-5.59,90.3,22.25,28.13,6.231,260.105,56.0,0.0,23.4,0.249,115.0,14.1,16.15
43,244301016,CC des Sucs,100.0,97.70992366412212,42.0,1.3555787278415017,1.183256955709202,543.5697521386269,1.0,29.666666666666668,19.6,16.3,8.129999999999999,2.04,11.4,32.1,48.8,15.78,10.12,19.0,87.3,0.6,32.8,0.8999999999999999,2.01832860571678,29.51397041559052,5.2323560309426025,3.2,0.52,2.18,170.0,32.7,45.0,2.57,40.9,0.0,38.81396498164361,0.7180923338322956,47.48118123914302,61.6,25.6,116.0,13.48,60.2,4.671100350788285,1.64,1,5.177207471869631,-1.9,34.0,-19.823788546255507,90.08,11.12,40.131,0.21,20.06,8,35.4,10.4,10.5,52.8,96.5,45.6,2.5,-5.83,81.6,8.44,30.22,1.636,1002.79,55.0,0.0,24.5,0.251,102.0,14.1,16.0
43,244301099,CC Auzon Communauté,100.0,97.16981132075472,48.0,0.7838014369693012,1.2109814562412575,7.567129135538954,1.0,32.5,23.1,10.7,8.06,1.39,15.0,34.8,47.6,7.96,9.33,20.8,86.4,-0.5,32.4,0.7000000000000001,2.888318356867779,26.231200235918607,0.0075093867334167,3.8,2.97,5.35,168.6,8.7,62.6,2.57,54.0,0.0,38.170699803793326,0.5104388342508166,36.07172643869892,48.0,42.5,121.0,18.3,60.2,6.339721814175543,5.35,0,3.02538560411311,-0.2,26.0,32.47863247863248,83.46,9.04,33.717,0.426,17.94,8,40.2,13.9,16.9,47.6,58.5,47.07,2.5,-7.66,71.2,10.42,17.25,0.0,427.44,58.0,0.0,21.7,0.582,127.0,14.1,15.57
43,244301107,CC du Haut Lignon,100.0,98.52941176470588,43.0,4.044774715454802,1.012222430724964,82.57089644896945,1.0,37.5,22.4,31.3,6.15,-4.15,8.9,25.8,44.8,10.67,10.29,18.3,81.5,-0.3,32.8,1.4,2.085633664581033,31.75426849681956,0.0204858062628036,4.5,0.0,3.68,192.6,14.5,41.0,2.57,43.2,0.0,2.25258346581876,0.6339070066833864,56.34140493886358,67.4,14.4,138.0,23.75,60.2,5.055465968770927,3.68,0,3.510732790525537,-1.0,48.0,-23.788546255506606,90.21,18.84,36.668,0.155,20.04,6,39.6,15.1,9.6,56.9,83.2,61.22,2.9,-6.01,87.4,18.83,38.83,1.227,46.751,56.0,0.0,21.6,0.173,170.0,14.1,17.31
43,244301123,CC des Pays de Cayres et de Pradelles,100.0,86.76470588235294,42.0,2.012072434607646,2.407881675600556,206.263209013209,1.0,33.0,21.5,39.6,1.4500000000000002,-2.78,10.3,30.5,41.900000000000006,39.25,47.88,17.299999999999997,75.7,4.3,25.3,0.7000000000000001,3.1080031080031083,22.5068870523416,4.315057915057914,1.1,6.45,5.83,171.0,14.9,46.5,2.57,32.7,0.0,37.77333945102696,0.1688501897508564,52.071455720258456,64.1,6.4,136.0,38.03,60.2,5.242058144012323,7.77,0,3.0082787832113977,-0.6,68.0,-28.7569573283859,97.35,8.83,60.285,0.412,16.73,7,40.1,18.3,9.3,76.2,51.0,50.7,2.8,-3.6999999999999997,71.6,22.1,29.15,0.0,231.851,53.0,0.0,19.8,0.273,162.0,14.1,17.38
43,244301131,CC Loire et Semène,100.0,100.0,41.0,0.0,0.8195869864697818,12.968385617407426,1.0,17.0,14.8,5.4,11.12,-1.54,9.4,22.9,60.2,6.58,3.2,14.7,89.6,0.7,28.9,0.8999999999999999,1.8583724569640063,31.379526899727864,0.0859317681584739,3.3,0.0,2.93,154.9,23.4,44.1,2.57,42.7,0.0,9.331462129717591,0.9530957738515122,33.371857844553595,51.3,22.6,110.0,10.61,60.2,4.094050870128602,2.45,0,2.779332878181996,3.1,13.0,-2.4390243902439024,37.51,10.72,40.479,0.196,19.28,7,30.2,7.7,10.5,43.0,105.4,34.23,2.5,-3.26,52.6,10.14,12.0,0.978,714.148,61.0,0.0,29.3,0.509,81.0,14.1,14.16
44,200000438,CC du Pays de Pontchâteau St-Gildas-des-Bois,99.30118798043326,99.74457215836526,58.0,1.71839301160982,1.4968593011353124,57.97631927577832,1.0,36.0,12.8,3.3,3.8699999999999997,-1.2,6.8,24.4,28.200000000000003,11.47,7.65,16.8,88.9,1.1,36.2,1.0,1.6365719273362065,27.3396164021164,0.5736753416963114,3.1,0.0,2.73,96.0,21.3,32.8,2.96,8.7,0.0,40.93886409488292,1.1337506098955987,28.11706534812241,64.4,13.3,109.0,22.85,56.54,4.232813935866639,3.82,0,3.7790034984764698,-2.5,69.0,-46.928746928746925,85.97,36.01,52.407,0.47,18.27,3,30.8,7.9,11.8,32.5,76.3,18.85,2.3,-4.95,56.7,9.22,24.11,1.637,4313.511,59.0,0.0,29.9,0.14,72.0,14.2,14.72
44,200067346,CA Pornic Agglo Pays de Retz,99.30118798043326,99.74457215836526,79.0,1.71839301160982,1.4968593011353124,22.531198940163392,1.0,32.0,12.4,32.2,4.109999999999999,21.81,3.8,21.1,25.4,7.48,3.7,14.9,84.5,-1.0,34.55,1.6,0.6786807601224512,35.3065672017099,2.181254035440132,2.8,0.0,2.6,85.4,25.0,59.7,2.96,2.9,0.0,10.527773020494378,1.134877386086168,38.8059278569607,72.0,14.499999999999998,126.0,15.52,56.54,4.34885344618235,4.77,2,4.997465843984134,0.8,38.0,-32.91316526610644,94.46,17.95,62.542,0.938,14.58,6,32.7,7.2,12.0,43.1,72.8,22.25,2.6,-5.11,64.6,7.2,30.07,0.289,2644.017,61.0,0.0,31.0,0.274,120.0,14.2,14.29
44,200067635,CA Clisson Sèvre et Maine Agglo,100.0,100.0,70.0,2.620883503627455,1.132948031481187,0.0,1.0,32.25,9.4,2.1,5.1499999999999995,9.92,4.3,22.4,37.6,3.24,3.28,12.8,82.7,-1.2,31.4,1.5,0.6822117655290639,34.84254084264832,2.103230389590967,3.2,0.02,2.1,71.3,19.4,54.4,2.96,2.2,2.0,2.0524338556383253,1.288042019541857,32.44362241867884,53.5,18.7,99.0,17.21,56.54,3.612968148632844,2.1,4,4.433674757456631,-0.4,48.0,-31.80327868852459,92.37,20.42,68.637,6.438,10.17,6,26.7,5.9,8.7,45.0,78.8,23.32,2.4,-3.05,68.4,7.88,15.63,0.175,4476.948,63.0,1.0,32.3,0.428,63.0,14.2,12.83
44,200067866,CC Sèvre et Loire,99.30118798043326,99.74457215836526,57.0,1.71839301160982,1.4968593011353124,0.0,1.0,35.0,9.8,1.5,6.8500000000000005,14.42,4.1,23.4,34.4,8.08,0.76,13.8,86.2,-0.2,31.4,1.5,0.6808169803764518,33.26153461946682,4.137699845281073,3.4,0.0,2.4,57.8,20.9,50.2,2.96,1.6,0.0,5.175396825396825,1.323572127091224,32.68945022288261,55.2,19.5,94.0,13.750000000000002,56.54,3.579563828292881,2.4,0,4.160714659302496,-6.5,36.0,-35.97222222222222,89.09,19.03,56.747,12.665,11.71,4,27.4,6.1,9.3,41.8,79.5,21.83,2.3,-3.58,60.9,5.36,25.09,0.601,2918.785,62.0,0.0,31.4,0.314,57.0,14.2,12.54
44,200071546,CC Sud Retz Atlantique,99.30118798043326,99.74457215836526,94.0,1.71839301160982,1.4968593011353124,12.472648563557655,1.0,33.25,14.099999999999998,2.8,3.9899999999999998,-0.24,7.4,27.9,26.6,15.95,12.03,17.0,85.7,0.0,32.849999999999994,1.2,0.4686218612098253,23.81443924949906,1.6330630433194535,2.6,0.0,3.12,82.9,21.7,55.5,2.96,5.2,1.0,8.50933447342169,1.1835582644833782,34.07917383820998,52.8,17.5,108.0,23.05,56.54,4.752384797277813,3.12,0,5.622083165119096,2.1,54.0,-22.330097087378643,100.01,19.89,69.092,3.305,11.82,3,30.2,9.4,12.0,43.7,72.2,21.01,2.4,-5.38,79.7,6.13,21.5,0.0,3287.053,58.0,0.0,26.8,0.192,74.0,14.2,16.4
44,200072726,CC Châteaubriant-Derval,99.30118798043326,99.74457215836526,67.0,1.71839301160982,1.4968593011353122,0.0,1.0,35.333333333333336,19.3,3.4,8.32,-0.25,10.3,29.7,32.5,17.96,15.01,18.7,84.7,3.1,34.0,1.0,0.4250844575698591,21.89102224108058,2.5288308670661617,2.6,1.39,3.58,101.9,17.4,27.3,2.96,9.0,3.0,0.0004297913250014,0.4229391735602409,36.30878746446166,55.7,22.9,115.0,12.8,56.54,5.9137156044450885,7.16,4,4.044129235618597,-2.0,57.0,-8.536585365853659,96.99,13.35,70.055,1.013,11.4,6,35.2,14.1,14.0,46.0,59.1,24.07,2.5,-5.96,91.2,10.42,14.81,0.224,1709.53,56.0,0.0,23.8,0.142,87.0,14.2,16.5
44,200072734,CC Estuaire et Sillon,99.30118798043326,99.74457215836526,50.0,1.71839301160982,1.4968593011353124,180.4710674641266,1.0,41.0,9.3,1.8,7.470000000000001,7.84,5.8,23.200000000000003,31.1,8.35,4.28,12.7,85.2,-0.3,33.8,1.6,1.1679968853416391,34.039180160797194,1.5592490217898551,3.0,0.15,2.68,64.0,19.1,39.3,2.96,3.2,2.0,26.10203235172128,0.9781280255748784,30.688032861270987,57.2,26.6,100.0,16.619999999999997,56.54,3.983254441765952,4.38,0,5.084116457122372,3.9,58.0,-23.37662337662337,83.68,25.07,68.284,0.305,19.91,4,24.2,5.7,9.6,43.4,82.6,19.83,2.4,-3.4299999999999997,65.3,6.36,28.55,0.487,4732.166,64.0,1.0,34.8,0.15,53.0,14.2,12.0
44,244400404,Nantes Métropole,99.875,100.0,59.0,5.949419394010946,5.850503475771826,100.19485188359576,3.0,25.5,9.1,3.4,20.52,10.91,5.2,18.4,54.0,0.85,0.41,13.8,57.0,-6.7,31.4,1.9,1.853852665498018,44.36356988190664,5.767107571232163,4.6,0.05,2.44,76.7,28.2,76.7,2.96,4.4,5.0,13.276291633884076,2.178190425864986,33.487558661475646,61.6,12.7,84.0,11.73,56.54,4.791475059958512,1.48,58,4.124015496031504,2.3,3.0,-11.3345521023766,8.47,27.48,23.663,5.483,16.9,5,45.3,12.8,11.8,39.0,75.8,27.22,3.4,-4.279999999999999,127.2,1.08,13.0,0.643,3082.483,,6.0,29.1,0.393,69.0,14.2,17.25
44,244400438,CC Grand Lieu Communauté,99.30118798043326,99.74457215836526,93.0,1.71839301160982,1.4968593011353124,3.7879297908151,1.0,30.33333333333333,8.200000000000001,1.3,4.97,19.06,4.8,21.9,32.800000000000004,6.37,3.78,13.3,87.8,-2.3,31.4,1.6,2.022028213240717,32.749064209617046,1.5499762695775985,2.9,0.0,2.38,73.2,24.6,48.6,2.96,2.8,0.0,17.96226540662851,2.3778879771741828,33.91730903994394,48.5,20.6,95.0,13.389999999999999,56.54,3.627112290577476,1.9,1,4.950428690659855,-1.5,36.0,-14.168937329700274,94.04,35.6,52.501,5.865,13.82,3,25.0,5.7,10.0,38.3,83.3,19.36,2.3,-4.130000000000001,65.5,6.44,22.56,0.476,3937.164,62.0,0.0,33.2,0.15,57.0,14.2,11.95
44,244400453,CC du Pays de Blain,99.30118798043326,99.74457215836526,67.0,1.71839301160982,1.4968593011353124,0.0,1.0,36.0,12.7,2.5,7.7299999999999995,2.33,6.7,28.3,29.6,18.71,2.55,15.9,86.9,2.1,31.4,1.2,0.9491042828330762,26.140416744884547,3.468102397399432,2.8,0.0,2.37,92.4,17.2,52.3,2.96,24.5,0.0,20.861177239415586,0.5737006709614514,32.627093912332924,73.2,16.8,102.0,16.38,56.54,4.9101419904931145,5.93,0,7.848336295116122,-7.2,55.0,-17.197452229299362,95.45,34.07,49.382,0.691,12.77,4,30.9,8.9,12.4,42.1,81.2,23.13,2.4,-7.21,71.6,5.75,36.25,0.0,2566.392,60.0,0.0,29.5,0.089,64.0,14.2,14.31
44,244400503,CC d'Erdre et Gesvres,99.30118798043326,99.74457215836526,57.0,1.71839301160982,1.4968593011353124,51.96528804648175,1.0,35.57142857142857,7.399999999999999,2.3,6.370000000000001,24.98,5.5,22.3,32.300000000000004,9.85,5.96,10.9,86.2,-1.4,31.4,1.7000000000000002,1.4244595864661656,34.27990526833192,4.116110019646365,3.0,0.36,2.06,84.7,21.6,52.8,2.96,3.2,0.0,4.921073293290936,1.6756530232649745,31.39964230081348,60.0,15.6,97.0,12.06,56.54,3.376366983785833,3.38,2,5.022282625873132,0.7,41.0,-23.841059602649008,92.02,22.42,61.732,0.874,14.46,4,23.0,5.4,8.9,40.2,82.6,21.46,2.5,-3.7600000000000002,51.5,5.42,23.17,0.147,2734.956,61.0,0.0,36.7,0.139,52.0,14.2,11.37
44,244400537,CC de Nozay,99.30118798043326,99.74457215836526,67.0,1.71839301160982,1.4968593011353124,141.9610165309647,2.0,32.0,14.3,2.5,4.49,0.0,7.3,28.9,21.700000000000003,20.61,11.13,17.8,85.3,-0.5,32.7,1.0,0.6095330976472022,21.677780999323478,2.966938405797101,3.0,0.22999999999999998,1.83,104.8,19.9,50.1,2.96,5.6,1.0,0.0114246336863484,0.6939504274345851,33.87087105089623,64.9,18.0,99.0,21.23,56.54,4.271780658900164,11.58,1,4.557810346987348,-2.9,61.0,-11.597938144329897,96.23,26.68,71.126,0.837,11.57,5,30.1,10.2,10.5,39.3,82.4,22.61,2.4,-4.41,54.2,12.86,31.0,0.0,4231.161,61.0,0.0,27.8,0.145,53.0,14.2,14.19
44,244400552,CC du Pays d'Ancenis,99.30118798043326,99.74457215836526,58.0,1.71839301160982,1.4968593011353124,93.42054842169338,2.0,34.285714285714285,13.1,2.9,7.969999999999999,3.84,6.8,27.500000000000004,32.1,12.78,11.32,15.4,84.1,0.0,32.75,1.3,0.7177102173226537,25.46174999458675,3.2249868582442613,2.3,0.13999999999999999,2.3,92.0,12.1,37.3,2.96,5.8,5.0,5.860272350503257,0.6816273787916353,35.102511136405155,50.3,19.6,106.0,15.58,56.54,4.160717987882276,6.46,2,5.63857955218576,1.6,52.0,-11.090047393364928,98.05,13.71,66.416,1.398,11.82,6,29.2,8.7,11.6,46.3,72.2,23.76,2.4,-5.609999999999999,87.4,11.7,15.8,1.005,3494.653,59.0,3.0,29.4,0.251,67.0,14.2,14.62
44,244400586,CC du Sud Estuaire,99.30118798043326,99.74457215836526,78.0,1.71839301160982,1.4968593011353124,0.0,1.0,32.0,12.8,20.5,5.54,8.26,4.6,20.9,33.6,5.39,9.26,15.6,88.0,0.1,37.7,1.2,2.248923729358093,34.02601142198973,4.491725389707454,2.9,2.2399999999999998,3.21,83.1,26.7,48.9,2.96,3.0,0.0,24.73596915904609,0.8252195753384216,32.65945776524056,63.8,25.0,118.0,11.04,56.54,4.736696209603347,2.25,0,6.771028037383178,-3.6,52.0,-24.62121212121212,87.17,20.39,58.723,0.554,20.14,4,34.9,7.9,13.7,38.5,85.0,18.79,2.5,-3.55,71.5,11.33,21.0,0.321,3653.659,60.0,1.0,27.6,0.153,109.0,14.2,14.42
44,244400610,CA de la Presqu'île de Guérande Atlantique (Cap Atlantique),100.0,100.0,52.0,2.423850690797447,1.616935225777335,243.7044733233201,1.0,39.0,15.8,47.6,8.7,16.36,3.9,23.8,38.5,6.77,5.79,14.8,83.1,-1.5,36.95,2.0,2.9477261317852403,44.329021964219024,3.8551793444650575,3.8,0.0,3.86,97.9,27.2,68.5,2.96,7.8,0.0,62.863029407267724,1.335727062100266,49.396185245099886,72.5,13.7,149.0,10.74,56.54,4.447117619934142,3.22,3,5.088959725700816,2.4,27.0,-1.7177914110429449,74.55,21.73,39.616,0.691,14.8,6,37.5,8.5,12.8,47.8,86.7,25.32,3.1,-3.9,86.6,6.53,28.6,0.257,2451.751,60.0,1.0,35.8,0.199,191.0,14.2,14.56
44,244400644,CA de la Région Nazairienne et de l'Estuaire (CARENE),100.0,100.0,48.0,0.1520777624291888,3.8648280522991354,0.0,3.0,33.666666666666664,12.2,12.4,20.979999999999997,4.26,6.5,20.3,55.900000000000006,3.35,1.99,17.1,78.9,-3.0,36.2,1.6,4.348256509058233,40.80503744214342,2.998269853735153,3.5,0.0,2.97,103.2,28.8,65.6,2.96,1.7,11.0,72.63212993150479,1.2675350237142446,32.609344678310194,52.9,31.7,112.0,11.3,56.54,5.631878958479944,3.12,9,4.334776736055935,1.9,24.0,28.04878048780488,35.98,14.99,29.907,0.386,20.28,6,42.3,13.2,15.8,38.5,72.6,19.96,2.9,-5.25,126.0,5.4,13.5,0.228,6934.319,62.0,8.0,31.9,0.174,104.0,14.2,17.39
45,200005932,CC des Portes de Sologne,100.0,98.68421052631578,70.0,1.0147133434804667,1.1301342967093375,68.20856922285127,2.0,34.0,14.4,6.1,10.39,1.87,7.6,28.4,38.2,10.91,12.88,13.8,86.4,1.5,29.1,1.3,0.127762872109365,34.34168564920274,0.7404537908135032,2.4,0.18,3.19,106.2,17.9,34.5,3.32,68.4,0.0,90.44623089088034,0.4430924253236341,34.57546579967488,51.4,29.9,111.0,7.9799999999999995,47.61,4.872008348794063,0.64,0,4.452207792207792,-23.3,27.0,15.0,35.56,,5.497,2.5,19.04,6,30.8,6.9,11.5,52.2,61.4,35.71,2.7,-3.2399999999999998,60.9,9.71,25.86,0.0,900.338,59.0,1.0,28.9,0.146,95.0,12.9,11.18
45,200035764,CC de la Beauce Loirétaine,68.58638743455498,82.43559718969556,4.0,1.231206191208276,1.0559905924378663,54.96039194852724,2.0,35.25,14.499999999999998,2.5,9.42,3.48,8.0,28.6,40.900000000000006,22.78,19.5,14.8,83.4,-1.4,29.1,1.3,0.353128126655288,31.956192680972308,1.3631736984070435,1.4,0.35000000000000003,1.77,49.2,10.3,23.2,3.32,11.2,1.0,7.34739336492891,0.5497629430010019,30.25911541359921,54.9,26.0,95.0,13.8,47.61,4.686556148276713,0.59,1,6.0092311357274735,-1.3,66.0,-10.543130990415335,37.38,1.33,83.499,3.223,5.5,4,27.3,7.9,13.9,53.1,82.4,26.48,2.4,-6.05,101.8,8.43,18.09,0.0,2195.815,58.0,2.0,23.5,0.313,66.0,12.9,15.49
45,200066280,CC du Pithiverais,99.04175222450375,99.58391123439668,4.0,0.4782400765184122,2.66520472855796,66.03608600383457,3.0,36.0,18.2,6.5,16.13,-1.37,8.3,29.1,42.9,13.14,10.98,17.5,83.0,0.2,41.6,1.1,0.4468428831677723,28.35764857326754,1.2337992964265878,1.0,0.0,2.41,75.7,7.7,18.6,3.32,13.4,5.0,7.793424267100978,0.6788624942440878,33.64542637747542,53.6,26.9,107.0,13.13,47.61,6.1749663707290825,1.72,2,5.114158534497517,4.0,62.0,-18.13186813186813,39.69,1.89,76.657,0.581,5.37,4,33.6,12.8,17.5,45.8,57.0,29.11,2.7,-8.09,91.4,10.13,10.52,0.344,1100.296,60.0,4.0,20.0,0.209,81.0,12.9,14.0
45,200067668,"CC de la Cléry, du Betz et de l'Ouanne",81.31868131868131,99.36305732484075,48.0,0.7768232498629135,2.9703327087445928,127.69818873211248,2.0,32.25,23.5,13.5,7.57,-1.12,11.7,29.5,29.6,29.79,24.75,19.7,85.4,1.4,37.65,0.8999999999999999,0.0,24.81341957495202,0.0829,1.3,2.09,2.0,97.9,15.3,10.7,3.32,15.8,0.0,0.3785945686517618,0.2807654445461071,35.23646165155599,54.0,28.8,126.0,6.5600000000000005,47.61,7.054869936879051,1.0,1,5.885426986328512,-2.4,62.0,-8.945686900958465,72.48,5.03,63.237,2.293,6.0,4,36.7,13.6,20.0,49.5,52.6,33.23,2.8,-6.419999999999999,56.6,11.83,18.78,0.0,240.627,57.0,1.0,14.5,0.393,124.0,12.9,14.02
45,200067676,CC Canaux et Forêts en Gâtinais,91.55206286836936,98.83040935672514,72.0,0.7611348783496497,1.098232837252242,85.87396497398696,2.0,31.5,23.200000000000003,11.8,9.950000000000001,-2.9,10.7,32.1,30.2,22.51,25.81,19.6,86.0,1.6,39.45,0.8999999999999999,0.2559602164692115,27.03195367788977,4.985156428408313,1.2,0.32,2.19,74.1,14.3,10.6,3.32,22.8,3.0,6.858677510795561,0.3585684976534142,33.47894586078488,58.7,21.9,124.0,13.74,47.61,6.305509322631493,1.1,1,6.018365272938444,3.5,54.0,-18.2,91.5,3.55,57.037,2.173,7.51,5,36.0,13.2,16.8,50.7,56.9,33.17,2.8,-4.88,61.3,13.37,22.74,0.0,229.519,59.0,0.0,17.1,0.374,115.0,12.9,14.62
45,200068278,CC Berry Loire Puisaye,89.84932593180017,99.42263279445729,79.0,2.461400760796599,1.332089344995414,76.84510392478903,2.0,32.0,24.1,13.0,14.32,-10.19,12.8,31.4,44.7,17.71,14.8,20.4,84.7,-0.6,31.9,1.0,0.2282453637660484,25.524229074889867,5.154544185397179,1.4,0.64,2.85,89.9,17.5,35.9,3.32,27.3,1.0,4.01870312868842,0.3231326172359963,35.34502135311306,60.4,17.1,135.0,10.82,47.61,7.223126668197909,1.71,0,4.485779231579531,-10.3,38.0,-41.2751677852349,98.45,6.62,49.286,1.917,10.36,6,39.0,15.5,17.1,44.7,52.7,33.32,3.0,-6.5,66.7,14.1,21.3,0.0,280.962,58.0,1.0,18.2,0.238,140.0,12.9,15.06
45,200070100,CC du Val de Sully,90.45226130653266,99.56140350877192,61.0,0.2704895861509332,1.6915577271862627,71.63594966053982,2.0,33.333333333333336,18.6,8.9,10.209999999999999,-2.0,11.9,26.0,35.4,13.21,9.72,16.900000000000002,87.7,3.6,30.5,1.4,0.5813712055147211,27.51804947331045,3.296249532360644,2.1,3.49,2.49,83.2,12.8,19.5,3.32,41.9,5.0,65.83074774532237,0.4918490945615476,34.65689268987986,40.5,13.7,113.0,4.760000000000001,47.61,5.760507446221731,1.25,0,5.103718756350335,-3.8,51.0,-23.444976076555022,76.43,6.48,26.874,1.953,17.05,5,32.9,11.8,18.1,45.9,58.9,31.27,2.8,-6.43,90.7,9.21,26.0,0.415,946.854,60.0,1.0,23.3,0.142,97.0,12.9,13.04
45,200070183,CC des Terres du Val de Loire,91.74041297935102,100.0,24.0,2.238292011019284,1.5810643078228352,62.75327132906551,2.0,36.5,15.6,4.3,7.8100000000000005,5.8,7.4,26.5,48.8,8.24,8.99,14.3,84.9,0.3,29.1,1.5,0.4992212149047486,32.75620167766202,1.8410701835928425,2.2,0.38,2.0,69.0,15.2,16.5,3.32,13.5,0.0,6.54846992719693,0.7850867626554214,34.052701540386266,61.1,13.900000000000002,108.0,8.97,47.61,4.549238429221819,1.4,1,4.757967269595176,1.0,47.0,-27.5390625,40.26,2.01,69.733,3.228,6.72,7,29.5,7.7,11.8,40.8,68.0,28.66,2.6,-3.51,56.8,9.28,25.56,0.0,901.361,62.0,3.0,27.9,0.303,85.0,12.9,13.17
45,200071850,CC du Pithiverais-Gâtinais,98.71794871794872,100.0,35.0,0.0409077047802512,2.4603950985976657,83.1451631815517,3.0,36.0,19.7,9.3,9.25,-5.2,9.0,31.4,36.3,11.83,21.77,17.4,82.6,2.1,39.45,0.8999999999999999,0.5472811852546812,27.01968361309021,0.6795965475712564,1.4,0.02,1.56,76.2,7.1,15.8,3.32,9.6,0.0,6.049625446582921,0.6635259774243664,31.463852888328173,49.9,16.5,113.0,5.36,47.61,6.368652134792007,2.35,0,6.393885859128965,0.4,60.0,-29.775280898876407,43.93,2.97,72.89,1.768,5.83,5,32.8,12.3,15.4,46.9,58.7,29.2,2.7,-6.41,67.3,11.77,18.1,0.391,417.097,61.0,4.0,19.6,0.489,92.0,12.9,14.3
45,244500203,CA Montargoise et Rives du Loing (AME),86.6845397676497,100.0,69.0,0.9111786058226536,3.2212396221924777,70.56380588094669,5.0,28.5,19.1,2.5,25.650000000000002,0.33,9.8,24.6,54.29999999999999,3.67,0.42,15.5,77.5,-1.8,37.3,1.4,4.476972169743923,33.21574905706455,3.94403735632184,2.0,0.0,2.7,134.5,12.6,45.4,3.32,25.3,2.0,0.0,1.6858026170897458,37.65297000708979,67.4,16.1,121.0,10.76,47.61,6.8106077127384825,1.27,4,4.452539731002234,-11.6,16.0,-26.277372262773724,28.65,6.37,35.317,1.944,6.55,5,40.2,21.5,23.5,36.7,51.3,28.13,3.3,-7.32,116.1,5.07,8.87,0.159,490.737,61.0,0.0,17.9,0.554,97.0,12.9,15.91
45,244500211,CC Giennoises,98.77300613496932,100.0,64.0,0.7005030885817997,1.3863968709965682,97.03864995018266,3.0,31.0,20.0,6.2,17.630000000000003,-9.74,13.6,29.0,47.5,12.91,8.51,17.4,83.5,-0.9,34.599999999999994,1.2,0.4555808656036446,27.84745328896852,2.1939490599777685,1.8,1.68,2.48,94.3,6.2,38.5,3.32,39.6,0.0,8.548944973107158,0.7378338090136973,36.79024311444956,58.5,10.2,122.0,9.32,47.61,7.047077988427562,1.66,2,4.874647484366698,-8.1,36.0,-17.532467532467532,60.54,1.73,30.861,1.662,11.77,5,36.6,17.7,20.9,46.8,54.6,35.54,3.1,-9.2,121.4,10.82,10.73,0.0,590.421,59.0,0.0,24.4,0.19,108.0,12.9,14.72
45,244500419,CC des Quatre Vallées,80.12820512820514,97.95918367346938,52.0,1.3440860215053765,3.379984051636965,62.31973577471317,2.0,32.166666666666664,18.4,10.9,4.9399999999999995,-0.27,8.6,28.9,33.3,14.16,15.49,16.0,83.4,3.3,39.45,0.8999999999999999,0.463231036479444,27.2995283018868,1.171882408724514,1.2,0.83,2.32,98.6,11.4,24.4,3.32,15.2,0.0,0.3648224377311099,0.6089382248532467,33.64401000227324,58.3,23.9,120.0,17.96,47.61,6.403314894285549,0.58,0,4.870521502575679,1.3,50.0,-46.66666666666666,42.98,0.21,70.926,2.73,5.79,4,32.1,10.4,18.2,42.8,50.4,30.28,2.7,-5.680000000000001,49.7,8.55,19.55,0.0,431.916,62.0,0.0,16.0,0.346,100.0,12.9,12.35
45,244500427,CC des Loges,99.4413407821229,98.158379373849,47.0,1.0037338900710644,1.3416918937185525,79.20078393171909,2.0,34.0,13.7,4.1,8.94,6.97,7.3,25.6,38.4,6.19,5.48,13.7,89.2,1.2,30.5,1.4,0.4393469916292836,31.416032184060903,2.8668001525553013,2.4,0.05,2.77,94.1,15.9,25.6,3.32,46.4,1.0,38.99602994760981,1.4599341907850716,31.25495795652864,50.9,29.7,107.0,6.569999999999999,47.61,4.454522877885832,0.46,1,5.252427871016406,-0.1,29.0,20.30075187969925,64.14,5.63,30.924,2.09,12.64,5,29.1,8.0,11.8,45.1,69.2,28.44,2.6,-4.24,55.9,8.45,26.55,0.462,883.026,62.0,0.0,29.8,0.242,79.0,12.9,11.44
45,244500468,Orléans Métropole,92.98085688240656,100.0,35.0,1.121269943213446,4.284056330307281,64.18989318529731,5.0,25.0,11.7,2.5,22.11,3.91,7.6,21.4,53.7,1.15,0.18,13.0,67.4,-2.6,29.1,1.9,2.335931461183016,40.402321736717,6.373033139387807,2.7,0.13999999999999999,2.59,83.9,22.1,63.1,3.32,22.9,4.0,8.98753912654643,3.4482907161663148,32.398381583164195,64.2,13.7,99.0,10.780000000000001,47.61,5.001915483267804,1.67,18,3.2394917864834163,-11.8,4.0,-26.910299003322255,6.21,6.38,20.48,4.947,9.65,5,41.9,15.8,14.8,37.2,60.0,34.96,3.4,-4.0,124.4,2.14,7.27,0.102,1443.022,,5.0,26.2,0.746,73.0,12.9,17.65
45,244500484,CC de la Forêt,100.0,100.0,6.0,0.0,,59.25764665601461,1.0,42.0,9.9,2.1,8.36,-0.51,5.4,26.1,41.4,13.66,13.08,12.3,89.7,0.3,35.35,1.2,0.8522243054371911,31.896272285251214,0.5769674971126877,1.3,0.0,2.27,57.0,13.9,23.7,3.32,31.3,0.0,7.609661697247707,1.6936476846823412,29.33140021189985,60.4,21.6,101.0,7.049999999999999,47.61,4.2648743051940405,0.57,0,3.994181262489714,-4.0,58.0,-29.559748427672957,37.89,2.08,54.866,2.595,6.02,4,24.6,6.4,11.1,48.0,75.3,22.84,2.4,-2.88,42.9,6.8,19.0,0.0,647.967,59.0,2.0,33.7,0.322,67.0,12.9,11.0
45,244500542,CC de la Plaine du Nord Loiret,,,0.0,,,67.78364038319823,2.0,36.25,16.900000000000002,5.3,4.25,-0.83,9.7,29.5,40.2,29.57,28.25,15.1,89.1,4.3,35.35,1.0,0.1488316713796696,25.39848993288591,0.0,1.5,0.0,2.98,66.7,10.3,24.3,3.32,0.7,2.0,4.0112314480545525e-05,0.1927932290191976,33.56194367430322,52.8,20.7,99.0,8.77,47.61,5.829865792694311,1.49,0,5.577464788732394,-1.2,99.0,-21.296296296296298,40.6,3.2,93.412,2.778,5.35,4,29.3,7.5,16.9,51.4,40.4,27.68,2.4,-4.9399999999999995,35.6,15.53,19.07,0.0,417.335,61.0,4.0,20.0,0.212,77.0,12.9,12.04
46,200023737,CA du Grand Cahors,99.49109414758269,99.68109339407744,74.0,7.222613691799014,2.320062946302059,108.92360551632623,2.0,34.666666666666664,17.4,9.5,13.059999999999999,7.65,10.2,25.5,50.4,16.87,12.07,15.9,77.5,-2.9,41.3,1.6,4.941321803582459,34.0904454267256,1.361890510038658,3.0,4.36,3.09,174.3,17.2,73.5,2.35,62.9,0.0,29.118175547218065,0.477158987300436,52.87920864795392,77.8,7.1,125.0,16.35,49.76,6.517611595337688,4.28,8,4.84294918024905,3.2,51.0,-11.486486486486488,53.35,26.57,18.582,2.611,23.07,6,42.4,14.8,18.0,51.9,57.5,42.98,3.0,0.3,120.5,16.53,16.53,0.238,178.559,59.0,0.0,28.3,0.516,141.0,18.7,16.94
46,200035327,CC Cazals-Salviac,99.5114006514658,99.9163879598662,74.0,13.984922889943666,1.819380212770625,69.0079866270431,1.0,36.0,21.4,27.5,1.4000000000000001,0.0,9.7,33.1,30.9,36.7,42.97,16.6,84.1,-1.3,41.3,1.0,0.1840942562592047,26.828075324040103,0.4794285714285714,1.8,1.04,3.68,123.9,1.9,22.1,2.35,56.9,1.0,53.68523855267371,0.1161046958394605,60.66076909189384,64.5,16.2,160.0,6.16,49.76,6.471787314627122,5.52,0,5.95108289768484,2.3,71.0,26.751592356687897,89.03,17.73,26.588,0.325,26.34,6,35.2,20.0,17.7,70.7,44.0,41.24,3.3,-4.64,63.2,20.53,21.73,0.0,18.054,55.0,0.0,15.8,0.474,237.0,18.7,14.81
46,200039519,CC du Quercy Blanc,98.5645933014354,100.0,82.0,2.6871707550683763,1.67436112848992,37.2733039875712,2.0,35.666666666666664,20.5,20.8,2.33,-9.89,9.4,31.7,38.3,42.69,43.5,17.0,82.1,4.4,41.3,1.0,1.4278296988577364,23.18484742195721,0.0,2.2,29.110000000000003,2.6,138.3,5.6,6.8,2.35,28.1,0.0,1.850891254934801,0.1971565348727001,51.07084019769358,59.9,8.5,142.0,22.220000000000002,49.76,6.065488507870815,7.79,1,5.323460941541645,-1.9,74.0,-16.63286004056795,100.0,20.28,57.979,2.258,11.53,5,34.5,18.4,14.3,58.5,68.3,41.02,3.2,-3.34,66.3,23.67,25.0,0.0,91.243,56.0,0.0,22.9,0.571,202.0,18.7,18.25
46,200066371,CC Causses et Vallée de la Dordogne,98.397212543554,99.54093343534812,58.0,5.773057026538921,2.0526809012343303,186.1079876737535,2.0,34.714285714285715,21.2,20.4,4.37,1.26,11.0,30.0,35.50000000000001,20.93,19.18,17.7,83.0,-0.2,32.8,1.3,1.2356575463371575,26.925169245647968,0.0973144518228125,3.1,1.48,3.97,136.0,10.8,49.3,2.35,47.5,0.0,100.0025290023202,0.3229622334188923,54.88222698072805,56.7,29.7,135.0,13.29,49.76,6.305383217446271,3.97,2,4.882300884955752,-6.7,48.0,-20.100502512562816,89.16,10.73,45.049,0.353,21.84,7,38.8,14.8,16.7,63.0,68.7,45.04,2.9,-3.92,102.0,13.26,17.52,0.0,127.195,56.0,1.0,24.2,0.559,177.0,18.7,16.2
46,200067361,CC Grand-Figeac,95.60059317844784,99.0547263681592,63.0,3.9277191206248183,1.437951610256426,103.12670591994156,1.0,33.55555555555556,20.3,16.4,5.489999999999999,4.46,11.4,29.8,43.4,27.83,22.62,17.8,82.5,-0.6,34.63333333333333,1.2,2.982424187232492,27.39695972418116,0.6908560311284048,2.5,2.4899999999999998,2.96,144.6,28.1,39.4,2.35,46.8,0.0,53.72884033273417,0.2846470836150164,50.62762426081031,60.2,29.7,127.0,17.07,49.76,5.475553248304005,4.78,1,3.897928722329384,-1.2,61.0,-20.58359621451104,87.52,9.91,49.245,0.206,21.0,6,40.0,14.8,14.0,57.4,66.2,57.24,2.9,-3.8899999999999997,102.1,17.89,17.89,0.228,792.719,56.0,1.0,25.0,0.478,160.0,18.7,15.86
46,244600433,CC de la Vallée du Lot et du Vignoble,99.87174005985464,100.0,76.0,14.453744330961248,1.931269017842712,204.85338034010783,2.0,35.333333333333336,21.7,21.3,3.63,-2.26,8.5,27.9,40.1,20.45,20.98,16.900000000000002,82.7,-0.2,41.3,1.3,1.3777900248002206,27.214884797069317,2.8702439024390243,2.4,0.03,2.07,172.4,11.5,24.9,2.35,46.4,0.0,0.0927390950961798,0.2963734995403583,51.49344506014327,65.2,13.8,160.0,18.35,49.76,6.934321241585638,11.71,0,4.765913474786442,-7.7,73.0,-14.058956916099774,97.56,29.94,27.778,13.641,16.58,6,39.0,15.9,17.6,61.0,52.2,42.57,3.0,-2.82,87.8,17.96,29.89,0.0,26.355,55.0,0.0,20.6,0.629,226.0,18.7,18.06
46,244600482,CC Quercy - Bouriane,99.32432432432432,100.0,80.0,0.1096882112594948,1.6718761678002114,30.899572011545736,1.0,34.0,20.7,19.5,3.8699999999999997,-5.8,11.1,28.3,37.0,28.23,19.34,17.2,83.1,-2.2,37.05,1.1,0.0975895384014833,27.491630182848315,0.4218181818181817,3.7,4.04,4.88,173.0,1.8,27.1,2.35,48.2,0.0,90.06755967825636,0.3410775466502228,57.25951951381635,74.9,14.9,152.0,11.24,49.76,6.640951908775409,2.93,1,5.051165096678235,-5.7,53.0,-46.96356275303644,87.96,9.28,33.383,0.339,25.69,6,39.7,15.9,16.8,59.0,79.2,42.06,3.0,-2.0500000000000003,100.2,12.05,12.05,0.0,38.933,58.0,0.0,22.7,0.49,235.0,18.7,15.81
46,244600532,CC du Pays de Lalbenque-Limogne,99.17355371900828,100.0,77.0,11.357247273136174,1.7268764906964966,78.15864119867322,1.0,31.666666666666668,15.9,23.7,0.89,0.0,7.1,28.5,31.0,38.94,49.15,15.3,84.9,3.3,35.55,1.2,2.2507314877335136,25.08009153318078,0.0134831460674157,2.9,15.42,2.25,161.5,7.7,26.2,2.35,54.4,0.0,96.85710429834228,0.2268913495736657,52.97285415979778,65.0,9.6,136.0,12.839999999999998,49.76,5.853453838447302,4.5,0,5.3102341614168544,10.0,80.0,-11.785714285714285,100.0,9.02,43.785,0.666,20.51,6,35.4,15.4,14.9,65.2,60.3,47.94,3.0,-4.3,51.8,23.87,25.52,0.0,47.258,57.0,0.0,24.2,0.264,159.0,18.7,15.76
46,244600573,CC du Causse de Labastide Murat,98.22485207100593,98.4189723320158,67.0,0.0,1.894419611669873,8.793772332822869,3.0,33.8,22.3,34.5,3.2800000000000002,0.0,7.3,29.9,39.4,55.61,62.99,17.5,82.7,3.1,34.63333333333333,1.1,0.0,22.728971962616825,0.2226190476190476,1.7,10.040000000000001,2.55,88.1,2.1,14.4,2.35,50.8,0.0,99.99358078991946,0.1268925229130751,56.196688409433015,71.6,4.9,147.0,43.79,49.76,5.989504932407746,5.11,0,5.4286445012787725,-5.1,84.0,16.77018633540373,87.93,19.59,57.171,0.176,28.96,6,39.5,16.5,14.3,69.6,49.9,57.47,3.1,-7.13,75.5,26.71,26.71,0.0,933.266,53.0,0.0,11.9,0.363,242.0,18.7,16.41
47,200023307,CA du Grand Villeneuvois,99.52662721893492,99.73045822102424,70.0,22.53532205256275,1.2654337465569012,64.5313953733134,2.0,30.5,19.3,3.0,5.58,3.41,12.7,26.9,46.1,9.89,4.31,16.3,88.0,1.2,32.25,1.4,2.233867095346458,30.239658067470614,2.4090408896096376,2.6,0.05,3.34,195.8,27.7,49.3,3.34,7.6,3.0,0.2515237479987641,1.3007167943596252,42.35031005387822,65.1,13.6,128.0,13.209999999999999,50.66,7.012773602419379,1.46,3,5.032613707818068,-8.2,30.0,2.123142250530785,64.12,11.34,48.719,4.497,10.12,6,39.2,19.8,21.2,45.4,62.6,29.5,3.1,-3.5999999999999996,109.1,12.37,12.37,2.505,658.737,60.0,1.0,26.1,0.918,131.0,16.0,18.92
47,200030674,CA Val de Garonne Agglomération,99.5331704292644,99.73417511214488,66.0,22.406949839605144,1.273509568081078,85.20378635782906,2.0,34.333333333333336,20.0,3.3,5.57,2.87,10.3,28.6,43.6,11.6,6.09,17.9,83.7,0.4,35.0,1.1,1.9443071346185532,28.3424223208624,2.5228663648558016,2.6,0.47000000000000003,3.46,168.2,15.4,41.9,3.34,10.6,4.0,2.3142563552696243,0.9819843319251804,43.73412226259768,59.5,18.9,125.0,14.11,50.66,6.857673223273464,2.8,4,5.36859852826365,-1.8,43.0,-26.01054481546573,57.01,5.72,57.817,3.964,8.53,6,38.0,18.2,18.1,49.9,64.2,26.58,3.0,-7.5200000000000005,104.7,8.95,13.05,0.33,296.17,59.0,2.0,24.7,0.876,131.0,16.0,18.2
47,200036523,CC des Bastides en Haut Agenais Périgord,99.52662721893492,99.73045822102424,66.0,22.53532205256275,1.2654337465569012,56.64550108868357,1.0,37.4,22.0,17.3,0.96,-1.3,11.5,34.9,30.6,36.46,32.81,17.8,83.7,3.0,32.6,1.1,0.2938583602703497,22.954719225214514,0.1812130177514793,2.3,6.4399999999999995,2.35,104.0,13.1,10.0,3.34,12.0,0.0,0.0006208884618227,0.4422651212276419,51.38840880285747,57.9,13.8,140.0,17.36,50.66,6.879497292403641,3.53,1,5.719985917145875,0.9,70.0,-23.65010799136069,100.0,19.82,67.678,2.656,10.79,5,34.7,18.6,16.4,60.6,56.0,32.85,3.0,-6.04,76.0,21.79,25.74,0.588,50.121,56.0,1.0,22.9,0.728,170.0,16.0,20.83
47,200068922,CC du Confluent et des Coteaux de Prayssas,99.52662721893492,99.73045822102424,65.0,22.53532205256275,1.2654337465569012,101.88759776536313,2.0,33.6,18.9,5.9,1.5599999999999998,0.83,13.9,33.7,34.5,25.61,25.51,16.3,87.9,3.6,33.166666666666664,1.3,0.168842863574966,22.762913264893708,2.273975368463557,2.6,2.71,3.38,137.9,22.9,23.3,3.34,8.9,0.0,1.5468942552243112,0.6224570336983531,41.2286013100677,49.3,12.7,122.0,17.130000000000003,50.66,6.741292951009948,2.81,0,5.191558972681171,-4.0,60.0,-37.40340030911901,100.01,12.77,57.617,5.056,9.97,7,31.6,19.6,17.8,56.7,48.3,34.78,3.2,-9.24,79.1,11.34,24.45,3.94,144.218,58.0,0.0,23.2,1.066,119.0,16.0,23.14
47,200068930,CC Fumel Vallée du Lot,99.56437965988104,99.7530395136778,63.0,22.184586229793734,1.388867632364419,18.453958062418724,1.0,32.333333333333336,23.6,9.6,3.6700000000000004,-7.41,11.5,31.0,44.0,19.3,12.03,18.3,88.2,1.4,32.25,1.0,0.7723263281980406,23.15079316841913,0.7137441213168251,1.9,2.03,4.47,125.1,17.9,27.2,3.34,31.4,0.0,4.340452316798445,0.6675774094219592,48.84370015948964,67.0,19.1,150.0,11.559999999999999,50.66,7.759059916872928,2.03,0,5.644573389996731,-3.1,44.0,-16.363636363636363,100.0,17.92,41.737,2.957,12.19,7,36.5,19.1,18.2,52.1,67.8,29.39,2.9,-4.5600000000000005,79.2,13.7,24.85,0.813,74.163,59.0,1.0,19.3,0.837,174.0,16.0,20.1
47,200068948,CC Albret Communauté,99.52662721893492,99.73045822102424,37.0,22.53532205256275,1.2654337465569012,108.67224843375358,1.0,37.0,22.0,9.1,1.8800000000000001,7.62,14.0,33.300000000000004,40.1,24.12,20.84,17.599999999999998,85.8,2.4,31.9,1.2,0.7732158045310445,26.06367830494959,2.412332439678284,2.9,0.8500000000000001,4.64,135.4,25.3,23.2,3.34,28.2,0.0,2.1013556094879258,0.4256475665399993,42.7235316124205,57.2,10.7,138.0,14.82,50.66,6.7322642693441015,1.16,2,4.112070282658518,-1.7,45.0,-16.867469879518072,88.84,11.33,52.311,4.34,8.85,7,36.3,16.6,15.1,55.9,68.7,40.21,3.0,-4.7,78.4,12.52,22.18,0.387,344.183,58.0,0.0,23.9,0.714,153.0,16.0,19.94
47,200096956,CA Agglomération d'Agen,99.63235294117648,100.0,58.0,9.526553346778066,5.035540290981066,89.35173675307816,2.0,32.5,19.3,4.0,15.21,3.1,10.5,24.5,49.8,9.38,5.07,16.8,81.5,-0.3,31.9,2.0,4.885625251899692,37.33968002115562,4.125491044676744,3.0,0.7799999999999999,2.95,189.9,31.8,60.5,3.34,6.9,1.0,1.3914309356707222,1.3193312001555135,43.64373792612954,68.1,14.099999999999998,107.0,13.239999999999998,50.66,,2.65,9,,-1.9,26.0,-28.4325637910085,56.56,14.4,56.949,2.37,9.62,6,41.7,15.8,16.0,44.3,66.2,30.79,3.1,-5.07,116.1,12.3,14.14,0.295,1070.67,,3.0,26.1,1.234,102.0,16.0,17.1
47,244700449,CC du Pays de Duras,99.52662721893492,99.73045822102424,65.0,22.53532205256275,1.2654337465569012,182.8751525719268,1.0,37.5,21.3,18.5,0.38,0.0,10.4,31.2,31.5,34.04,37.75,17.0,80.8,7.3,34.85,1.5,0.0,23.16414686825054,0.2061674008810572,2.4,0.32,1.75,117.9,13.7,33.0,3.34,13.4,0.0,7.845293651492471,0.457820835777512,56.35491606714629,49.5,4.0,141.0,4.07,50.66,6.691550507443334,3.49,0,6.942049223250131,2.5,81.0,-22.32558139534884,100.0,16.71,68.183,5.998,9.82,4,34.8,20.5,18.2,59.3,57.0,40.84,3.3,-5.64,76.6,16.65,20.76,3.49,13.703,55.0,0.0,20.1,0.828,179.0,16.0,25.42
47,244700464,CC du Pays de Lauzun,99.52662721893492,99.73045822102424,66.0,22.53532205256275,1.2654337465569012,94.36079380445304,2.0,40.333333333333336,26.700000000000003,9.7,2.2800000000000002,0.0,12.6,30.7,38.1,22.61,22.41,20.5,83.0,1.8,35.0,1.0,0.193012931866435,25.782017113199608,0.0706967213114754,1.2,0.06999999999999999,4.83,112.1,13.3,49.9,3.34,9.2,0.0,0.1545614681905698,0.5391574519157071,46.06435875785721,62.1,9.6,159.0,20.200000000000003,50.66,7.559203573830338,2.9,0,4.963493130944375,1.6,43.0,-0.6666666666666667,100.0,14.05,61.563,2.765,8.79,4,37.1,19.1,21.4,61.7,59.6,30.3,2.9,-8.01,79.3,7.0,24.4,0.965,60.981,56.0,0.0,19.6,1.152,217.0,16.0,19.18
47,244701355,CC des Coteaux et Landes de Gascogne,99.53179867342958,99.73325429756966,44.0,22.43264933762794,1.2707337277287982,95.9168074664092,2.0,35.5,21.6,10.9,5.2,-0.64,10.6,26.1,33.2,29.42,13.33,18.2,87.3,-2.5,33.45,1.4,0.5559968228752978,27.094046394697752,3.8007043028502254,2.9,1.05,3.18,135.3,9.5,41.9,3.34,72.2,3.0,0.9622271523652758,0.4022458103319663,42.31069476971116,63.8,12.3,140.0,14.7,50.66,6.943577068274942,2.38,1,4.673219465033839,-3.6,66.0,-16.943521594684384,77.25,6.75,16.347,3.544,9.38,5,36.5,16.5,17.2,65.4,60.5,36.06,3.0,-3.8600000000000003,78.6,10.7,27.07,2.383,240.437,53.0,0.0,21.4,0.418,180.0,16.0,15.11
47,244701405,CC Lot et Tolzac,99.52662721893492,99.73045822102424,67.0,22.53532205256275,1.2654337465569012,381.4979658258747,1.0,33.666666666666664,20.8,9.1,1.83,0.0,12.7,31.2,33.1,31.68,34.19,17.9,83.5,-1.1,33.8,0.8999999999999999,0.403985995152168,22.49471458773785,3.3087826570316845,1.4,5.52,4.04,127.8,19.7,15.7,3.34,9.3,0.0,0.2725749249775907,0.6295503910488159,44.209133024487095,57.0,13.8,136.0,19.400000000000002,50.66,6.916733382800905,2.69,0,3.6898578458173854,1.1,72.0,-31.490384615384613,100.0,17.26,67.884,3.766,9.42,5,34.9,18.3,16.8,54.0,34.7,32.72,3.1,-6.88,68.5,16.2,22.4,4.04,183.984,57.0,0.0,23.0,0.875,145.0,16.0,20.84
48,200006930,CC du Haut Allier Margeride,100.0,88.8,36.0,5.384137502588528,2.2138409742451106,145.5207809781558,1.0,36.0,27.200000000000003,36.2,8.27,-2.39,9.9,38.0,50.0,31.19,33.61,22.8,73.0,-1.5,35.3,1.1,2.322430810915425,25.080574274831527,2.2062319306135563,2.4,22.49,7.74,116.1,29.7,49.8,2.98,63.0,0.0,13.137364384917127,0.1587488740943612,65.1051272593139,77.5,10.6,140.0,33.650000000000006,99.87,6.019834380511462,1.94,0,5.059799382716049,15.6,41.0,-13.966480446927374,91.64,13.12,40.788,0.023,25.75,6,45.8,16.4,18.7,69.6,63.9,39.67,2.9,-1.4000000000000001,114.2,11.3,44.3,0.0,247.141,52.0,0.0,29.5,0.251,170.0,17.4,18.75
48,200069102,CC Randon - Margeride,97.01492537313432,87.31343283582089,41.0,1.5325670498084292,1.7895359202459569,269.6333588077952,0.0,33.75,17.5,41.4,2.53,0.0,8.2,26.6,37.5,54.08,61.09,16.8,80.7,5.3,35.3,0.7000000000000001,0.9613535858488752,19.77662762190139,0.15211842776927,1.7,44.28,3.85,181.2,15.9,23.3,2.98,65.1,0.0,8.112694161756828,0.1319418271659179,50.215476859658985,60.9,11.3,113.0,47.36,99.87,5.554926433009655,13.46,0,5.697608736584447,-0.1,74.0,-29.075630252100844,92.09,17.71,58.046,0.023,23.5,6,35.9,14.1,16.1,80.3,65.0,35.76,2.7,-0.12,64.5,22.53,31.53,7.691,297.92,57.0,0.0,29.8,0.125,126.0,17.4,13.01
48,200069128,CC Mont Lozère,99.6923076923077,86.46153846153845,38.0,0.8712698758440427,1.793306018578864,133.20132704731972,2.0,29.0,19.4,51.7,3.7800000000000002,10.99,4.7,29.4,31.2,55.06,63.84,19.4,85.3,7.8,36.55,0.8,4.976831989016647,23.9075841285786,1.8025034770514603,2.2,43.18,6.86,126.6,17.3,1.7,2.98,81.0,0.0,59.88716586464911,0.1040935040099897,70.52561543579507,75.4,7.3,126.0,20.61,99.87,5.940037115863789,3.43,0,6.119731104651163,14.3,79.0,-8.843537414965986,93.22,20.45,34.927,0.022,25.3,6,38.9,17.5,14.1,72.9,42.8,49.08,2.8,-0.38,68.8,23.29,35.33,6.865,647.039,55.0,0.0,28.9,0.255,147.0,17.4,15.73
48,200069136,CC des Cévennes au Mont Lozère,99.50980392156865,89.65517241379311,41.0,3.528773072747014,2.367900839298374,98.5893175074184,3.0,29.666666666666668,20.3,51.8,2.58,8.06,5.5,28.8,22.3,65.36,75.3,19.1,72.1,-3.2,36.55,0.7000000000000001,1.7643599294256027,23.288915808600848,0.0570813139472267,2.7,76.73,3.92,133.9,4.8,1.1,2.98,96.6,0.0,99.40713570112788,0.088588982864822,78.6282682834407,64.7,8.5,141.0,20.46,99.87,7.421643905479683,19.6,1,4.329432764775882,7.7,76.0,2.2988505747126435,45.0,40.56,17.325,0.01,29.79,5,43.6,30.1,22.0,69.2,60.4,85.87,3.8,-3.45,82.7,31.47,45.26,19.604,20.841,52.0,0.0,16.2,0.381,216.0,17.4,22.54
48,200069144,CC des Hautes Terres de l'Aubrac,100.0,91.30434782608695,39.0,0.0,0.6635641656717863,103.71482662415303,0.0,38.0,21.2,34.4,3.75,4.71,13.2,27.1,38.7,50.75,55.85,20.200000000000003,71.7,0.3,35.3,0.6,1.4076010456464914,19.63636363636364,0.0644768856447688,3.0,36.39,4.02,124.9,20.8,16.6,2.98,58.4,1.0,90.35545542441214,0.1654326074579275,55.255023183925815,50.3,17.0,134.0,18.66,99.87,5.88647030718642,2.01,1,6.8270706275821365,-1.0,66.0,-12.050078247261348,90.3,3.16,71.002,0.029,22.53,5,38.4,18.2,9.4,69.3,48.8,30.57,3.0,-5.4399999999999995,81.6,35.06,45.06,0.0,129.444,55.0,0.0,21.4,0.185,182.0,17.4,17.93
48,200069151,CC Gorges Causses Cévennes,96.09887987640016,86.18733991950238,36.0,1.5628943638728716,3.274105656040672,157.37454756044593,1.0,30.0,20.7,44.9,7.1,3.43,6.9,26.3,34.099999999999994,35.56,47.29,19.2,71.4,1.9,35.3,0.7000000000000001,2.7424942263279446,22.635726795096325,1.6316831683168318,2.5,15.76,5.77,156.4,28.9,19.2,2.98,89.5,0.0,90.88172658071896,0.0543005018336443,85.69846324242005,71.8,8.1,122.0,18.96,99.87,7.074787201312684,2.89,1,6.564536970567121,-5.5,43.0,6.7669172932330826,92.94,23.32,39.409,0.042,28.36,5,44.0,19.3,16.2,68.7,51.8,67.55,3.1,-0.22999999999999998,103.2,39.41,41.24,4.33,510.868,54.0,0.0,35.0,0.128,156.0,17.4,19.17
48,200069185,CC des Terres d'Apcher-Margeride-Aubrac,98.88888888888889,90.19607843137256,40.0,1.0834236186348862,1.2433322231746535,143.9713366758112,2.0,35.0,20.5,23.9,7.42,2.75,11.0,30.2,43.6,30.34,25.55,20.4,80.1,1.0,35.3,0.7000000000000001,0.3815337657382677,21.181154611811547,0.1737385321100917,2.6,0.83,4.77,179.5,26.7,41.7,2.98,50.6,0.0,24.053695427982124,0.2535389503886611,47.75880469583778,69.0,13.4,125.0,21.88,99.87,5.677201675932639,3.82,1,6.37037037037037,-3.8,40.0,-14.04494382022472,91.3,6.19,59.998,0.016,27.66,5,42.2,13.9,10.0,69.2,71.5,29.57,2.8,-3.7800000000000002,100.7,37.1,37.8,1.908,459.801,55.0,0.0,28.9,0.184,143.0,17.4,14.98
48,200069268,CC Aubrac Lot Causses Tarn,97.14285714285714,88.81278538812786,38.0,0.9712509712509712,2.241353481049635,136.11854103343464,1.0,30.666666666666668,17.4,32.4,4.47,1.96,9.5,28.4,37.3,34.14,46.64,18.8,82.6,2.1,35.3,0.6,2.28310502283105,19.67125245667322,0.047945205479452,2.2,20.31,3.81,143.7,22.1,21.2,2.98,64.3,0.0,35.35763948350858,0.1893255929956533,59.16288204246962,55.4,26.9,115.0,26.39,99.87,5.488956147430723,2.54,0,6.217325800376647,-2.9,56.0,6.106870229007633,91.78,34.99,52.397,0.072,24.37,6,38.1,13.0,13.2,68.9,60.4,33.36,2.7,-0.21,86.7,21.73,40.93,6.342,889.898,59.0,0.0,41.1,0.179,115.0,17.4,13.41
48,244800405,CC Coeur de Lozère,98.23008849557522,97.34513274336284,37.0,3.518029903254178,3.282267103296262,25.032625383828044,2.0,30.0,14.6,9.6,18.2,8.36,6.6,24.5,37.8,10.16,4.94,15.4,81.4,2.0,35.3,1.2,5.116725295810681,30.697413873587905,0.8939220911051896,3.3,0.5,3.2,215.1,35.6,73.2,2.98,68.4,0.0,26.95801508832763,0.4615131046024427,51.10681020926575,82.1,5.2,101.0,19.24,99.87,5.301070415269538,2.56,7,4.9395150889863295,-6.3,23.0,-17.307692307692307,34.73,26.74,36.331,0.058,28.01,5,46.0,11.6,13.5,56.6,79.0,44.96,2.8,-2.6599999999999997,133.9,9.14,9.14,3.838,1348.131,54.0,0.0,37.6,0.187,88.0,17.4,13.16
48,244800470,CC du Gévaudan,97.14285714285714,100.0,41.0,0.0,4.80565352663406,99.71935450501708,2.0,34.0,17.9,15.0,7.6899999999999995,3.88,16.4,28.000000000000004,41.8,21.71,15.42,17.2,78.2,0.6,35.3,0.8,1.6566576931041626,22.887650882079853,0.0839543726235741,1.1,2.58,2.07,114.7,20.9,44.6,2.98,55.6,0.0,66.48526507671275,0.345093883802009,44.12790118537703,80.5,10.4,121.0,49.63,99.87,5.94541297302097,1.04,0,5.313684864808868,-11.0,36.0,13.679245283018869,91.1,21.21,60.088,0.049,23.57,6,41.2,13.1,15.8,61.8,63.7,35.2,2.7,-3.0300000000000002,111.4,7.67,25.58,4.142,1340.771,59.0,0.0,37.6,0.23,126.0,17.4,17.11
49,200060010,CA Mauges Communauté,100.0,100.0,76.0,,0.9691717984164886,84.44770032723267,1.0,39.4,12.1,2.0,10.16,1.31,5.9,27.3,35.3,12.35,7.95,15.1,86.0,1.9,33.75,1.2,0.5801886021540522,25.487969516888096,1.8966021090357708,2.8,0.24,2.29,73.8,22.9,46.4,3.44,3.7,4.0,3.036894941162198,0.7150406839257626,29.76380211653704,52.7,17.8,106.0,20.48,57.73,4.023956528061523,1.55,0,5.703647771455271,-0.8,62.0,-22.72117962466488,100.0,12.01,79.211,0.919,10.96,5,28.9,7.8,9.4,40.9,63.4,24.11,2.3,-4.67,73.2,2.0,21.8,2.206,6523.413,56.0,1.0,30.8,1.122,74.0,15.5,14.86
49,200068955,CC Anjou Loir et Sarthe,98.20282413350448,99.82142857142856,38.0,0.0,,73.27395507534831,1.0,39.5,14.499999999999998,4.5,10.74,-1.73,7.4,29.2,34.5,12.55,16.09,15.1,86.9,0.5,33.800000000000004,1.0,0.9200283085633404,24.02600863401375,0.4067131827752776,3.0,0.24,2.48,80.8,18.7,29.5,3.44,20.1,0.0,5.342788977170749,0.7370151042480281,34.3579211195043,45.9,34.4,108.0,7.89,57.73,4.515923558717402,2.83,1,4.743326636050517,-5.6,51.0,-27.79156327543425,100.0,16.15,51.134,1.797,13.86,5,28.9,8.6,11.9,45.2,75.6,32.7,2.4,-5.04,70.4,10.41,24.71,0.354,3843.771,60.0,0.0,25.4,0.436,75.0,15.5,15.05
49,200071553,CC Loire Layon Aubance,98.20742637644048,99.8220640569395,73.0,0.0,,83.3130598525245,1.0,38.5,12.7,3.8,7.920000000000001,-0.92,6.1,29.0,27.800000000000004,7.9,4.84,13.1,86.0,0.4,33.06666666666667,1.5,1.6090667412900517,28.62289728104507,1.2434291811748852,4.0,0.67,2.45,84.3,21.0,44.6,3.44,8.1,0.0,18.900660092901965,0.7279085202914811,34.60912749379228,57.4,12.9,110.0,15.770000000000001,57.73,3.677770796173179,2.62,0,4.827344636776391,0.0,72.0,-10.152284263959393,98.79,16.39,58.712,2.121,11.98,5,26.5,6.6,9.3,37.3,75.1,30.15,2.5,-3.11,61.2,7.84,23.89,0.874,4894.94,60.0,0.0,29.9,0.952,79.0,15.5,14.0
49,200071678,CA Cholet Agglomération,100.0,99.80237154150198,63.0,2.492265383293228,0.913334230304638,48.05491528668517,2.0,39.75,13.4,1.9,14.979999999999999,0.62,5.4,22.0,54.3,5.64,4.17,16.6,82.6,-0.5,33.4,1.7000000000000002,2.521225086189608,32.68606969615808,2.3417242307347266,3.2,0.22,2.67,74.2,33.0,56.4,3.44,6.4,6.0,0.1715588269003018,0.8038008164346278,35.05030367657286,51.6,25.4,112.0,11.52,57.73,4.882620160917213,0.57,3,4.110601153632409,-0.5,27.0,-21.98581560283688,97.11,12.34,71.276,1.003,11.55,7,36.3,10.6,12.7,39.6,74.6,28.79,2.6,-7.670000000000001,120.6,8.96,17.69,0.287,6532.802,55.0,2.0,27.3,0.341,90.0,15.5,16.94
49,200071868,CC des Vallées du Haut-Anjou,98.20282413350448,99.82142857142856,60.0,0.0,,60.060508413891874,1.0,36.833333333333336,13.4,3.4,12.01,0.88,5.9,27.4,26.0,13.05,14.62,14.6,87.0,3.0,31.5,1.2,0.959719213578656,23.50916931654833,1.4279218266253868,3.3,0.18,2.19,87.0,14.9,33.1,3.44,4.9,1.0,1.886173952091172,0.7209721699080829,32.05888697152718,59.6,20.1,106.0,17.49,57.73,4.31357885570865,2.19,0,4.97752158203933,0.9,60.0,1.338199513381995,100.0,12.75,73.67,1.772,11.01,5,27.6,9.0,13.2,40.1,65.0,21.09,2.4,-5.3100000000000005,52.6,9.6,23.27,1.371,5287.694,59.0,1.0,30.5,0.385,61.0,15.5,16.19
49,200071876,CA Saumur Val de Loire,99.39371670034907,100.0,48.0,3.278754073452088,,79.20239875484481,1.0,37.57142857142857,19.0,6.2,15.43,0.84,9.0,30.2,40.2,11.5,7.83,17.7,81.8,0.5,32.1,1.1,3.728910261635015,27.028599127484245,2.0719706411854317,2.9,0.04,3.36,102.1,21.5,48.5,3.44,23.8,2.0,86.59496701725067,0.428532860011652,36.921394123203896,61.1,17.4,121.0,13.450000000000001,57.73,6.331092356513651,1.43,2,6.22126025519563,0.5,47.0,-37.014762165117546,82.49,10.74,51.684,4.329,9.52,8,36.2,13.8,17.4,44.9,69.4,36.45,2.7,-6.4799999999999995,96.5,8.76,15.91,0.509,2131.855,58.0,1.0,23.1,0.887,105.0,15.5,19.57
49,244900015,CU Angers Loire Métropole,100.0,100.0,54.0,1.5051522519393308,1.9554961301228524,74.52416206537798,2.0,40.2,12.3,2.5,26.35,0.14,5.4,20.5,51.2,1.11,1.75,16.0,68.2,-3.9,31.7,1.9,3.238279048982209,39.68173796267136,5.446117267908909,4.8,0.01,2.85,101.3,26.2,66.4,3.44,8.3,2.0,24.79327775807024,1.8697104400664837,34.40722016632214,68.4,12.1,101.0,16.31,57.73,5.036247450470543,1.23,17,3.5333121816815565,1.0,16.0,-1.98019801980198,43.23,17.78,48.698,2.413,12.61,6,44.2,13.9,12.3,39.1,69.3,41.35,3.2,-5.029999999999999,119.7,5.41,13.21,0.291,3661.271,,4.0,26.7,0.851,78.0,15.5,20.21
49,244900809,CC Anjou Bleu Communauté,98.20282413350448,99.82142857142856,69.0,0.0,,36.87278978388998,1.0,38.0,20.0,3.6,14.530000000000001,-0.92,8.2,32.9,34.9,15.5,12.89,17.8,84.7,1.4,34.3,1.1,1.2744019000173783,22.340868118152823,4.263177026535805,2.9,0.2,2.61,86.9,15.6,35.5,3.44,5.0,2.0,0.0001525832341542,1.0730223624133113,36.45965000983119,51.4,22.7,118.0,14.26,57.73,5.578718827762389,4.05,1,4.792510796162652,-1.8,62.0,-18.578680203045685,100.0,16.6,73.008,1.349,9.82,5,34.8,13.0,12.9,42.3,62.3,25.29,2.5,-4.54,90.3,6.64,26.27,1.159,4232.465,54.0,1.0,29.7,0.399,92.0,15.5,18.67
49,244900882,CC Baugeois Vallée,98.64864864864865,100.0,74.0,0.1717819514429683,0.4180091055006511,64.6780816009661,1.0,39.66666666666666,18.4,6.2,11.200000000000001,-4.45,7.9,32.5,35.4,15.63,10.83,17.2,85.5,1.1,36.45,1.0,1.0980120203421175,24.239560835133197,2.484567901234568,3.1,0.06999999999999999,2.02,66.8,16.4,30.5,3.44,22.3,1.0,26.836957258009893,0.350457429663166,35.15879536504519,57.3,18.0,119.0,14.92,57.73,5.487083576618659,0.87,1,5.052565849227975,-1.5,51.0,-19.214586255259466,100.01,9.72,54.045,2.513,8.91,7,31.6,11.6,13.9,38.1,69.1,35.28,2.5,-5.86,71.8,8.14,28.43,1.156,4214.239,58.0,1.0,23.3,0.907,96.0,15.5,17.47
50,200042604,"CC de Granville, Terre et Mer",97.0635430038511,100.0,11.0,2.006843350813903,0.0377180329508702,52.874537264171984,1.0,39.0,19.3,28.1,10.36,2.38,6.0,26.9,40.8,4.94,5.74,16.3,82.1,-1.8,30.2,1.7999999999999998,2.2207563764291995,36.20927452723205,1.2464399237126509,4.1,0.0,3.08,154.9,21.5,60.2,3.11,4.9,1.0,3.1695922791803626,1.3426373570410386,42.270917183074594,70.2,16.5,152.0,8.44,53.22,5.2893333118203225,1.98,1,5.383171447933138,-1.7,25.0,-33.931484502446985,73.86,13.21,60.731,0.802,13.04,4,41.3,10.0,12.9,47.2,90.9,35.58,2.9,-3.82,98.9,9.84,11.69,0.22,377.563,59.0,0.0,29.1,0.708,186.0,22.0,17.01
50,200042729,CC de la Baie du Cotentin,97.1604938271605,99.9436302142052,14.0,3.528380860048661,1.3662025727290172,264.48741170862763,1.0,38.0,22.5,10.3,16.950000000000003,0.73,8.2,32.800000000000004,37.6,21.56,14.72,19.8,83.6,0.9,41.150000000000006,1.2,0.1742008535841825,23.110609780372904,1.6831372549019608,2.5,0.35000000000000003,2.61,98.7,14.8,23.6,3.11,0.5,1.0,101.01562950957974,0.7560104859127741,35.40657550687985,56.7,28.6,122.0,17.630000000000003,53.22,6.237519459657261,3.48,0,6.174575608908957,2.4,54.0,-23.170731707317078,77.37,12.24,74.885,0.67,15.73,4,37.8,13.0,14.3,45.5,70.3,22.73,2.6,-5.13,97.3,12.26,37.78,2.178,744.567,55.0,0.0,20.3,0.705,129.0,22.0,18.11
50,200043354,CC de Villedieu Intercom,97.49472394308664,100.0,11.0,3.0568049031390343,1.1506099208571916,89.4683649364745,1.0,36.8,22.7,9.6,10.209999999999999,-0.41,11.5,34.0,32.7,19.26,9.45,18.5,85.2,2.1,33.2,1.0,0.5103342689461596,20.3187998124707,0.1031941031941032,2.3,0.03,2.55,116.3,13.3,27.0,3.11,1.9,0.0,3.980064091752404,0.7732036767749556,39.32478899656142,56.0,23.200000000000003,124.0,5.33,53.22,5.96929264555669,1.91,2,6.600485188968335,-0.5,60.0,0.5736137667304015,78.94,7.75,76.352,0.668,12.06,5,35.4,14.1,14.0,51.1,82.6,29.73,2.6,-4.79,79.3,10.37,23.48,1.914,582.682,57.0,0.0,21.2,0.403,123.0,22.0,17.19
50,200066389,CA Saint-Lô Agglo,97.46136865342164,100.0,16.0,3.0186401026337637,1.138709630914647,47.977261163946615,1.0,38.2,17.0,3.6,17.66,0.63,7.8,26.6,40.6,10.95,8.37,17.2,85.5,-1.2,37.7,1.7999999999999998,1.1477163053968749,30.606689383411695,3.1546577518552765,2.9,0.21,3.13,133.9,20.2,25.7,3.11,2.7,2.0,20.42993060760657,1.066616014253848,33.826051861567954,66.1,11.9,114.0,19.56,53.22,5.153942540430646,2.61,5,5.701483695151332,-1.6,36.0,-37.03438395415473,77.1,7.97,70.325,0.549,12.22,5,37.9,11.6,13.6,43.9,76.1,32.89,2.6,-4.569999999999999,106.1,12.21,12.44,1.435,1022.727,59.0,2.0,27.1,0.553,98.0,22.0,16.01
50,200067023,CC Coutances Mer et Bocage,97.46136865342164,100.0,11.0,3.0186401026337637,1.138709630914647,62.397012298602526,1.0,40.833333333333336,21.8,23.6,11.23,2.01,7.9,31.4,36.1,11.98,8.06,18.5,84.5,0.8,33.075,1.3,0.8794890587373051,27.938986964844585,2.2861852433281,3.0,0.03,3.14,129.3,21.4,43.8,3.11,2.9,0.0,8.566166397290848,0.7717871248389648,38.60113497363091,66.0,14.3,132.0,13.919999999999998,53.22,5.596279394811819,2.93,1,7.586402976961994,-2.3,41.0,-18.985395849346656,76.43,12.56,71.098,0.693,12.8,4,38.1,12.5,13.4,51.2,78.0,31.98,2.8,-2.21,89.9,10.38,11.98,1.256,493.693,58.0,1.0,24.5,0.597,145.0,22.0,18.2
50,200067031,CC Côte Ouest Centre Manche,97.52239528690178,100.0,13.0,2.9950310247256717,1.121915357165283,218.5234541095581,1.0,40.75,23.3,26.1,9.9,5.18,8.0,31.0,29.1,22.48,16.69,20.0,84.7,0.3,33.3,1.1,0.2252861133639722,23.304862023653083,6.304314868804665,2.5,0.0,1.8,109.0,14.7,29.9,3.11,8.9,2.0,88.42199305697366,0.7113296894053055,36.87042427449943,55.4,22.7,130.0,8.260000000000002,53.22,6.185388499755661,1.8,0,5.599589509692132,-3.0,53.0,-17.032967032967033,86.06,8.53,65.999,4.202,13.67,3,36.6,13.9,13.9,47.4,73.7,28.3,2.6,-5.2299999999999995,87.1,20.53,25.2,0.901,285.349,54.0,0.0,21.1,0.651,140.0,22.0,19.39
50,200067205,CA du Cotentin,95.72327044025155,99.68203497615262,12.0,3.7190814459158976,2.740583395801266,71.472357038535,1.0,37.75,17.7,13.3,23.16,0.22,6.3,28.6,36.2,10.99,8.41,16.7,79.8,-1.4,44.6,1.7000000000000002,1.9195898905330075,32.80339753764318,2.008201357466063,2.7,0.0,2.52,148.3,20.8,37.0,3.11,7.7,5.0,16.99140826207891,0.9355450872693564,30.594706084565143,61.3,14.9,107.0,11.66,53.22,5.119713432284486,1.68,9,5.102778582733332,-3.4,34.0,-29.65747702589808,77.94,9.84,62.638,0.876,13.94,5,39.1,11.0,13.4,41.8,82.3,24.99,2.8,-4.55,100.9,15.67,25.98,1.287,663.185,,0.0,24.3,0.617,105.0,22.0,15.66
50,200069425,CA Mont-Saint-Michel-Normandie,97.39715927270704,100.0,13.0,2.847517381099244,0.9803426537527644,74.71052541267717,1.0,36.81818181818182,20.200000000000003,11.2,9.719999999999999,1.53,10.5,30.4,34.0,18.11,10.52,18.6,83.8,2.1,31.65,1.0,0.4920471449822632,24.58954051685653,4.339306305481835,2.4,0.02,2.29,107.3,17.4,47.7,3.11,4.4,7.0,12.890677444976811,0.7200327895785783,38.059676686647535,61.7,16.8,130.0,12.61,53.22,5.552076872864487,5.03,5,6.42515297576317,-0.9,52.0,-22.86012526096033,85.48,5.11,76.389,1.16,10.28,5,37.2,12.6,12.4,52.7,78.4,29.2,2.6,-3.65,101.8,12.06,13.67,1.945,441.204,56.0,0.0,21.6,0.354,138.0,22.0,15.45
51,200034718,"CC de Vitry, Champagne et Der",53.82711684638502,100.0,17.0,4.692423928357922,9.045586998212542,133.17888488446047,2.0,38.5,24.0,1.7,33.89,-8.9,11.6,33.4,48.2,10.79,10.8,15.5,83.0,3.9,31.85,1.2,0.2562788313685289,29.26669576604103,2.5076909782232977,2.7,4.74,3.42,100.3,18.4,58.2,4.03,14.8,5.0,7.256950118764845,0.294477236565474,39.32749150978994,61.1,23.4,120.0,12.29,42.13,7.134694852963004,0.43,0,4.484892564731308,-2.0,43.0,-33.80281690140845,69.16,1.58,75.137,3.315,6.72,5,38.7,17.6,20.6,50.4,58.9,20.16,3.0,-8.85,117.5,12.8,12.83,0.0,507.316,58.0,0.0,18.2,0.228,113.0,13.4,17.0
51,200042620,CC de la Région de Suippes,57.44680851063831,100.0,39.0,10.589013898080742,3.15937186769128,95.86217122227951,1.0,36.0,18.9,2.0,14.46,-1.88,8.9,30.9,41.7,28.69,35.89,18.9,73.3,1.9,33.4,1.3,0.643915003219575,28.639026588553406,0.5724889816747855,2.2,0.53,1.29,87.6,19.9,29.0,4.03,30.0,4.0,11.209963076537957,0.1381336464635505,26.90582959641256,75.2,26.3,95.0,16.03,42.13,5.046076523994811,3.86,0,5.109987029831387,1.2,100.0,1.214574898785425,99.99,3.71,68.045,3.255,6.78,3,28.8,11.9,10.6,52.9,49.0,27.3,2.7,-14.74,93.1,23.69,27.56,0.0,777.28,58.0,0.0,21.1,0.085,58.0,13.4,27.13
51,200042703,CC de l'Argonne Champenoise,63.319229772903896,98.975872244402,37.0,2.6156915413803445,2.794635493988267,95.56826882177796,0.0,40.833333333333336,24.6,5.9,10.47,-5.98,14.0,30.3,43.8,37.79,39.03,18.8,84.0,1.0,33.4,0.7000000000000001,2.2285077569212306,24.60265335610141,0.3028635914797574,2.3,7.53,3.43,72.0,9.6,36.8,4.03,29.6,2.0,32.911573191351586,0.1731692793651452,45.0525613215418,55.5,25.0,129.0,16.36,42.13,6.912108581938042,1.71,0,7.569219194114696,3.7,63.0,-28.721174004192875,97.21,2.82,62.14,2.539,8.72,4,37.2,13.9,19.2,55.1,53.0,31.63,2.8,-6.43,92.8,14.65,42.42,0.0,289.504,54.0,0.0,19.2,0.247,137.0,13.4,15.65
51,200042992,CC Perthois-Bocage et Der,91.75824175824177,100.0,24.0,10.17293997965412,2.11891917888375,79.22730534625045,0.0,37.66666666666666,20.200000000000003,14.9,2.4299999999999997,-23.08,7.0,31.0,33.5,46.49,53.26,17.0,85.4,-4.1,30.3,1.0,0.5413208228076507,28.48579619494397,6.93014705882353,2.5,14.63,3.61,85.8,21.2,30.0,4.03,21.1,0.0,97.73476043437532,0.2591644847900061,42.19110086864031,52.7,46.2,127.0,5.970000000000001,42.13,5.08587834427057,3.61,0,7.501236749116607,-4.5,99.0,26.05042016806723,98.33,2.99,47.671,2.757,7.94,4,31.4,10.3,15.0,63.6,33.3,23.46,2.6,-6.9,63.6,15.04,15.6,0.0,150.683,57.0,0.0,14.7,0.491,130.0,13.4,12.84
51,200043438,CC de la Moivre à la Coole,67.0854271356784,100.0,23.0,8.923083024330273,4.318378894678935,80.6890800934778,1.0,35.0,13.4,1.9,2.59,-1.96,5.9,25.1,34.0,23.84,25.09,11.0,89.9,2.2,33.4,1.2,1.0667804565820354,32.98749289368959,1.4873983739837398,1.4,0.2,2.13,61.4,17.2,29.7,4.03,4.3,3.0,0.074870982160998,0.3061235990512056,32.88475159364565,44.4,21.8,110.0,8.59,42.13,4.036925321940065,1.07,0,8.460509688289806,-1.3,67.0,-25.74850299401197,100.0,3.08,81.311,3.195,7.15,5,23.4,5.0,12.1,49.4,48.7,23.68,2.4,-4.53,45.8,16.21,16.21,0.0,200.344,62.0,3.0,30.1,0.195,88.0,13.4,9.64
51,200066835,CC de Sézanne-Sud Ouest Marnais,75.47158293144497,100.0,13.0,2.1609828316147635,2.295833859173124,85.1515726552493,1.0,34.0,21.4,7.5,9.19,-11.37,12.6,32.2,42.7,22.1,17.32,18.2,84.4,1.4,40.1,0.8,0.5736960367165463,26.308345120226317,1.6466410180526785,2.5,0.97,1.43,94.9,29.0,36.7,4.03,20.8,0.0,1.653645628651523,0.175344306346913,35.916382172754055,53.3,11.8,120.0,11.469999999999999,42.13,6.0568555104334605,4.3,0,7.116283426216457,-1.6,68.0,-23.72479240806643,98.72,2.06,69.06,4.295,6.91,5,35.0,12.4,18.8,56.5,52.1,25.86,3.0,-6.39,72.9,11.95,22.05,0.0,318.01,55.0,1.0,18.7,0.285,118.0,13.4,14.87
51,200066850,CC des Paysages de la Champagne,76.75675675675674,98.36065573770492,14.0,0.0,3.429601790293716,84.07051589970219,1.0,35.8,22.3,6.1,3.5999999999999996,0.6,13.1,34.7,34.300000000000004,18.42,23.6,17.5,84.2,2.7,33.75,1.7000000000000002,0.1930408764055788,34.31483578708947,0.543206955698823,2.5,0.08,3.86,98.2,12.6,52.2,4.03,34.5,0.0,22.208028258372053,0.1464557472033019,37.89783237679647,38.2,5.2,110.0,10.6,42.13,5.47743184865187,1.93,0,7.528438714570101,-1.0,73.0,-7.841945288753799,93.77,3.12,52.609,9.543,8.19,5,32.4,10.0,14.4,50.4,57.8,24.47,3.1,-4.84,70.9,18.82,21.71,0.0,223.877,57.0,0.0,15.4,0.336,108.0,13.4,15.38
51,200066876,CA de Châlons-en-Champagne,78.12352217913553,99.86905015683529,26.0,1.7975397604121643,5.327404140655004,77.83671738525025,2.0,37.0,16.6,1.8,33.47,-0.23,7.0,18.6,60.1,6.31,8.34,15.2,75.8,-0.4,33.63333333333333,1.6,3.1673861401312937,38.60095252462125,2.1240513912927708,3.6,1.15,3.19,130.4,24.6,59.4,4.03,8.3,4.0,0.1636045494313211,0.4885151888281447,33.67230790398639,72.3,14.499999999999998,101.0,12.709999999999999,42.13,5.986679862068222,1.66,3,5.516609853964101,0.6,20.0,-30.383480825958703,62.0,1.64,83.942,3.959,7.51,6,41.6,15.8,17.2,37.8,61.6,21.53,3.0,-5.36,114.0,16.09,16.11,0.0,1407.182,62.0,4.0,21.8,0.166,86.0,13.4,18.39
51,200067213,CU du Grand Reims,84.59422283356258,99.13366336633663,35.0,2.1217464064787976,5.546096895604446,54.66773264033824,3.0,36.8,14.000000000000002,3.1,34.23,-0.12,8.4,20.6,55.50000000000001,2.95,5.07,15.3,72.6,-0.2,31.5,2.1,1.5025614134161591,43.15940370500256,3.2616121843150725,4.5,0.03,3.16,143.7,24.7,70.9,4.03,18.0,7.0,18.800917482283825,0.7396008529006425,37.64308339339915,66.6,12.8,95.0,12.13,42.13,5.241494799440083,0.54,16,3.612530884435596,1.7,21.0,-11.817553559087768,42.56,4.4,68.809,6.369,6.73,5,43.1,16.6,13.9,38.0,60.3,21.06,3.6,-5.18,109.7,13.31,16.48,0.0,1328.865,,4.0,20.1,0.34,76.0,13.4,16.58
51,200067379,CC Côtes de Champagne et Val de Saulx,57.74193548387097,98.33333333333331,26.0,6.869409660107334,3.6697040470608906,64.3281728330272,1.0,41.0,21.1,2.8,8.52,-0.46,11.1,31.2,41.2,26.26,27.51,16.8,89.6,2.8,31.85,0.8,1.054018445322793,24.49139280125196,0.1615044247787611,3.5,0.04,2.64,105.4,12.2,30.1,4.03,21.5,0.0,61.899308241430376,0.2048788203801971,35.360068995256576,54.2,15.8,114.0,8.540000000000001,42.13,6.053615648291595,13.18,0,7.3662368713175645,0.1,69.0,-12.408759124087592,98.25,3.61,63.54,2.632,8.49,4,33.1,11.7,21.1,55.7,48.1,22.4,2.6,-11.41,41.1,17.3,17.25,0.0,73.307,57.0,0.0,20.5,0.476,103.0,13.4,15.81
51,200067684,"CA Epernay, Coteaux et Plaine de Champagne",98.59594383775352,100.0,14.0,0.0,6.028470017085659,84.59518329070758,2.0,39.25,20.7,4.3,20.05,1.11,9.8,24.9,51.0,8.37,7.76,16.1,77.2,-1.2,27.4,2.0,2.0940170940170937,39.76211880229583,0.9538611740992692,3.6,0.16999999999999998,3.63,121.9,13.1,58.7,4.03,17.5,3.0,2.450113995984619,0.4555041223080364,40.267056123513456,53.2,11.2,106.0,12.42,42.13,5.836354135607818,0.85,3,5.343748023527923,1.0,35.0,-21.88183807439825,63.47,2.31,76.073,10.455,7.45,6,40.6,13.3,17.6,38.2,70.8,22.65,3.2,-5.09,117.2,15.0,14.89,0.0,1039.224,59.0,2.0,21.9,0.283,110.0,13.4,15.53
51,245100615,CC de la Grande Vallée de la Marne,93.90243902439023,100.0,29.0,0.0,3.038281394051306,117.18443541608292,1.0,37.5,19.0,3.2,12.35,-2.58,9.0,26.0,48.4,8.75,7.61,15.3,85.4,1.9,27.4,2.6,0.9879331028156092,43.16880872664434,4.551305403764421,3.1,0.27999999999999997,3.53,121.1,14.6,57.4,4.03,41.9,1.0,99.92286637105164,0.2824220361144781,40.18781936196658,42.8,11.4,108.0,9.959999999999999,42.13,4.313763184756721,0.71,0,4.726165362368152,4.9,38.0,-20.16806722689076,47.48,9.43,40.188,10.021,7.91,5,32.9,6.0,11.1,45.6,64.1,23.57,2.9,-4.6899999999999995,87.0,10.71,10.71,0.0,311.421,56.0,0.0,20.9,0.456,118.0,13.4,13.11
51,245100888,CC de la Brie Champenoise,,,12.0,,,92.55467302091608,2.0,39.66666666666666,20.5,9.2,9.379999999999999,-1.89,10.0,35.099999999999994,29.0,33.31,32.26,17.4,86.8,4.5,40.1,0.8999999999999999,0.5309969467675562,24.333743337433376,0.8341472237294267,3.4,0.29,2.65,62.2,20.0,66.6,4.03,19.0,0.0,0.0,0.1857753820216557,35.938316779926815,44.2,9.0,118.0,6.260000000000001,42.13,6.617870830108176,1.33,0,8.7897449451566,-1.8,56.0,-34.68468468468468,97.26,2.17,66.749,3.584,6.36,3,33.6,13.9,15.5,45.7,53.1,22.97,2.9,-8.02,91.2,9.4,31.8,0.0,267.904,54.0,1.0,18.1,0.243,105.0,13.4,15.45
51,245100979,CC du Sud Marnais,76.2051677593521,99.32735426008968,33.0,2.5165351589695986,1.9852134043564396,101.65159848745272,2.0,38.5,23.4,3.4,15.68,1.46,11.4,35.4,39.3,27.01,46.81,18.7,81.4,-0.8,40.1,0.5,0.3428179636612958,24.19481539670071,0.0590863952333664,2.8,5.050000000000001,5.14,77.5,22.6,65.7,4.03,4.4,1.0,3.08774023363899,0.2388007324884314,32.61600537995965,39.0,36.0,117.0,23.29,42.13,6.762477242383786,5.14,0,7.380458793542906,0.1,70.0,-20.27649769585253,100.0,2.2,79.536,3.991,7.51,4,35.3,14.7,22.2,51.3,57.6,25.03,3.0,-11.86,79.7,20.07,31.14,1.714,378.278,55.0,1.0,15.2,0.088,97.0,13.4,17.65
52,200027308,CC d'Auberive Vingeanne et Montsaugeonnais,85.21505376344086,93.28621908127208,35.0,1.0001428775539365,2.622190121621,111.42769230769233,1.0,41.5,23.4,13.9,5.8500000000000005,2.31,13.0,31.3,29.500000000000004,41.38,45.23,19.7,82.8,-1.1,34.1,0.7000000000000001,0.6175126590095097,22.84382284382285,0.8939433551198257,1.5,13.059999999999999,2.47,87.3,12.6,39.8,3.62,41.0,0.0,3.334927604411688,0.1350562979558071,49.73313925278991,50.6,30.9,123.0,17.59,39.12,5.257878340570879,14.82,0,5.624894869638352,1.6,84.0,-21.951219512195124,97.87,12.78,54.095,1.446,11.41,4,36.1,10.5,12.6,70.3,62.1,51.62,2.6,-7.7700000000000005,63.5,21.22,25.59,0.0,18.195,57.0,0.0,13.6,0.199,129.0,18.5,14.69
52,200044253,CC du Bassin de Joinville en Champagne,92.64264264264264,98.3640081799591,35.0,2.253817798841496,1.7050607071322847,80.2546002279759,2.0,39.0,26.4,7.3,13.4,0.13,16.8,37.8,49.3,26.67,35.81,19.6,81.2,3.7,32.2,0.8,1.3938996392259757,21.381922675026125,2.2730490476993093,3.0,9.87,3.28,100.9,25.0,41.9,3.62,40.9,2.0,9.616934097421204,0.1358946744691292,42.34841193455245,55.1,31.2,127.0,9.139999999999999,39.12,7.1221738435727415,16.4,1,5.470160581609012,0.9,69.0,-8.783783783783784,95.92,1.92,52.069,2.124,7.32,4,37.9,19.4,22.1,60.2,46.8,32.63,2.9,-9.569999999999999,81.9,13.88,35.61,0.0,103.465,57.0,1.0,13.9,0.43,125.0,18.5,19.23
52,200068658,CA de Chaumont,94.7920450417726,97.22291098437888,35.0,0.7207732575408689,3.597147033228384,75.138700731918,1.0,36.75,22.1,3.7,26.0,-0.74,9.0,28.9,50.9,14.03,10.44,19.3,76.2,-0.2,34.1,1.2,2.6565899461811524,33.49769535855933,0.9394849785407724,2.9,0.97,3.44,92.9,21.8,50.9,3.62,39.6,0.0,10.835861077741548,0.2176934845026447,39.77197693357397,70.4,18.1,109.0,12.73,39.12,5.665770995583912,2.52,5,5.399986588882183,6.2,42.0,-35.98014888337469,97.1,16.52,49.985,2.112,8.92,6,43.8,13.7,14.2,42.2,78.7,41.77,2.8,-6.02,118.0,17.3,18.51,0.0,421.27,59.0,0.0,22.2,0.297,122.0,18.5,17.76
52,200068666,CA du Grand Saint-Dizier Der et Vallées,95.57253920147582,100.0,32.0,0.531571822440836,4.308430942349867,62.79014370787719,2.0,38.8,21.1,2.8,22.650000000000002,-6.26,11.5,28.3,49.6,9.5,13.73,17.1,82.4,-0.5,30.3,1.0,1.7626850369624258,29.847080494722377,5.176033934252385,2.0,0.04,3.06,128.2,25.0,35.6,3.62,42.2,4.0,73.19360451545822,0.1893785618729888,35.37419764407138,67.2,25.7,116.0,10.65,39.12,6.663011106828772,2.52,2,5.656686871518167,7.8,44.0,-35.34971644612476,95.85,3.13,46.315,1.798,8.64,5,39.6,17.8,19.3,42.5,62.3,22.54,2.8,-9.81,108.3,9.52,17.43,0.0,268.921,59.0,2.0,20.0,0.494,109.0,18.5,20.09
52,200069664,CC Meuse Rognon,99.7179125528914,97.6023976023976,35.0,3.018069973087274,1.7649516137719004,125.00313360554551,1.0,38.4,26.700000000000003,11.3,9.64,0.0,12.1,35.3,36.7,39.29,57.94,20.1,85.4,2.5,34.1,0.5,1.4489953632148378,21.077676696990903,0.0,2.9,17.51,3.86,81.6,11.4,26.8,3.62,44.2,0.0,58.30994701659991,0.0938269662768254,42.62325931501694,52.4,28.6,127.0,16.1,39.12,6.203536786539096,2.9,0,5.647575057736721,-1.7,100.0,-20.537897310513447,97.12,9.39,51.397,1.526,10.82,4,37.3,13.8,14.7,70.1,59.9,35.55,2.6,-7.000000000000001,75.3,25.2,26.07,0.0,22.582,56.0,1.0,18.1,0.301,160.0,18.5,14.78
52,200070332,CC des Savoir-Faire,95.02762430939228,91.78470254957509,36.0,2.858196570164116,3.264621624987956,57.516045617292136,1.0,44.0,28.5,21.6,7.140000000000001,1.16,14.3,33.900000000000006,41.2,36.11,32.69,20.5,82.1,4.6,30.950000000000003,0.6,0.7307028032416633,24.28722280887012,0.0043492194295655,2.3,0.03,3.32,83.7,13.8,31.9,3.62,37.5,1.0,16.890249932016513,0.1439128850842723,41.99338992936297,70.1,22.5,140.0,9.41,39.12,6.357733233770476,1.99,0,5.6840901666122186,8.0,60.0,-32.94117647058823,95.89,6.81,47.182,1.064,13.3,4,39.8,14.9,17.4,64.6,73.8,39.66,2.7,-4.4799999999999995,79.2,30.4,30.59,0.0,4.536,55.0,0.0,13.1,0.285,179.0,18.5,15.26
52,200072999,CC du Grand Langres,92.11746522411129,96.07142857142856,35.0,1.291155584247902,1.327545800605456,133.19286746987953,1.0,39.25,24.7,6.8,20.11,0.95,11.2,31.4,48.3,20.97,19.2,19.0,81.3,0.1,34.1,0.8999999999999999,2.415342253997392,28.38695869301562,1.11811697574893,2.5,3.37,3.86,92.9,32.0,56.3,3.62,22.1,1.0,20.089347128077065,0.2311843035978443,47.89245203752976,52.7,37.6,111.0,9.4,39.12,5.944554130771912,3.86,0,4.135670221414567,-1.4,51.0,-13.881019830028327,95.31,10.78,56.745,1.377,11.91,4,39.9,13.3,18.8,57.1,86.9,42.51,2.8,-4.5,118.6,19.85,17.3,0.0,333.287,58.0,1.0,19.0,0.254,120.0,18.5,15.11
52,245200597,CC des Trois Forêts,93.58288770053476,93.49112426035504,35.0,3.0395136778115504,3.432447611086237,94.80684296619413,1.0,38.0,23.5,16.2,5.2,-2.79,11.1,33.5,37.5,37.9,67.3,17.0,86.1,3.5,34.1,0.6,0.9595613433858808,22.08795562599049,0.0,2.6,6.3100000000000005,2.74,73.4,11.5,15.3,3.62,53.0,0.0,17.95524042614454,0.0810627273455856,44.20260647588338,67.9,10.5,128.0,4.9,39.12,6.457954437588989,4.11,0,6.790299003322259,4.4,77.0,-34.78260869565217,97.9,11.47,43.882,2.363,8.49,1,34.9,12.1,15.4,65.7,79.0,51.13,2.7,-5.2,55.5,22.69,24.83,0.0,64.49,56.0,0.0,16.0,0.149,140.0,18.5,14.73
53,200033298,CC des Coëvrons,97.13664834462482,99.39901266366174,59.0,1.2881677194370706,0.7321473293483053,127.96490381044345,1.0,35.75,19.6,7.4,8.07,2.16,12.3,34.2,36.5,22.01,22.97,18.2,81.6,0.2,28.133333333333336,0.8,0.934719210349211,22.773094381889997,2.279294849637055,2.2,0.84,2.99,62.4,19.3,16.3,2.65,11.9,1.0,19.97757023557589,0.453258641157376,35.00733137829912,49.1,37.3,121.0,8.76,57.34,5.525161542189436,3.36,0,5.451111948737278,-3.5,62.0,-23.77880184331797,97.4,10.83,68.217,1.011,11.18,6,34.7,13.0,10.3,39.6,75.3,23.11,2.6,-4.74,86.3,12.48,29.0,0.748,2684.751,54.0,1.0,28.6,0.163,102.0,14.4,17.61
53,200042182,CC du Mont des Avaloirs,98.74843554443054,100.0,49.0,0.0,0.9286025736191064,76.76959589480437,1.0,34.0,23.6,13.2,6.81,-2.7,15.5,36.9,35.5,30.07,33.53,21.4,83.3,1.8,30.65,0.8,1.0945850235013843,20.621521335807053,8.90837724486504,1.6,0.33,2.58,63.4,14.3,11.7,2.65,11.4,2.0,51.32085160818713,0.4948888852105282,37.89023162134944,45.1,19.0,134.0,8.28,57.34,5.582891122487203,3.86,0,5.057123236359096,-1.5,58.0,-33.1353919239905,99.16,8.52,69.128,1.033,10.61,5,37.3,14.5,13.2,51.1,62.8,33.61,2.7,-6.15,84.5,11.96,23.27,0.0,1192.095,54.0,1.0,26.0,0.131,155.0,14.4,15.95
53,200048551,CC du Pays de Craon,100.0,100.0,60.0,2.0531161004040004,1.2258156955920505,12.42082474946751,1.0,40.16666666666666,18.0,4.2,6.68,-1.71,9.2,32.4,33.2,20.28,23.25,16.8,80.4,1.1,31.133333333333336,0.8999999999999999,1.9584528222704063,19.4147927390951,4.419354838709678,2.7,1.16,2.8,72.8,9.6,9.1,2.65,2.3,5.0,0.0,0.5807147041811819,34.772509905724824,48.8,24.2,120.0,12.58,57.34,4.554347988151565,1.4,0,4.603569440578903,-2.7,61.0,-19.280575539568343,99.99,10.37,83.141,1.302,8.5,5,31.6,11.6,11.9,48.6,79.9,32.52,2.4,-5.27,78.8,9.97,23.89,0.699,3112.447,56.0,0.0,28.4,0.258,92.0,14.4,17.04
53,200055887,CC Mayenne Communauté,98.77650897226754,98.60759493670886,48.0,0.517141727253369,0.5455103771807097,128.73507371174756,1.0,34.75,16.400000000000002,5.6,9.39,3.15,10.3,27.200000000000003,40.900000000000006,14.88,9.74,17.2,85.1,1.6,28.9,1.2,3.1956735496558504,27.59104202555987,7.600821542674577,1.5,0.26,2.19,91.6,24.6,42.4,2.65,6.1,2.0,16.164205316516327,1.0000303269641893,35.60689982592182,54.6,21.2,116.0,9.719999999999999,57.34,4.675742843914263,1.37,2,5.509164692104474,-3.4,61.0,-25.088652482269502,96.93,5.44,72.952,1.104,9.33,7,36.6,10.2,11.3,49.2,76.6,27.04,2.5,-5.83,100.5,11.61,12.52,0.546,9172.865,59.0,1.0,33.4,0.199,96.0,14.4,16.02
53,200083392,CA Laval Agglomération,99.68219843903351,99.64543342706932,48.0,0.1422734188486523,2.1851263392199454,74.34082704013116,2.0,38.333333333333336,14.6,2.4,18.45,3.78,6.8,23.3,51.9,6.11,3.47,16.0,80.1,-1.8,27.0,1.7999999999999998,4.222090674838081,36.02154839053792,5.284375218271984,3.1,0.03,2.79,88.5,20.3,54.5,2.65,6.0,6.0,0.0047775283485868,1.6697198093444177,33.525846342673155,58.9,16.2,109.0,14.32,57.34,4.479685147073586,1.92,10,4.447768798313422,-2.4,28.0,-33.394160583941606,94.51,10.43,66.206,1.144,10.04,7,39.3,11.4,11.8,39.5,77.0,25.52,2.8,-2.9899999999999998,119.6,13.15,13.32,0.958,7257.32,,3.0,32.4,0.308,85.0,14.4,17.45
53,245300223,CC du Pays de Meslay-Grez,99.3006993006993,100.0,68.0,1.6670941266991537,1.118417831787614,85.88603740756851,1.0,35.5,17.4,6.1,6.81,0.0,8.7,34.2,29.4,29.33,27.43,16.6,85.1,3.5,29.2,0.8999999999999999,1.8074031231925969,20.67557125510542,0.3146517996870109,2.6,0.36,1.45,88.8,15.6,23.7,2.65,2.5,2.0,0.2012361346117691,0.7361666263521455,34.931409984443505,46.7,26.4,107.0,11.020000000000001,57.34,4.543772906971955,1.45,0,4.906385125396368,-5.2,69.0,-28.5,98.86,9.08,72.404,1.351,9.41,6,29.9,9.6,11.2,50.0,75.3,32.32,2.4,-4.2299999999999995,59.5,17.23,24.45,1.446,2196.295,59.0,2.0,28.2,0.2,76.0,14.4,16.51
53,245300355,CC de l'Ernée,100.0,100.0,45.0,1.2410501193317425,0.4929977790009996,62.47106792323844,1.0,36.0,18.3,5.2,6.32,-2.8,10.6,39.2,29.7,19.47,22.36,17.2,84.3,0.5,27.0,1.0,1.1798249926260935,21.59807750075097,0.6016494845360826,2.1,0.48,2.46,77.2,10.8,27.0,2.65,4.8,0.0,0.0,0.5258637019101048,37.98382437897169,52.8,27.4,118.0,10.02,57.34,4.590165785170334,2.46,0,4.28564586426553,-2.5,66.0,-29.296235679214405,97.63,3.56,79.567,1.033,8.64,4,33.0,10.7,8.9,50.4,76.6,24.33,2.4,-6.3,69.4,10.53,19.6,0.0,4802.619,56.0,0.0,32.0,0.188,92.0,14.4,14.8
53,245300389,CC du Bocage Mayennais,100.0,100.0,53.0,1.156336725254394,0.58549638514692,88.45037045107867,1.0,38.0,21.7,12.8,5.5,-3.18,12.2,37.2,32.1,27.56,26.85,17.599999999999998,78.7,5.0,27.95,0.8,1.5337423312883436,20.80180325229432,2.066352201257861,2.0,0.54,3.29,77.1,9.2,23.0,2.65,1.3,0.0,7.27173215566376,0.7332367531975539,37.41022617643906,51.8,23.9,141.0,18.709999999999997,57.34,5.395090473656201,2.19,0,5.731346460883449,-2.2,66.0,-26.610429447852763,97.29,5.23,82.364,0.956,8.43,2,34.7,14.5,11.7,52.0,67.6,29.2,2.6,-6.08,91.8,16.67,19.67,0.548,3606.496,53.0,0.0,28.3,0.174,153.0,14.4,16.7
53,245300447,CC du Pays de Château-Gontier,98.31338411316648,100.0,59.0,1.3230449568900453,1.9687400975668257,176.16438766343947,1.0,35.333333333333336,15.4,3.5,10.73,-3.66,7.0,28.5,44.8,15.79,10.05,15.1,81.7,-1.0,29.2,1.3,1.436493619295784,27.54587513645579,7.369993992791348,3.0,0.18,2.34,76.8,16.7,29.2,2.65,3.8,3.0,0.2845100801126859,0.8457591633904481,35.43918700239497,55.9,21.1,120.0,9.379999999999999,57.34,4.946381345926801,1.0,3,6.65500826446281,0.1,46.0,-22.93464858199753,99.21,13.51,77.107,1.432,9.17,6,34.5,9.9,11.3,41.7,91.6,30.53,2.5,-3.85,94.4,9.75,10.75,2.338,6579.067,54.0,0.0,29.6,0.234,97.0,14.4,16.4
54,200035772,CC du Pays du Saintois,,,36.0,,,77.86212694409416,1.0,44.25,18.1,3.4,3.05,-6.6,10.3,29.3,38.9,19.93,22.63,14.8,90.8,0.7,29.3,1.4,6.606226720078713,27.741802857436536,2.4020655270655267,3.2,0.0,2.11,103.0,18.4,49.7,4.41,16.8,0.0,4.419429386590585,0.1841184292911364,40.348210584496336,67.4,7.5,104.0,23.22,50.66,4.776154840634478,2.11,0,5.507483466759485,0.9,89.0,-17.928286852589643,98.75,8.98,72.194,1.223,10.36,4,29.9,7.6,10.8,61.8,53.7,26.28,2.5,-3.15,38.2,9.65,31.35,0.0,199.668,,0.0,19.1,1.388,87.0,11.1,11.14
54,200041515,CC du Bassin de Pont-à-Mousson,93.24675324675324,98.86547811993516,36.0,0.6443543190690975,3.115515918968914,62.48491475719469,2.0,27.666666666666668,17.599999999999998,1.3,12.920000000000002,-1.17,9.2,22.9,64.9,5.23,2.44,13.900000000000002,79.3,1.7,29.3,1.5,3.2087157674800397,33.10048780487805,2.1839549106607508,3.9,0.01,3.23,144.3,18.1,47.8,4.41,34.8,3.0,50.19833512951058,0.9423718728233657,37.40428038484194,60.1,26.4,103.0,8.649999999999999,50.66,5.719493275442127,0.75,2,4.874178403755868,2.2,19.0,-14.285714285714285,68.24,4.33,43.004,1.515,9.89,6,33.5,12.5,13.7,40.1,64.2,20.97,2.8,-7.75,75.6,7.52,8.77,0.249,1752.651,64.0,1.0,25.6,0.888,85.0,11.1,13.21
54,200043693,CC Terre Lorraine du Longuyonnais,94.07471017604122,97.45472344591288,31.0,0.5222471200500386,3.877916455929317,88.59750308862735,1.0,37.66666666666666,23.4,2.3,3.18,-15.42,10.9,31.0,61.80000000000001,21.99,16.32,16.8,89.6,3.1,28.85,0.7000000000000001,4.4998043563323336,30.87091757387247,0.2105776736924278,2.6,0.0,1.96,118.8,10.0,31.5,4.41,28.3,0.0,0.350775034856065,0.2048771431965564,23.34081436357807,73.8,12.0,100.0,5.57,50.66,6.851110822398336,0.65,0,7.279979212680265,3.8,66.0,-40.95238095238095,96.3,2.56,69.158,1.864,7.28,5,31.6,14.6,14.5,54.3,32.2,18.13,3.5,-7.24,25.6,10.44,21.67,0.0,23.084,57.0,0.0,15.7,0.603,91.0,11.1,11.33
54,200067643,CC Meurthe Mortagne Moselle,85.66362715298885,98.47609038360484,36.0,16.360088412914205,3.7420033301200593,117.66361763993216,1.0,40.8,17.7,1.9,11.41,0.76,7.7,29.5,53.5,13.77,18.1,14.000000000000002,86.1,4.1,29.3,1.2,4.436071949440933,29.10849530066612,0.8210784313725489,2.5,0.04,3.04,94.9,23.9,43.3,4.41,25.3,0.0,1.5552041191614567,0.388847844910989,34.58799593082401,75.0,18.4,106.0,16.939999999999998,50.66,5.208807592693566,1.82,0,4.860806297709924,2.0,45.0,-35.648148148148145,98.63,11.85,61.522,1.388,10.19,5,30.2,9.3,15.4,54.5,69.2,25.28,2.5,-5.029999999999999,38.8,14.7,19.3,0.0,234.576,64.0,0.0,23.2,1.269,84.0,11.1,11.44
54,200069433,CC de Vezouze en Piémont,96.44322845417236,98.8313856427379,36.0,8.808083493983913,1.4334285451306343,114.143400138217,1.0,42.0,27.9,9.8,4.04,-0.49,14.1,36.6,38.5,24.79,48.44,19.1,83.2,0.4,32.800000000000004,0.6,7.576417312548986,22.83268912203203,0.3142361111111111,2.8,8.83,2.61,120.2,17.7,14.0,4.41,50.6,0.0,4.236159246423176,0.2710248399980341,37.03703703703704,62.3,11.1,124.0,15.379999999999999,50.66,6.943627122770711,3.48,0,6.241073711120579,3.7,82.0,-12.393162393162394,95.28,17.37,41.246,0.838,11.18,5,35.3,17.2,19.0,63.3,46.5,28.3,2.8,-6.05,57.9,20.29,27.9,0.0,79.548,57.0,0.0,11.1,0.78,114.0,11.1,15.83
54,200070290,CC Coeur du Pays Haut,95.83133684714902,98.20627802690582,34.0,1.9894801732488967,4.287257892581413,37.95698785843452,2.0,34.666666666666664,23.6,0.9,4.4799999999999995,-1.74,11.5,33.800000000000004,62.8,6.47,10.63,17.2,90.9,1.6,28.6,1.0,2.448453608247423,32.21684414327202,0.4869925671812465,2.4,0.0,3.44,125.0,19.0,28.6,4.41,17.6,0.0,0.1067869456383129,0.3297498233993248,27.469981040657256,79.1,13.8,101.0,12.389999999999999,50.66,6.568221749867919,2.15,0,5.488604111120668,4.2,84.0,-23.07692307692308,85.83,8.32,64.429,1.745,6.93,5,31.3,17.0,16.3,44.0,41.4,20.1,3.7,-8.33,30.3,7.84,18.24,0.0,323.151,61.0,0.0,16.7,0.67,83.0,11.1,12.54
54,200070324,CC du Territoire de Lunéville à Baccarat,90.81515499425949,98.8621997471555,36.0,12.759999096637232,3.477718905271619,57.43946641680639,2.0,40.5,22.2,2.3,13.71,-1.75,10.8,23.5,60.9,8.27,6.81,16.400000000000002,78.3,3.0,31.950000000000003,1.2,3.669137383338669,31.26903553299492,1.769292679151834,3.9,0.0,4.19,121.4,36.0,67.7,4.41,41.7,0.0,7.355139570181033,0.5129753685837881,40.0,73.8,8.9,112.0,13.96,50.66,6.47914951846102,2.96,3,5.728855177108405,2.4,33.0,-19.305019305019304,92.92,11.03,42.029,1.065,10.96,6,39.7,15.9,17.3,44.4,59.5,23.2,2.9,-5.55,90.5,8.81,17.44,0.493,493.147,62.0,0.0,22.5,0.794,109.0,11.1,14.63
54,200070563,CC Terres Touloises,96.47858319604612,99.17883211678831,36.0,1.2782069575392006,3.690556257701274,67.89871003925967,2.0,31.33333333333333,16.400000000000002,1.7,13.44,8.99,7.8,23.1,54.1,9.85,8.88,14.6,85.1,0.8,29.3,1.3,3.996116767886573,33.02655982083494,2.6661215355482866,4.2,0.01,3.16,158.1,22.5,55.6,4.41,39.5,2.0,43.27741579472377,0.2847936903555687,37.53666992621567,64.9,24.0,99.0,8.09,50.66,5.507034583137009,3.39,2,4.510233587855239,2.7,43.0,-37.5,94.19,22.97,40.449,1.387,11.12,5,33.0,12.7,18.0,47.1,62.9,22.37,2.9,-4.279999999999999,90.6,10.93,11.1,0.452,1154.769,62.0,0.0,24.1,0.724,84.0,11.1,15.35
54,200070589,CC de Seille et Grand Couronné,91.71455938697318,97.9633401221996,36.0,1.960990484201672,4.15852833560938,68.41230020112205,1.0,30.666666666666668,13.7,1.3,1.44,12.12,5.9,29.0,42.6,15.98,20.85,10.8,90.1,1.0,29.3,1.7999999999999998,4.74808757583751,34.90355798048106,3.55921052631579,3.0,0.0,2.11,98.1,18.3,38.7,4.41,19.0,0.0,0.3956824192250201,1.1078118196572004,36.17154158426148,65.2,12.7,104.0,7.449999999999999,50.66,4.062748677530984,1.06,0,4.642194002774517,-1.7,88.0,-4.867256637168142,96.26,14.86,66.227,1.367,9.23,7,24.3,6.0,12.1,54.7,72.0,25.53,2.6,-3.54,31.3,10.69,16.95,0.528,301.863,61.0,2.0,23.1,1.049,75.0,11.1,10.67
54,200070738,CC Mad et Moselle,96.0,99.93577392421324,35.0,0.0228277928377799,4.289062932418664,899.1838269863658,1.0,34.8,17.9,2.4,3.8699999999999997,29.41,8.2,27.3,52.2,15.99,19.37,14.099999999999998,86.1,0.8,28.65,1.4,4.178854993731717,30.9960832501344,0.9619565217391304,2.3,0.22,1.57,97.8,11.7,29.0,4.41,33.8,0.0,95.4364730939755,0.2005480764861523,41.42224966553463,70.3,13.0,99.0,10.89,50.66,5.116434857771493,4.7,1,5.5721072107210725,-2.5,84.0,31.413612565445025,96.8,9.18,55.947,1.666,7.88,6,29.5,7.4,12.0,49.1,74.3,26.22,2.7,-3.36,51.4,12.94,20.17,0.0,380.261,63.0,2.0,20.3,0.532,96.0,11.1,11.67
54,200070845,CC Orne Lorraine Confluences,94.84386347131444,99.21325051759834,36.0,0.1670928951534564,4.850029183972391,108.04152026899392,2.0,34.0,22.6,1.1,9.59,2.64,10.2,27.3,66.7,3.97,1.64,17.9,89.1,0.5,28.3,1.0,2.365184484389782,33.519409871550224,1.319952774498229,2.8,0.0,3.22,137.7,18.1,41.9,4.41,20.6,1.0,11.57937389548094,0.3836345614381173,33.32960935463449,64.7,30.1,107.0,10.76,50.66,6.480409470864572,0.76,2,5.11487797983605,-4.2,44.0,-5.533596837944664,70.24,3.18,64.008,1.724,7.08,6,36.0,15.3,16.6,36.9,50.8,19.43,3.0,-7.06,67.4,6.2,12.9,0.0,535.694,61.0,1.0,17.6,0.968,98.0,11.1,13.84
54,245400171,CC Moselle et Madon,99.56140350877192,99.35897435897436,36.0,0.0,7.466198333954511,716.2111834193959,2.0,44.0,15.5,1.2,6.3,2.95,6.9,27.200000000000003,61.6,4.18,0.74,12.6,86.6,0.2,29.3,1.3,3.582576617480136,39.24432706300868,3.219414101290963,3.1,0.03,2.84,110.5,25.1,47.2,4.41,48.1,5.0,3.648232760884408,0.4278324605149979,32.85859257444798,67.7,15.4,111.0,20.349999999999998,50.66,5.3562137354941965,1.77,0,4.793347338935575,7.4,38.0,-24.65753424657534,66.64,12.52,29.525,1.014,11.55,4,30.9,7.4,13.2,46.8,66.7,20.32,2.6,-2.54,58.4,5.68,17.68,0.0,557.091,63.0,1.0,27.9,1.444,101.0,11.1,11.6
54,245400189,CC des Pays du Sel et du Vermois,97.65886287625418,100.0,36.0,0.1216870695319915,11.929355288501894,52.55699185583088,2.0,41.5,18.9,0.8,10.489999999999998,2.96,8.3,25.0,59.2,3.92,1.79,15.6,84.0,0.8,29.3,1.2,3.0664157781030035,36.83897158322057,2.4769433465085635,3.9,0.0,2.79,113.3,33.3,53.2,4.41,14.1,7.0,1.563529921942758,0.6606437965568969,30.59365439483001,66.4,21.6,107.0,10.18,50.66,5.707503011529856,0.7,1,5.173464119772845,-3.1,26.0,-68.46846846846847,80.27,9.76,57.5,1.172,11.32,6,33.4,10.3,14.7,42.0,73.9,19.72,2.7,-3.75,63.7,5.56,14.94,0.0,833.247,62.0,1.0,21.9,1.158,100.0,11.1,11.11
54,245400262,CA Grand Longwy Agglomération,97.46759720837488,99.30738786279684,32.0,1.217348177681306,18.04457079532524,124.9419652740441,3.0,28.5,20.5,1.1,22.509999999999998,-0.02,8.3,25.2,78.10000000000001,3.12,1.21,15.1,83.0,-1.7,28.6,1.1,0.9741535077382356,36.49800871354877,1.8443078992418684,1.9,0.0,3.61,114.2,7.8,43.2,4.41,32.0,0.0,0.0,0.9667464782701451,27.276522707241263,76.4,17.4,92.0,22.189999999999998,50.66,6.562395018890847,0.94,3,3.7986019392455614,-5.8,25.0,23.33333333333333,39.66,3.33,43.87,2.099,5.86,6,37.3,21.1,19.0,34.4,24.8,15.54,4.6,-6.3,51.1,6.05,10.57,0.0,300.753,,0.0,18.5,0.734,77.0,11.1,11.91
54,245400510,CC du Pays de Colombey et du Sud Toulois,89.3646408839779,96.1698584512906,37.0,1.3539608905067364,2.351931360146992,111.27999644223073,1.0,40.8,17.7,4.1,2.27,-8.04,9.2,29.6,35.8,29.29,35.2,13.3,87.3,0.4,29.3,1.0,5.874499332443258,26.40062394384505,0.0,3.4,0.79,2.67,108.6,13.0,38.7,4.41,46.1,0.0,0.2112995254092678,0.1155350097896191,37.234974592605575,79.9,16.400000000000002,98.0,23.01,50.66,4.514496480949453,2.67,0,5.367700008781944,0.1,79.0,-21.0,99.9,11.48,40.597,1.031,10.8,4,27.2,9.4,13.4,61.8,78.4,24.83,2.4,-5.949999999999999,62.8,15.74,22.87,0.0,254.074,62.0,0.0,15.5,0.508,74.0,11.1,15.87
54,245400601,CC du Bassin de Pompey,99.2827868852459,100.0,36.0,4.0495919257367134,8.498632439500337,83.55984905660377,2.0,21.0,17.8,0.7,15.8,-1.33,7.2,19.0,71.10000000000001,3.11,1.43,14.3,85.3,2.8,29.3,1.5,3.533033866653207,39.226960549433,4.203947368421052,4.5,0.0,4.29,140.6,26.5,59.7,4.41,56.9,1.0,16.609324964775205,0.4591529413338037,32.751691255398285,57.1,14.2,110.0,7.969999999999999,50.66,5.529405464163557,2.78,0,5.279730332622813,2.1,31.0,22.727272727272727,27.53,16.89,19.741,1.99,8.87,7,32.3,11.4,13.7,41.7,71.6,17.64,2.8,-3.34,75.8,6.23,15.23,0.252,969.071,65.0,0.0,22.0,1.103,103.0,11.1,13.3
54,245400676,Métropole du Grand Nancy,99.86504723346827,100.0,36.0,4.058670511173097,7.30259879361858,0.0,4.0,34.5,16.1,3.1,22.43,0.93,9.4,21.6,62.8,0.51,0.06,15.6,61.7,-1.7,29.3,2.1,2.203649770727475,46.085428877544594,5.362243020137757,4.8,0.0,3.8,144.6,27.3,97.8,4.41,21.0,8.0,2.017165277096616,1.6688799875355962,36.9061102149615,73.7,9.1,89.0,12.73,50.66,5.5192315057339005,1.55,18,4.130403024333765,-14.6,3.0,11.956521739130435,3.73,4.16,19.467,2.362,10.39,6,51.7,19.0,12.1,38.7,71.1,30.72,3.9,-2.75,137.2,1.65,5.35,0.0,1093.684,,2.0,21.7,2.034,83.0,11.1,20.25
54,245400759,CC du Pays du Sanon,99.85875706214688,100.0,36.0,9.926082365364309,4.169008195990653,137.0990913766501,1.0,35.25,18.4,3.6,0.4,0.0,7.8,30.6,42.3,34.27,26.66,13.6,85.4,-2.0,29.3,1.1,6.557377049180328,27.921760391198045,6.370816599732263,1.8,0.09,1.73,68.1,20.9,41.0,4.41,23.5,1.0,2.7202746657029278,0.2233307280042679,34.792939579090294,54.1,17.8,107.0,11.17,50.66,4.705682695090189,1.73,0,6.7651924375422015,2.0,78.0,-28.64864864864865,99.6,3.44,78.281,2.033,7.87,5,28.1,7.9,13.1,65.1,49.8,23.3,2.5,-5.71,35.3,12.54,14.43,0.0,151.052,59.0,0.0,22.7,0.7,95.0,11.1,11.76
55,200033025,CA de Bar-le-Duc - Sud Meuse,98.98692810457516,99.48794185662372,43.0,0.5222291492927641,7.938188360552939,62.02848101265823,1.0,40.5,23.0,2.2,20.59,-9.48,12.0,26.200000000000003,61.8,5.14,6.17,16.5,78.1,0.6,31.6,1.1,4.718530685381514,33.49722005238249,3.402852517828236,2.5,0.0,4.18,103.6,21.7,55.3,3.04,44.6,0.0,0.4378166570993585,0.175380443524799,38.226697919379575,72.6,12.5,122.0,11.57,43.5,6.173483309143686,2.39,2,6.0222060957910015,-1.9,38.0,-21.666666666666668,79.76,7.43,41.801,2.042,7.23,6,44.0,14.1,18.7,45.8,83.1,33.39,2.9,-2.77,128.0,12.03,12.03,0.0,915.01,60.0,0.0,27.2,0.43,142.0,18.2,17.49
55,200034874,CC Côtes de Meuse Woëvre,99.64483030781372,98.60335195530726,48.0,1.169380929735798,1.2202864506468345,76.38951060631368,1.0,39.0,20.7,12.0,0.6799999999999999,-5.56,9.1,28.2,31.8,42.36,39.46,17.299999999999997,86.6,1.0,31.1,0.8999999999999999,8.983530194643153,21.153385977506577,1.167264290234128,3.0,3.2800000000000002,1.66,91.7,18.2,17.2,3.04,39.0,0.0,97.415033438603,0.1464122325638162,42.48788368336026,40.8,27.800000000000004,111.0,20.54,43.5,5.400729325821239,1.66,0,6.986463903743315,8.1,87.0,28.57142857142857,100.0,10.21,46.511,1.741,12.18,6,33.5,12.3,12.1,65.3,64.4,50.07,2.8,-6.94,55.8,14.84,29.72,0.0,195.477,58.0,0.0,20.6,0.217,88.0,18.2,15.99
55,200049187,CA du Grand Verdun,97.99440298507464,95.9323399113975,44.0,1.7113492025015755,3.633429326757547,87.40348171000441,2.0,37.0,21.3,2.2,19.12,2.26,10.9,24.4,63.3,4.32,2.92,17.0,76.4,-0.4,32.9,1.6,5.569284107254823,37.03614457831325,2.9528843249773487,3.9,0.75,3.69,149.6,39.4,90.3,3.04,46.5,1.0,40.905443079986725,0.2588006694406409,43.11745179744332,76.5,11.8,111.0,20.05,43.5,6.476858317914994,1.48,7,5.293012013420397,-3.8,19.0,-11.30952380952381,73.53,6.9,38.714,2.034,7.9,6,45.9,16.9,18.4,44.0,78.9,37.55,3.2,-4.58,133.8,11.24,11.36,0.0,559.715,,1.0,27.0,0.397,109.0,18.2,18.65
55,200066108,CC des Portes de Meuse,99.20318725099602,99.45317840054685,43.0,3.670358118797641,2.2017176477920217,150.60745750093065,1.0,39.333333333333336,22.1,5.1,5.62,-6.35,12.2,28.3,41.5,24.73,28.21,17.299999999999997,89.3,2.3,30.950000000000003,0.8999999999999999,5.811410360557395,25.213675213675213,0.4705026455026456,2.0,0.13999999999999999,1.87,103.0,16.6,18.2,3.04,40.5,0.0,2.058083214228998,0.0741876186844218,38.05742211362248,46.4,32.9,116.0,7.37,43.5,5.661929512527846,1.25,0,7.145775413997341,-2.2,66.0,-20.689655172413797,95.88,3.09,50.053,2.157,6.55,5,32.5,11.4,15.8,54.5,88.6,32.99,2.6,-7.99,54.7,21.18,23.47,0.0,321.319,58.0,0.0,21.6,0.315,123.0,18.2,15.44
55,200066116,CC Argonne-Meuse,96.79012345679013,90.59139784946235,43.0,0.6797766448167031,3.7361631545523553,96.72833453496756,1.0,42.0,24.8,12.2,7.17,-1.35,12.6,31.8,38.9,38.33,48.37,16.3,83.4,1.2,31.0,1.1,8.86756796045937,23.032873806998943,0.0584795321637426,3.6,2.07,4.36,117.9,24.5,30.1,3.04,37.9,0.0,11.42209855307093,0.0594329808044051,44.226393629124,55.5,16.5,126.0,8.25,43.5,6.52569195799976,4.36,0,5.733173753872149,0.0,100.0,-20.66869300911854,95.61,5.44,55.235,1.793,8.58,5,33.3,15.6,18.8,65.1,57.5,43.47,2.8,-6.529999999999999,74.2,23.63,30.05,0.0,301.479,55.0,0.0,18.5,0.358,134.0,18.2,16.53
55,200066132,CC du Pays de Stenay et du Val Dunois,98.06763285024157,82.66666666666667,43.0,0.1576375387525616,6.306727619064664,139.14404548804885,1.0,37.66666666666666,27.6,11.1,3.3099999999999996,0.0,16.2,31.0,46.3,28.48,31.7,20.0,83.2,1.1,31.0,0.4,6.256627783669141,21.366824335344965,0.0214440291166633,2.5,0.0,2.12,89.0,15.8,27.8,3.04,35.4,2.0,6.293020838041856,0.0603972673013745,38.92215568862275,59.2,20.8,133.0,6.660000000000001,43.5,7.377422122296839,3.18,0,6.270759991716711,-3.9,63.0,-20.0,96.25,7.38,53.662,1.243,12.63,5,37.4,19.6,20.0,63.0,61.1,37.43,3.1,-10.74,82.3,32.85,34.66,0.0,238.489,53.0,0.0,18.0,0.38,124.0,18.2,18.03
55,200066140,CC de l'Aire à l'Argonne,99.69869434214932,99.30675909878684,43.0,1.006199487162842,1.9726865965572484,151.51006397253863,1.0,40.75,21.4,9.0,2.35,0.0,11.6,31.6,35.900000000000006,56.44,62.36,16.2,85.0,3.8,32.25,1.2,10.96834848010028,22.817899867080197,0.0,2.9,32.29,1.57,87.3,16.0,9.8,3.04,31.1,1.0,12.127633619975605,0.0649475536237985,42.09398438695852,51.0,18.2,128.0,15.03,43.5,5.387882456526524,3.13,0,6.812326656394453,2.6,97.0,-5.072463768115942,99.57,4.9,66.311,1.701,8.03,5,32.0,10.7,12.2,69.2,56.5,42.15,2.7,-5.74,45.7,19.62,23.36,0.0,560.233,58.0,0.0,24.9,0.264,117.0,18.2,13.35
55,200066157,CC de Commercy - Void - Vaucouleurs,98.84615384615384,98.60759493670886,43.0,1.991778615925753,1.5029012789216152,86.06896394962949,1.0,41.4,25.5,4.6,14.14,-3.96,10.9,27.1,50.7,16.31,18.73,18.2,82.6,0.8,30.450000000000003,0.8999999999999999,4.965379008746356,25.531914893617024,0.8856469735411381,3.3,0.38999999999999996,3.19,93.8,22.4,65.3,3.04,40.9,2.0,16.536687837230215,0.0989729486404286,37.03045121138031,59.9,23.8,115.0,9.16,43.5,6.91937258600557,2.28,0,6.842180903619869,4.4,49.0,0.0,95.96,10.7,52.009,1.614,10.08,5,36.6,15.7,18.5,57.2,70.5,37.86,2.8,-7.969999999999999,84.3,16.67,26.85,0.0,329.407,56.0,0.0,22.0,0.374,103.0,18.2,15.65
55,200066165,CC Val de Meuse - Voie Sacrée,100.0,98.95536562203228,44.0,1.2899251073333204,1.7160709733378028,119.56201117318436,1.0,37.0,18.3,3.3,6.569999999999999,-1.2,8.2,25.7,45.1,27.27,29.98,14.000000000000002,88.8,2.8,32.9,0.8,5.967124521504166,28.356500408830748,1.0625966625966623,3.6,2.33,1.13,105.8,22.7,32.4,3.04,42.7,1.0,4.988905051196486,0.121862680710812,33.92640070726047,54.2,26.8,114.0,6.47,43.5,5.458674253111384,1.13,0,6.480798771121352,-1.7,100.0,-10.576923076923077,97.3,3.94,47.264,2.048,7.16,6,27.8,11.3,13.6,61.9,65.3,29.27,2.6,-7.9399999999999995,51.7,16.8,16.96,1.126,424.356,59.0,0.0,25.7,0.309,96.0,18.2,15.38
55,200066173,CC de Damvillers Spincourt,97.94212218649515,93.29155915960192,44.0,1.115942028985507,2.2235123364991924,75.79443757725588,1.0,37.333333333333336,23.9,6.8,2.4899999999999998,-2.3,11.2,32.300000000000004,40.900000000000006,39.34,40.14,17.9,88.7,5.1,30.2,0.8,8.213041314086611,23.151515151515152,0.0,3.4,0.04,2.49,110.0,10.3,24.0,3.04,30.1,2.0,24.68212653743181,0.0791672912427634,33.842794759825324,57.7,13.4,103.0,12.33,43.5,6.412032540067995,3.73,0,7.715760077707625,0.3,92.0,-6.25,98.64,5.56,62.233,1.537,9.55,6,31.9,15.1,13.7,68.0,53.2,35.59,3.2,-9.45,40.2,16.12,28.68,0.0,35.177,58.0,0.0,16.0,0.343,77.0,18.2,14.51
55,245500327,CC du Sammiellois,99.06542056074768,98.58490566037736,44.0,1.4481975811186347,1.1672681555080022,148.8234022104757,2.0,40.0,24.5,5.1,10.059999999999999,-23.0,13.1,27.200000000000003,56.6,13.05,17.44,18.2,81.1,2.3,32.9,0.8,4.380094902056211,27.69934380592563,0.0690322580645161,2.9,0.0,2.43,118.4,37.1,28.1,3.04,49.9,0.0,45.87931104029688,0.1072423602434007,40.987535953978906,57.6,23.6,116.0,4.92,43.5,7.707541260189763,2.43,0,7.038587464920487,-13.4,35.0,-48.94736842105264,96.01,15.38,37.713,1.499,12.82,6,37.4,16.3,26.8,57.0,84.4,42.46,2.8,-0.43,88.1,9.26,29.37,0.0,173.778,57.0,1.0,28.9,0.415,131.0,18.2,17.8
55,245501176,CC du Territoire de Fresnes-en-Woëvre,99.63779052218533,98.5740291262136,49.0,1.2383754872417838,1.4542296414732243,25.25047120418848,1.0,39.66666666666666,22.5,6.5,0.43,-10.0,9.7,30.8,38.9,40.73,39.68,15.7,88.4,3.6,32.9,0.8999999999999999,8.748177463028535,23.64864864864865,0.8449612403100775,3.2,1.54,2.08,129.5,8.6,15.5,3.04,30.2,1.0,43.81297251192184,0.1152783789196725,41.99959024790002,66.7,2.6,108.0,35.79,43.5,5.657533226056381,2.08,0,7.708385481852315,-2.1,95.0,-24.12280701754386,100.01,3.82,59.722,2.195,8.67,6,31.5,12.8,10.9,69.3,54.6,43.74,2.8,-8.540000000000001,44.6,18.13,25.44,0.0,65.56,58.0,0.0,18.7,0.405,100.0,18.2,13.41
55,245501184,CC du Pays de Revigny-sur-Ornain,98.1818181818182,97.75280898876404,43.0,0.0,4.500450013141977,311.4277498202732,0.0,40.5,21.2,2.3,9.86,-23.02,10.3,29.5,47.1,17.79,16.31,16.6,84.8,2.4,31.6,0.7000000000000001,4.251576015247031,25.59950809592129,0.1233016304347826,4.7,0.0,2.93,143.9,13.0,41.9,3.04,28.4,1.0,21.82493627637074,0.0708782644753746,39.44914646392196,53.9,38.4,121.0,18.96,43.5,6.592793677237659,4.4,0,5.54546716645842,11.9,58.0,-37.5,98.99,3.65,60.157,1.468,10.07,6,34.9,12.4,14.6,54.8,84.0,28.73,2.6,-9.180000000000001,86.5,18.0,18.06,0.0,292.641,55.0,0.0,22.7,0.511,112.0,18.2,15.26
55,245501242,CC du Pays d'Étain,98.22616407982262,97.74436090225564,49.0,0.8682628231565694,0.1506424271535278,17.832442544094068,1.0,37.333333333333336,24.2,2.3,7.03,-0.92,9.9,34.8,50.2,21.87,22.38,17.299999999999997,87.4,4.9,32.9,0.5,5.7772403600698645,24.220183486238536,0.3018672199170124,3.3,0.0,2.69,170.2,12.2,31.1,3.04,22.7,1.0,4.368772832945865,0.1433190601297605,35.80393711190382,77.7,20.9,101.0,8.690000000000001,43.5,6.462378640776699,1.34,0,4.9881920755707165,2.5,52.0,-32.544378698224854,96.65,4.11,59.72,1.924,6.89,6,30.8,16.1,17.3,59.8,46.3,34.53,2.9,-13.819999999999999,75.8,8.69,19.15,0.0,725.327,60.0,2.0,22.4,0.543,88.0,18.2,20.55
55,245501259,CC du Pays de Montmédy,95.22613065326632,95.3623188405797,43.0,0.5187020920984382,3.057943838683099,332.954932832587,1.0,43.66666666666666,22.8,7.0,7.08,-3.18,14.6,29.0,44.8,38.26,29.31,19.4,89.2,-0.8,29.1,0.7000000000000001,5.393586005830904,26.893617021276597,0.0,1.7,0.0,2.92,144.6,11.3,21.1,3.04,31.2,0.0,1.193397962940238,0.1932763498642331,34.34085426422591,66.7,6.0,94.0,17.22,43.5,7.122705024574516,1.46,0,6.361387546204151,-0.4,94.0,-42.07650273224044,96.35,11.37,55.384,1.063,9.28,5,36.2,16.2,20.3,63.5,44.7,35.13,3.3,-0.75,47.1,25.76,39.36,0.0,78.047,54.0,0.0,14.1,0.469,86.0,18.2,13.46
56,200027027,CC Arc Sud Bretagne,100.0,100.0,14.0,0.1702316337882081,0.508633316929195,33.537243299686736,1.0,39.0,14.499999999999998,27.9,3.3099999999999996,8.93,5.5,24.9,26.3,15.23,8.52,16.7,87.3,1.9,36.25,1.1,0.583931576958747,30.228860515538432,4.156751605136438,3.6,0.12,2.4,110.1,23.1,45.8,3.32,10.1,1.0,16.621933054158117,1.060516627631355,45.63672493348152,64.7,16.400000000000002,139.0,8.68,74.41,4.694034112834761,0.34,0,4.258454889249054,2.5,62.0,-18.93004115226337,92.07,8.93,62.141,0.71,13.08,5,34.5,9.2,12.5,45.9,89.9,31.36,2.6,-4.67,76.9,8.67,28.92,2.061,1915.395,55.0,0.0,30.7,0.244,140.0,22.5,15.58
56,200042174,CA Lorient Agglomération,98.59943977591035,100.0,14.0,2.075098814229249,2.867819934735771,67.39655297620489,2.0,39.57142857142857,14.4,8.2,17.48,3.16,5.9,24.3,55.50000000000001,4.65,2.7,16.0,78.6,-2.0,35.5,1.4,5.621945769846189,37.509355120369214,4.683276228733459,4.2,0.35000000000000003,3.36,203.9,32.5,72.1,3.32,24.7,4.0,3.4328254753523515,0.9812977422375576,39.00426609160377,69.2,16.1,117.0,13.81,74.41,5.435790658944875,1.3,7,4.655378222498812,0.5,15.0,-29.33753943217666,43.5,12.71,42.56,1.187,11.81,7,43.7,12.7,15.0,42.3,74.9,27.59,2.9,-3.2099999999999995,105.7,5.44,16.12,0.577,945.056,,4.0,27.8,0.252,123.0,22.5,17.15
56,200043123,CC Auray Quiberon Terre Atlantique,100.0,100.0,14.0,0.0,1.1155661712079097,68.73489049148267,1.0,42.333333333333336,14.6,35.7,7.66,5.84,4.6,20.9,38.5,3.48,3.13,15.8,84.6,-0.7,38.6,1.4,1.5598567568161346,37.79713732584341,4.92120422022799,4.2,0.06,3.19,195.1,25.5,55.4,3.32,23.2,1.0,23.830539687312086,1.4790453706683335,50.68789182018529,70.1,15.9,130.0,12.98,74.41,4.714987434315742,1.76,2,4.5384395704820655,1.9,29.0,-23.202614379084967,56.93,10.79,36.523,0.934,12.68,6,38.2,9.6,12.2,46.0,84.0,32.28,2.8,-2.85,82.5,13.5,31.5,1.428,1258.425,59.0,0.0,32.4,0.22,140.0,22.5,15.57
56,200066777,CC Ploërmel Communauté,100.0,100.0,14.0,1.774616076024245,,64.48705310819734,1.0,39.16666666666666,18.6,10.2,4.38,-3.32,11.1,30.0,32.8,19.71,15.76,18.2,86.7,2.1,34.8,0.8,0.0700247420755333,24.806800618238015,5.60551787916153,3.0,0.52,3.03,172.6,18.9,32.7,3.32,17.1,10.0,0.781307811844799,0.5842125327282504,38.155515370705245,55.7,21.4,124.0,15.260000000000002,74.41,5.54481037414966,0.93,4,4.196095238095238,1.3,64.0,-35.34172661870504,100.0,10.41,62.214,1.599,8.51,6,37.2,12.4,12.9,57.1,70.8,29.55,2.6,-4.0,97.8,14.03,15.77,2.101,1130.425,57.0,0.0,28.6,0.29,120.0,22.5,16.79
56,200066785,CC de l'Oust à Brocéliande,,,14.0,0.0,,77.28088976717083,1.0,40.0,17.2,8.8,4.03,-2.9,9.9,29.4,31.3,16.75,13.62,17.4,85.1,1.5,35.46666666666667,0.8999999999999999,0.4763695624921649,25.354954416380213,3.4611202736546334,3.0,0.06,2.26,167.0,18.9,27.9,3.32,22.0,9.0,0.5844918952618454,0.6705406203290519,36.303227224977405,48.9,20.1,116.0,5.64,74.41,4.8631030261716015,1.0,4,3.4874419559249854,0.5,57.0,-21.550855991943603,99.61,11.9,58.187,1.287,9.93,6,35.0,10.5,11.7,49.5,76.5,37.16,2.5,-3.36,102.7,9.04,18.5,1.254,1923.143,57.0,0.0,29.2,0.348,105.0,22.5,16.33
56,200067932,CA Golfe du Morbihan - Vannes Agglomération,0.0,0.0,14.0,0.0,0.8599195013639221,49.55182315900047,2.0,42.44444444444444,11.2,20.7,13.77,6.91,5.5,18.4,43.7,5.74,3.28,14.7,80.6,-3.0,37.7,1.7999999999999998,5.767531890231208,41.13715384300732,3.77035991658277,4.6,0.91,2.7,165.1,31.1,74.3,3.32,17.0,4.0,59.54436908035442,1.4214160340880515,43.59681976476772,71.1,13.5,121.0,14.27,74.41,4.56926842978656,0.73,4,3.8758276195188617,1.2,25.0,-24.48275862068965,56.55,16.49,43.916,1.119,11.67,6,41.1,9.9,12.0,44.5,78.6,34.84,3.1,-3.83,111.4,10.97,15.41,1.125,3348.775,,0.0,32.4,0.212,123.0,22.5,17.14
56,200096675,CC Baud Communauté,,,14.0,0.0,,135.72922583034944,1.0,40.5,18.1,8.9,2.33,-3.41,9.4,32.300000000000004,36.7,18.04,10.12,17.9,90.2,0.4,29.8,0.8999999999999999,0.6699555393142091,26.065795403334835,5.896545454545454,2.3,0.01,3.05,161.7,25.3,36.3,3.32,20.6,3.0,0.1268931805433127,0.6211832650855523,34.536143860902705,57.8,23.7,112.0,5.029999999999999,74.41,,0.61,0,,-4.1,50.0,-27.061855670103093,100.0,4.72,57.734,2.53,9.47,6,35.8,9.9,10.9,56.5,75.5,25.88,2.4,-4.44,65.9,8.5,26.5,1.218,497.201,,0.0,25.2,0.289,100.0,22.5,15.09
56,200096683,CC Centre Morbihan Communauté,,,14.0,0.0,,0.7004987345541164,1.0,39.0,18.1,4.4,5.4399999999999995,-0.32,9.6,26.6,35.7,13.93,9.12,17.9,87.7,2.4,33.75,0.8,0.4814279894826501,25.60881115784813,0.3061732895856118,3.2,0.0,2.96,160.2,23.3,39.1,3.32,13.4,7.0,0.0,0.8547411928006778,34.050050337983606,39.8,43.0,109.0,13.930000000000001,74.41,,1.11,1,,-1.4,50.0,-12.071535022354697,100.0,6.8,65.623,1.786,8.55,6,34.6,10.6,12.1,44.9,72.0,23.4,2.5,-6.069999999999999,92.2,11.75,25.75,0.0,1908.169,,0.0,29.4,0.192,84.0,22.5,15.8
56,245600440,CC Blavet Bellevue Océan,,,14.0,0.0,,8.884997017838746,1.0,41.5,10.9,13.5,6.61,7.33,5.3,19.8,33.2,6.71,1.7,12.8,90.0,-0.9,35.5,1.1,0.8617439543275704,33.11179150175491,2.7467495760316565,3.9,0.0,2.69,208.6,31.9,40.5,3.32,28.5,1.0,13.854953699909858,1.504395653707522,31.780217471240217,48.3,45.8,117.0,6.21,74.41,4.211033736544224,0.54,0,4.188880257463101,-7.8,46.0,-28.28282828282828,56.4,8.91,34.269,1.382,14.96,6,28.5,6.9,10.8,55.9,95.0,25.74,2.5,-2.92,64.4,7.6,16.4,1.616,576.772,55.0,0.0,28.0,0.139,98.0,22.5,13.91
56,245600465,CC de Belle Ile en Mer,,,14.0,0.0,,101.79020349360708,2.0,30.0,19.9,57.2,6.69,-2.11,2.1,20.1,6.6000000000000005,23.64,,18.3,68.2,-2.0,38.6,3.2,7.329281372899535,41.11761835041484,0.7038174637999123,5.7,0.77,1.79,88.2,20.1,61.9,3.32,27.3,0.0,47.435004051394834,0.8775889424240088,82.0674000349223,76.9,7.000000000000001,128.0,8.72,74.41,6.591759857195359,1.79,2,4.801176038221242,11.5,50.0,-38.01652892561984,84.58,24.41,37.228,0.151,17.89,5,42.3,11.2,17.3,60.0,62.4,53.99,3.1,-3.75,96.9,23.5,68.5,0.0,0.0,51.0,0.0,15.9,0.216,174.0,22.5,19.91
56,245614383,CC Questembert Communauté,100.0,100.0,14.0,0.2091169138623115,0.5086333169291951,5.637591934550864,1.0,39.0,15.7,11.0,3.8699999999999997,4.06,6.5,21.2,28.9,15.44,11.56,17.2,86.4,1.5,36.25,0.8999999999999999,0.3279226102639776,25.731602791722786,2.541639922978177,3.2,0.0,2.46,146.4,20.1,36.1,3.32,20.1,0.0,7.568199128659782,0.9192544802013002,37.704918032786885,59.8,31.4,117.0,10.66,74.41,4.996919465598185,2.46,1,4.005744698825716,-5.1,63.0,-38.793103448275865,96.01,19.83,53.486,0.893,13.53,6,32.6,10.5,12.6,51.5,76.4,35.83,2.5,-4.34,66.4,10.92,24.38,1.23,982.007,58.0,1.0,28.0,0.182,94.0,22.5,15.69
56,245614417,CC Roi Morvan Communauté,,,14.0,0.0,,75.46044297413967,1.0,40.333333333333336,25.8,13.4,3.3300000000000005,-1.23,13.2,36.7,36.7,29.23,32.08,20.6,84.2,1.6,34.3,0.8,0.9577397342272236,23.799671392928857,2.5334839073969517,2.3,0.19,2.79,197.3,10.3,21.4,3.32,17.8,8.0,3.9789454554894985,0.3374664737670175,42.78157457816904,55.1,33.1,134.0,15.690000000000001,74.41,6.865643766968391,9.18,1,4.09848207382086,-0.8,68.0,-35.87155963302752,100.0,11.85,54.841,1.013,12.09,6,41.3,17.7,16.3,56.4,66.2,36.55,2.8,-5.16,88.9,16.95,29.38,0.798,217.383,53.0,0.0,23.0,0.205,163.0,22.5,19.33
56,245614433,CC Pontivy Communauté,100.0,100.0,14.0,0.0111006887977399,0.5934274993553276,148.57639264760007,2.0,40.4,18.0,6.3,6.9,-1.3,9.5,25.1,43.0,15.35,11.78,17.7,86.1,1.3,29.8,1.0,1.5858533194299618,28.991764080765144,5.626968716289105,2.5,0.1,2.61,172.3,21.0,45.8,3.32,10.1,8.0,0.5669088287488908,0.7279826117294462,37.47952798891362,58.1,26.4,117.0,14.77,74.41,5.536039788469489,1.09,4,4.258887305084014,0.8,55.0,-34.66884709730172,99.99,6.09,67.487,3.128,8.34,8,38.2,11.9,15.5,52.8,63.4,28.78,2.6,-4.95,109.3,12.71,15.54,0.434,550.75,59.0,1.0,25.2,0.248,105.0,22.5,16.22
57,200039865,Metz Métropole,100.0,100.0,30.0,7.185749127292444,5.984955070874435,37.6892999532749,3.0,29.666666666666668,16.0,1.8,26.43,3.74,9.3,18.4,71.4,1.13,0.23,14.4,67.6,-3.1,28.0,2.1,2.6485580555241968,42.163186695606974,4.455765155702966,4.2,0.16,2.65,166.5,30.0,81.0,3.32,20.1,2.0,9.284622024910592,1.4554903809156514,40.121822033898304,74.3,11.0,92.0,13.270000000000001,45.4,5.73296239311277,1.48,15,3.84509020298494,13.9,11.0,34.394904458598724,19.66,6.25,50.562,2.135,7.89,6,44.1,18.5,14.9,35.7,60.2,26.71,4.0,-5.74,123.5,4.7,9.0,0.0,1523.288,,1.0,21.4,1.41,87.0,10.7,16.46
57,200039907,CC du Sud Messin,100.0,100.0,30.0,6.048019912175972,2.706913139752381,2.6378818495186023,1.0,39.5,12.6,1.1,3.7699999999999996,6.17,5.8,19.9,59.6,14.43,15.77,10.6,90.9,2.6,28.0,1.4,3.111606880760876,35.02820102702248,0.6143829787234042,3.1,0.03,1.76,115.6,20.3,47.4,3.32,14.6,0.0,0.7424957976466822,0.5993958353304369,36.19025735294117,71.3,15.5,98.0,17.98,45.4,4.110152401949205,7.63,0,6.787188437748791,-0.2,70.0,-34.14634146341464,95.74,4.88,80.854,1.691,8.2,5,24.2,5.8,9.9,53.7,85.1,20.25,2.6,-3.0,46.4,6.97,17.15,0.0,479.665,62.0,2.0,30.0,1.036,69.0,10.7,8.81
57,200039949,CC Rives de Moselle,100.0,100.0,30.0,8.629895447885364,6.427589468784986,32.950475435816166,2.0,32.333333333333336,14.8,0.7,15.58,9.86,6.4,17.4,81.9,2.03,0.07,13.8,83.3,1.0,28.0,1.4,2.503670795527277,35.86229161775064,5.015546043635932,5.0,0.05,2.26,211.9,34.3,92.7,3.32,16.4,2.0,0.0012661232887552,2.003643915488369,38.33658219623132,50.3,29.8,96.0,6.819999999999999,45.4,5.304665593483854,0.75,0,3.2231532312433786,-0.2,15.0,-5.263157894736842,31.17,,43.367,1.482,8.25,6,33.8,14.1,15.1,37.2,68.6,17.11,3.4,-6.36,108.4,4.8,13.0,0.0,1217.117,67.0,4.0,19.1,1.594,86.0,10.7,12.31
57,200067486,CC Bouzonvillois-Trois Frontières,98.5007496251874,100.0,30.0,0.6561208902740331,3.128686754037844,36.219117586363446,2.0,37.5,17.0,3.1,1.8399999999999999,-1.06,9.8,25.1,49.4,23.14,25.03,14.000000000000002,92.2,3.8,30.200000000000003,1.1,4.512710110126688,30.088814210273647,0.5551066217732883,2.4,0.09,1.66,130.5,12.0,25.9,3.32,28.0,0.0,3.5804849989403897,0.4571936015494296,30.18100467764897,63.3,30.2,97.0,12.01,45.4,5.654432871552244,9.52,1,6.858152648717338,-1.7,63.0,-9.956709956709958,95.53,10.35,52.271,1.072,11.23,6,28.7,13.9,12.2,56.5,35.9,21.65,3.6,-10.34,36.1,11.85,27.05,0.414,189.953,62.0,0.0,18.8,0.868,80.0,10.7,10.47
57,200067502,CA Saint-Avold Synergie,98.77750611246944,100.0,29.0,5.1629272322284665,4.196901382810486,72.68209012464045,2.0,41.8,19.0,0.9,19.68,-3.31,11.8,22.2,73.2,6.67,5.61,16.0,88.5,0.8,31.55,1.3,4.21256038647343,32.68083143540808,0.2871675476130548,3.4,0.0,2.71,278.9,21.9,53.6,3.32,21.1,12.0,7.842294422081657,0.8204502034587009,42.49781526653748,62.7,24.5,109.0,14.93,45.4,6.785860719346786,2.32,3,5.291280113367973,4.3,24.0,26.490066225165563,91.49,12.06,59.862,1.117,13.22,6,33.9,17.3,18.5,49.1,54.1,26.74,3.1,-6.58,94.2,9.1,16.51,0.0,1102.056,61.0,22.0,19.5,0.703,106.0,10.7,15.17
57,200067650,CC Houve - Pays Boulageois,100.0,100.0,30.0,4.443044762399245,3.500612060613214,77.67395009395621,1.0,40.4,16.8,1.2,4.83,-11.9,7.7,25.4,59.7,15.18,11.94,14.000000000000002,92.2,0.9,29.9,1.1,4.172339584522816,31.678214010777523,0.1880957916763543,2.6,0.33,1.76,186.3,17.2,24.5,3.32,18.1,0.0,3.4726309128302484,0.5129302411494767,32.664186207493294,72.1,7.7,100.0,17.31,45.4,6.251180586460959,7.03,0,5.968501211491866,3.1,64.0,-27.37430167597765,95.05,4.55,71.811,1.389,10.25,5,28.7,10.5,12.9,47.8,56.0,19.94,2.7,-7.6499999999999995,36.6,7.24,22.78,0.0,1031.41,60.0,0.0,20.4,1.197,91.0,10.7,12.19
57,200067957,CC Haut Chemin - Pays de Pange,99.96834441278884,99.95382484223488,30.0,8.487493006899081,5.281744071584535,0.4102084307916211,1.0,38.0,11.0,0.9,0.9900000000000001,-12.64,4.5,21.5,57.99999999999999,13.08,12.77,9.0,90.5,-0.5,28.0,1.7999999999999998,3.88883127657368,39.22500185583847,2.303103885135134,2.7,0.15,1.56,139.9,17.7,38.0,3.32,26.1,0.0,0.0148967782295902,0.4723014382709978,32.439772670120206,59.9,21.3,103.0,8.68,45.4,4.055055110853456,9.33,0,6.126632329223245,0.1,79.0,-11.188811188811188,95.62,2.06,60.71,1.6,8.48,4,23.0,5.8,9.3,45.0,71.0,21.52,2.7,-2.6,32.7,10.82,12.46,0.0,466.227,62.0,1.0,28.5,0.94,81.0,10.7,9.38
57,200068146,CC Sarrebourg Moselle Sud,91.45418884841692,98.33907865872769,27.0,2.584871246739493,0.8414735599993928,76.19619051823078,2.0,47.75,20.200000000000003,13.9,3.95,0.25,8.9,26.4,50.0,15.15,14.94,15.8,83.3,2.8,34.5,1.3,4.208847440356202,33.35599585599585,3.602422266216374,2.8,2.65,2.66,216.2,21.6,55.8,3.32,46.0,3.0,29.474214774627384,0.4330325185914822,45.04348203248683,69.0,14.2,103.0,10.56,45.4,5.629087099445435,4.43,1,6.461224310556824,-1.0,50.0,-33.95061728395062,96.26,11.7,41.176,0.769,13.59,6,35.2,12.3,13.8,55.0,60.0,25.81,2.8,-2.25,93.6,12.32,13.78,0.222,592.483,60.0,1.0,21.8,0.703,113.0,10.7,15.24
57,200069441,CC du Pays de Bitche,100.0,99.7175141242938,25.0,0.0756115080715284,3.562906648485016,68.01757490327805,1.0,47.2,20.200000000000003,5.0,2.06,-1.64,9.9,26.3,56.8,22.83,26.15,15.5,86.2,1.2,31.3,0.8999999999999999,3.4655255544840884,26.19917114603422,2.0421550805491133,1.8,3.91,3.01,205.4,13.2,43.3,3.32,50.3,0.0,84.2159902948117,0.2000221940367439,37.18400940623163,73.5,16.5,106.0,10.08,45.4,5.64667757019144,1.81,4,5.658153530016145,2.5,60.0,-0.9389671361502347,93.22,17.87,34.715,0.814,14.0,4,30.5,11.0,10.8,61.6,50.3,26.55,2.7,-9.379999999999999,54.9,10.07,29.61,0.0,1000.588,57.0,0.0,20.4,0.444,122.0,10.7,17.09
57,200070746,CA Sarreguemines Confluences,94.38882165254704,99.55572977917156,26.0,1.534251028508295,7.128076456040295,84.50140047206924,2.0,44.75,18.9,2.9,8.219999999999999,0.0,10.1,20.6,72.3,6.77,5.09,15.7,87.9,-0.2,30.9,1.3,4.48338138842242,32.779882879779535,3.6282324713409766,2.8,0.0,2.69,247.8,16.6,48.3,3.32,23.2,4.0,2.0781510881982483,0.7316643037762406,41.84269383697813,58.5,29.6,105.0,7.28,45.4,6.599800624936559,1.74,4,4.4259476659767065,-2.3,53.0,-4.964539007092199,77.84,15.67,40.869,0.619,13.62,9,36.6,14.8,16.8,43.0,51.7,20.28,3.2,-6.45,103.0,7.92,12.53,0.0,6627.423,58.0,3.0,20.3,1.163,123.0,10.7,13.93
57,245700133,CC du District Urbain de Faulquemont (DUF),100.0,100.0,30.0,8.091517857142858,3.665999734742985,271.59509304156825,1.0,42.8,19.4,1.0,9.83,-2.75,7.4,21.7,71.10000000000001,7.96,5.37,14.3,87.8,0.4,29.9,1.6,2.9120559114735003,32.79424977538186,0.2396551724137931,3.0,0.4,1.66,248.1,20.9,52.3,3.32,23.1,0.0,2.359080618548789,0.550449508223472,37.09769879616739,53.9,16.7,104.0,7.8100000000000005,45.4,5.62534096708531,4.58,0,5.514926292448569,2.6,61.0,21.568627450980397,95.22,7.92,61.533,1.421,10.04,5,30.3,11.9,13.8,46.1,68.9,21.97,2.8,-6.23,75.6,10.21,17.33,0.0,886.086,59.0,0.0,21.8,1.126,95.0,10.7,12.73
57,245700372,CA de Forbach Porte de France,100.0,100.0,26.0,2.7364473740630006,6.408668617335015,10.190626443989702,3.0,34.0,19.9,0.6,27.839999999999996,-1.46,11.3,22.4,72.89999999999999,2.12,0.28,14.9,89.8,0.6,30.9,1.0,3.47484714651388,30.406815020862307,2.249035554165363,2.7,0.0,2.39,250.0,19.7,46.1,3.32,28.7,0.0,0.0091993675434813,1.675657025800648,31.12351161237081,73.1,13.1,110.0,12.629999999999999,45.4,7.4840077754707774,0.66,2,5.707360396219321,8.7,31.0,-33.33333333333333,19.58,23.51,35.144,0.705,12.03,6,34.0,21.8,21.1,38.7,37.2,15.88,3.5,-8.200000000000001,66.6,3.33,7.14,0.0,2483.593,61.0,2.0,17.1,0.913,103.0,10.7,15.73
57,245700398,CC de Freyming-Merlebach,100.0,100.0,28.0,0.0678264998134771,4.640937783503068,27.991547155475352,3.0,38.66666666666666,20.4,0.7,37.3,-5.82,11.9,25.7,70.5,3.92,0.44,16.2,89.3,0.5,30.5,0.7000000000000001,3.124900353942795,28.84465464372953,1.2095063813813818,3.9,0.0,2.87,362.5,26.4,75.3,3.32,22.6,2.0,0.0,1.7357510572495165,35.94833018273472,69.3,12.6,119.0,17.87,45.4,7.9252954880340285,2.23,0,6.336561208718418,2.8,10.0,-51.61290322580645,30.84,18.12,40.524,0.895,11.15,5,34.2,23.2,22.3,39.0,32.8,26.47,3.1,-9.07,76.4,5.36,11.36,0.0,1817.265,60.0,0.0,16.5,1.176,101.0,10.7,18.94
57,245700695,CC de Cattenom et Environs,99.57081545064378,100.0,30.0,2.5117050331642607,4.565237665003174,177.48364375703446,1.0,33.5,11.5,2.4,2.78,-1.8,6.8,18.8,57.8,13.63,8.97,11.8,82.9,0.7,28.6,1.7999999999999998,4.081337811969517,43.78824300699301,2.2408030926549447,2.1,0.8699999999999999,1.81,63.0,11.3,29.2,3.32,24.6,2.0,0.3829184375632463,0.7442119871332018,20.9886576446062,49.5,5.2,78.0,7.090000000000001,45.4,4.223288172125784,6.86,0,6.571071167391556,7.3,53.0,-24.0,95.09,2.98,57.358,0.996,10.95,7,30.3,9.5,10.8,35.4,44.3,17.19,4.5,-5.59,39.6,10.64,15.32,0.361,765.344,64.0,0.0,32.0,1.112,61.0,10.7,7.23
57,245700950,CC du Pays de Phalsbourg,100.0,98.09428284854565,25.0,1.2403870007442324,1.3031350889374436,110.4363836696822,1.0,45.0,18.1,5.5,2.8899999999999997,0.0,9.7,25.8,48.1,14.2,21.23,15.2,86.1,-0.1,34.5,1.3,2.2227421619092187,33.912196705347725,1.2543877143996809,2.9,1.28,2.34,203.5,20.2,59.9,3.32,51.2,0.0,2.047107930828861,0.7552303342036101,40.59271034404451,69.3,15.5,94.0,6.05,45.4,5.006587119973848,9.94,1,3.985411899313501,-1.5,61.0,-6.25,89.33,8.39,33.65,0.757,11.37,4,30.5,9.4,16.5,56.7,64.6,26.32,2.6,-6.63,65.3,7.58,13.54,0.0,2440.104,62.0,0.0,23.0,0.75,97.0,10.7,13.98
57,245701164,CC du Warndt,98.46153846153848,100.0,26.0,1.8190086402910413,1.8816155672135504,109.01682114658428,2.0,41.0,22.2,0.7,25.740000000000002,-0.67,10.6,22.3,76.9,1.32,7.34,18.1,92.3,3.3,31.8,1.0,2.130232022568945,32.513332186478586,0.868576388888889,3.0,0.0,2.88,221.4,19.6,38.1,3.32,50.2,0.0,0.0382916053019145,1.607321994754177,36.85406019307212,59.5,29.1,112.0,7.51,45.4,7.464510482555595,4.61,2,5.665329991645781,-30.7,19.0,13.333333333333334,15.42,,13.496,1.125,12.3,5,36.3,20.2,20.8,40.9,43.6,22.17,3.2,-8.93,87.1,6.0,12.2,0.0,488.927,62.0,0.0,21.2,0.959,118.0,10.7,15.71
57,245701206,CC du Saulnois,98.8086087624904,99.24638894703789,29.0,6.848936668053245,3.0068318601077646,102.14643135587214,1.0,42.125,21.2,2.6,2.81,-9.31,11.7,29.7,48.6,29.74,34.62,16.1,86.2,3.9,30.98,1.1,5.053021137285602,25.62892238373652,0.9885576633544114,2.8,1.13,2.14,154.7,20.9,41.3,3.32,20.0,1.0,37.74662968719839,0.4102056125339302,43.998202744271246,63.3,17.2,112.0,13.63,45.4,5.824197735131224,7.47,0,6.947361120743463,-1.4,84.0,-3.7366548042704624,97.04,8.06,69.419,1.459,10.32,6,32.8,11.9,14.6,64.9,52.3,27.4,2.7,-7.93,62.9,10.88,30.06,0.0,372.931,,1.0,20.7,0.83,98.0,10.7,13.89
57,245701222,CA du Val de Fensch,99.35897435897436,100.0,30.0,3.0449897231596843,2.1782447447981963,32.20381277123373,3.0,29.0,18.9,0.9,18.39,1.43,9.1,22.9,78.5,0.99,0.0,14.9,83.9,0.3,28.6,0.8999999999999999,2.6799063443256506,32.54300655450652,1.5286072047774997,3.3,0.0,2.82,153.1,25.4,60.0,3.32,46.6,2.0,0.9093742784576312,1.877492096673371,25.384604655703864,59.4,39.1,101.0,13.700000000000001,45.4,6.804861960980104,2.4,3,2.99613575984884,-31.5,10.0,53.333333333333336,4.96,,13.421,1.252,11.12,6,35.1,21.8,17.9,35.7,40.9,16.09,3.8,-8.28,62.5,1.9,11.2,0.0,613.275,64.0,2.0,17.9,1.244,83.0,10.7,14.52
57,245701271,CC du Pays Orne Moselle,,,30.0,,,13.117092917675544,2.0,32.666666666666664,18.9,1.5,17.16,7.06,8.5,21.2,81.0,1.07,0.02,15.1,87.9,0.0,28.0,1.0,1.8566583938010344,33.84555938651766,1.6439834340210493,2.9,0.0,2.46,131.7,20.9,44.4,3.32,43.8,0.0,0.0965242655762401,2.4394070373008723,29.559795673076923,76.3,18.5,97.0,15.629999999999999,45.4,6.289120754826934,2.46,1,4.0754297157479,-31.9,25.0,72.72727272727273,9.5,,8.464,1.151,7.55,6,34.3,16.1,16.4,39.9,61.0,16.29,3.2,-7.41,47.7,2.83,13.92,0.0,634.766,65.0,3.0,17.8,1.505,90.0,10.7,13.49
57,245701354,CC de l'Arc Mosellan,100.0,99.82110912343472,30.0,0.5967241064360957,2.8323426028628043,24.525511066058456,1.0,34.25,10.0,0.7,7.049999999999999,2.92,5.3,20.0,60.5,5.74,4.99,10.4,88.1,0.3,28.6,1.3,2.624818496593321,37.6254451278731,2.893973214285714,3.3,0.0,1.68,136.4,22.2,53.6,3.32,33.2,0.0,0.3762310057484069,0.9124212729736156,23.27940773238278,74.1,14.7,94.0,16.38,45.4,4.36121704714405,4.47,0,4.370888229019517,4.6,51.0,17.91044776119403,81.81,7.49,52.493,1.301,9.63,7,25.3,9.3,11.5,41.3,61.4,13.46,3.3,-5.7299999999999995,26.0,10.5,14.35,0.0,484.234,60.0,0.0,26.1,1.097,71.0,10.7,8.9
57,245701362,CA Portes de France-Thionville,100.0,100.0,30.0,2.8113342424115,5.4093920465143785,15.659180977542931,3.0,31.666666666666668,13.2,1.6,20.91,5.71,7.8,18.7,76.9,1.19,0.33,14.099999999999998,74.4,-0.8,28.6,1.9,2.6406470177266748,41.8657500238709,5.613656284695844,3.8,0.0,2.49,148.7,24.0,68.0,3.32,29.7,2.0,0.0748294983746574,1.91425264334253,35.7097101061042,78.6,10.5,89.0,13.25,45.4,5.49729452782325,2.49,3,3.6542244104819854,1.8,19.0,8.16326530612245,24.36,2.29,33.931,1.779,8.64,7,41.6,16.6,12.9,34.7,51.6,19.09,4.7,-5.82,78.5,5.85,9.77,0.237,690.085,,1.0,26.1,0.892,91.0,10.7,11.23
57,245701404,CC du Pays Haut Val d'Alzette,100.0,100.0,31.0,3.385851654552842,5.613374243239826,152.18162647528996,3.0,29.5,20.8,1.9,12.67,21.71,7.5,21.5,80.80000000000001,4.12,6.7,18.4,81.0,0.6,28.6,0.8,1.629051416935347,37.42536422259374,0.5137433969021398,1.9,0.0,3.39,89.6,9.4,30.4,3.32,35.5,0.0,0.3449979415397283,0.9119506880278652,20.933815648445872,87.7,7.399999999999999,86.0,19.55,45.4,6.924685918148215,6.11,0,3.556717813723113,-1.7,25.0,-58.333333333333336,36.13,,46.721,2.425,7.39,5,36.9,19.0,15.3,38.9,17.4,13.78,5.1,-8.02,22.5,4.5,21.88,0.339,333.601,62.0,0.0,15.7,0.569,85.0,10.7,11.33
58,200067429,CC Haut Nivernais - Val d'Yonne,92.54750593824228,99.5929995929996,44.0,0.807740920238723,1.5450897071676903,81.16824644549763,2.0,36.0,32.1,19.3,13.139999999999999,0.52,19.7,39.2,43.3,23.6,31.7,24.0,81.7,2.6,37.53333333333333,0.6,1.5196285352469396,23.86020233872027,3.3333861386138617,2.5,19.21,4.22,93.7,1.1,2.4,3.35,40.4,0.0,1.0543325341312144,0.0765673238214285,44.75070936359951,58.9,28.7,148.0,15.67,51.89,7.879320252852804,6.75,3,5.72120515557015,-6.1,51.0,-51.68067226890757,98.44,7.41,47.272,1.5,8.15,6,44.4,19.0,23.5,62.0,45.1,40.35,3.0,-3.62,118.7,11.53,11.53,1.688,67.288,55.0,1.0,16.1,0.364,178.0,15.3,16.8
58,200067692,CC Tannay-Brinon-Corbigny,97.71309771309772,98.87218045112782,50.0,14.449550808320566,2.471859458312172,152.194972539079,2.0,33.4,29.7,31.7,1.2,0.0,14.2,47.0,33.599999999999994,47.39,51.99,22.2,82.1,1.6,35.36666666666667,0.5,0.8516074089844581,21.8271892758269,5.742788461538461,2.5,24.44,3.19,66.8,0.0,24.1,3.35,27.7,1.0,24.11529347429821,0.0696896243199322,49.11408144233758,65.9,12.3,158.0,22.49,51.89,7.340914774064489,2.13,0,6.960358319604613,1.4,85.0,-8.944954128440367,97.18,10.14,62.891,0.54,14.05,5,43.8,17.2,20.4,70.0,48.9,45.24,3.1,-3.6900000000000004,82.9,13.86,26.5,0.0,11.398,53.0,0.0,15.7,0.451,257.0,15.3,15.76
58,200067700,CC Sud Nivernais,93.45794392523364,99.80657640232108,59.0,2.3734070527948217,0.7271369311165399,95.98325692645008,2.0,29.33333333333333,27.800000000000004,5.9,9.33,-14.4,15.2,36.0,44.8,18.99,19.14,21.4,83.4,1.8,30.0,0.6,2.225481766223256,26.331246618749518,3.368679245283019,1.8,1.9,3.54,103.1,4.5,39.3,3.35,29.3,0.0,36.31454397916627,0.2862653276108071,36.08910891089109,61.6,31.5,138.0,14.56,51.89,7.042669218302817,4.55,2,5.872169925174994,-3.6,51.0,-12.88135593220339,96.26,3.82,58.907,0.485,18.26,5,42.9,15.1,19.0,52.1,81.1,32.22,2.6,-5.04,101.7,10.9,10.9,0.506,67.822,54.0,1.0,23.0,0.276,176.0,15.3,15.3
58,200067882,CC Bazois Loire Morvan,96.2515114873035,99.86541049798116,54.0,6.875129836085034,1.6304102780280514,137.57946888624653,1.0,32.333333333333336,29.7,27.2,5.33,-10.24,13.7,36.1,34.1,40.13,48.35,21.6,74.7,-3.1,33.26666666666667,0.6,1.796526715017632,21.566523605150216,6.147568013190438,2.5,17.32,4.66,76.7,10.7,27.8,3.35,29.7,0.0,46.9325151857316,0.0834089424970862,48.01834261382247,62.7,17.7,167.0,17.78,51.89,7.202177254335525,9.32,1,5.95132542614557,-1.5,63.0,-17.06102117061021,96.1,2.68,59.423,0.43,16.31,4,43.3,18.8,13.8,67.2,48.6,35.66,3.0,-6.3,88.0,23.59,33.72,0.665,5.241,52.0,0.0,15.7,0.244,251.0,15.3,17.66
58,200067890,CC Morvan Sommets et Grands Lacs,96.41833810888252,97.8515625,53.0,4.340544789637376,0.6774856485618584,168.4765869744435,2.0,34.8,30.4,38.8,5.42,-2.33,11.4,38.6,34.9,48.18,51.1,23.0,72.1,-1.3,34.0,0.6,1.0798239056400032,21.74230441659569,0.066461116820829,1.5,42.059999999999995,4.15,79.2,0.2,15.9,3.35,53.4,0.0,98.72019767190984,0.0780757084616854,52.66084193804607,70.8,9.3,156.0,16.93,51.89,6.873228803716608,7.48,1,4.898861788617886,0.3,72.0,-24.21259842519685,88.6,6.52,37.716,0.203,19.94,5,44.4,17.8,13.1,63.6,48.6,48.18,3.0,-2.92,97.0,14.68,36.59,0.831,102.462,53.0,0.0,16.9,0.185,234.0,15.3,18.56
58,200067908,CC Amognes Coeur du Nivernais,95.3104359313078,100.0,51.0,6.256272459451584,1.2342866718670769,72.24970677926343,1.0,31.25,22.7,20.3,1.3299999999999998,-20.9,12.5,44.8,30.4,49.96,53.87,20.200000000000003,85.2,1.0,30.0,0.7000000000000001,1.0554708572768852,22.2372195039649,2.9606942317508937,2.9,18.95,2.35,78.2,5.1,25.1,3.35,33.0,0.0,26.276230148398856,0.1461579632545181,37.72282921219092,62.9,9.8,130.0,19.38,51.89,6.099036010064822,3.52,0,6.841479062171935,4.8,93.0,-22.11838006230529,97.68,4.99,61.446,1.209,13.06,4,35.5,14.5,12.6,62.8,60.1,46.56,2.7,-4.18,45.8,22.39,25.36,1.173,39.103,56.0,0.0,20.9,0.288,134.0,15.3,15.47
58,200067916,CC Coeur de Loire,94.45865302642795,100.0,33.0,1.3215388595617257,1.4095858355304225,29.45577326237704,1.0,33.0,25.1,15.1,9.06,-14.32,13.7,42.0,41.400000000000006,22.03,15.89,20.0,82.4,1.9,38.8,1.2,0.198381209331852,29.125870001179663,0.3031988873435327,2.2,0.27999999999999997,3.17,85.5,13.0,29.9,3.35,25.4,0.0,4.5332841677566575,0.2073624991042906,41.97406228158733,63.3,12.8,141.0,10.209999999999999,51.89,6.608780098858754,6.74,2,7.967584316529615,1.1,47.0,-13.807531380753138,98.54,17.39,59.204,2.611,8.94,6,41.5,15.2,20.6,53.4,71.3,24.28,2.9,-7.39,96.7,17.6,17.6,0.397,264.813,53.0,1.0,17.6,0.349,177.0,15.3,14.45
58,200068088,CC Les Bertranges,93.90902081727064,100.0,44.0,4.769378911892153,1.495136405353752,82.53984771573604,1.0,31.6,24.9,11.9,8.12,-7.92,14.4,33.4,40.2,21.06,20.88,19.9,87.1,2.4,34.4,0.8,1.5796178343949046,28.62706169822847,0.5120772946859904,1.5,0.3,2.55,99.1,14.0,35.7,3.35,46.6,0.0,1.6936809485313933,0.1681711015744824,37.17453469121557,74.3,7.6,133.0,14.14,51.89,6.196039791128674,4.08,0,5.533456506541496,-3.0,54.0,6.666666666666667,98.39,7.41,38.118,1.061,12.14,6,40.0,12.7,17.1,54.4,66.0,29.96,2.7,-2.16,73.2,26.84,28.38,0.51,318.567,55.0,0.0,22.3,0.414,159.0,15.3,13.1
58,245801063,CC Loire et Allier,99.33333333333331,99.55156950672644,67.0,2.007780148073786,0.472468787369786,43.44629927594529,0.0,28.5,14.8,4.2,3.5999999999999996,14.49,10.7,24.9,45.6,26.38,23.78,13.6,91.7,2.2,30.0,1.1,0.6026516673362796,28.510182207931404,2.0780513357778942,1.9,0.0,2.01,110.4,16.4,43.5,3.35,20.1,0.0,19.896836894844864,0.3334541592433179,32.50591016548464,48.2,20.0,111.0,18.35,51.89,4.235954832809829,4.02,0,4.408293904814918,5.0,81.0,-37.5,98.07,5.01,67.874,0.922,17.2,4,28.8,7.1,9.8,55.4,70.8,39.17,2.4,-3.62,52.9,15.0,15.8,0.0,179.275,59.0,0.0,24.1,0.229,118.0,15.3,11.78
58,245804406,CA de Nevers,,,58.0,,,71.18304746887226,2.0,28.0,21.0,2.7,24.25,-1.34,12.2,26.9,57.60000000000001,3.71,1.43,17.1,78.0,-0.3,30.0,1.3,4.88072632328507,37.2215354034858,2.368013972055888,2.5,1.05,3.86,136.0,26.6,67.5,3.35,15.9,0.0,13.129064039408869,0.8058044789415757,36.70507278851575,74.1,15.2,122.0,13.69,51.89,6.432888868593698,4.6,7,5.637989558122897,0.8,20.0,21.83098591549296,45.68,3.54,53.605,0.772,17.68,5,46.0,16.9,17.7,42.6,67.1,44.13,3.0,-3.34,131.4,8.07,8.07,0.148,218.438,,0.0,24.8,0.536,127.0,15.3,17.39
58,245804497,CC du Nivernais Bourbonnais,100.0,100.0,71.0,1.4281765410485578,0.3693895885539703,95.46509848919489,2.0,30.25,26.700000000000003,8.9,4.72,-0.87,16.9,33.2,33.4,30.69,46.01,23.6,88.3,1.9,30.0,0.5,0.579598145285935,19.53344575604272,3.804891922639364,1.6,5.67,3.86,86.6,15.0,36.4,3.35,26.6,0.0,13.746180401271491,0.1786932835900584,37.9794910748196,66.8,14.6,119.0,15.709999999999999,51.89,6.654444415250006,3.86,0,6.011587272392863,-7.8,70.0,-23.684210526315788,98.72,12.3,49.298,0.378,19.7,3,37.5,17.7,14.5,50.1,69.4,33.81,2.8,-5.5,57.9,20.11,23.44,0.0,220.281,54.0,0.0,20.2,0.222,138.0,15.3,15.86
59,200030633,CA du Caudrésis et du Catésis,,,55.0,,4.029195059205295,42.06043835099525,2.0,37.85714285714285,23.8,1.4,8.44,-0.13,10.4,33.4,65.39999999999999,5.96,3.0,15.5,83.3,2.4,30.35,0.8,3.3351774282778783,31.972018465547023,1.3807539058404112,2.7,0.0,3.79,221.8,8.9,37.3,4.11,4.0,1.0,19.85443764856708,0.5924322059274757,30.86294416243655,65.8,15.8,109.0,13.52,45.15,6.630023678590791,9.48,3,4.380280381070405,-2.3,25.0,-11.447084233261338,69.89,2.79,81.677,3.175,7.35,5,32.6,22.1,25.7,52.8,57.2,31.71,2.9,-8.469999999999999,70.6,6.72,10.61,0.0,345.646,58.0,0.0,16.2,0.447,78.0,13.4,18.14
59,200040947,CA Coeur de Flandre,100.0,100.0,42.0,1.90458051614132,4.03020463061164,0.0,1.0,42.0,15.0,1.3,12.8,12.0,5.7,26.6,52.7,3.69,0.93,12.6,80.4,1.7,29.83333333333333,1.5,2.934810163608354,35.01513466765505,3.333516483516484,3.7,0.0,3.02,136.8,21.2,53.0,4.11,4.9,2.0,2.73659179733484,0.9970943691001148,34.49597546952855,66.4,17.0,105.0,13.719999999999999,45.15,4.625325290546376,5.95,4,4.286234750588488,2.0,36.0,-19.907763259031512,52.98,1.88,75.761,4.626,6.88,6,30.1,10.8,14.2,49.6,74.6,25.62,2.8,-6.04,72.2,6.7,11.72,0.098,626.964,64.0,0.0,24.7,1.124,86.0,13.4,13.26
59,200040954,CC des Hauts de Flandre,,100.0,49.0,0.0,3.994991159305857,0.0,1.0,39.4,13.4,3.2,9.53,1.78,5.5,26.5,50.8,3.66,3.89,11.8,87.0,1.1,32.0,1.5,3.0453059318075666,32.72094761658329,2.621372794755616,2.8,0.03,2.99,140.4,14.6,37.3,4.11,1.4,4.0,5.426037208683505,1.08982922431467,31.408530666813174,60.3,16.3,107.0,10.05,45.15,4.3565596062423175,6.73,0,3.9009499990667984,-0.4,51.0,-31.335830212234704,50.1,1.1,81.5,5.797,7.46,5,25.4,10.4,13.4,48.2,79.5,23.56,2.7,-7.33,56.7,7.85,19.0,0.56,623.592,60.0,0.0,23.7,1.155,80.0,13.4,13.45
59,200041960,CC Pévèle-Carembault,,,48.0,,4.029195059205295,40.20827797649464,1.0,39.2,11.9,0.7,11.07,11.54,5.5,21.9,61.20000000000001,2.29,1.59,10.1,83.9,0.4,27.566666666666663,2.3,2.7194241695141432,43.88503714733299,4.776204351204352,4.3,0.05,3.03,172.1,21.0,54.0,4.11,8.6,1.0,19.201056676272817,1.7949357498832534,32.18245294775049,61.5,13.3,100.0,10.979999999999999,45.15,3.381689229388249,4.75,0,2.8044714895571303,-2.0,26.0,-33.76146788990826,39.72,2.02,60.074,3.27,7.33,7,26.6,7.4,10.1,45.8,76.0,22.42,3.0,-4.03,54.7,4.76,14.55,1.618,629.308,65.0,3.0,28.1,0.904,74.0,13.4,10.41
59,200042190,CA de la Porte du Hainaut,98.54771784232366,100.0,54.0,3.323972720499742,4.056088171024759,62.45347737248373,3.0,34.4,19.2,0.7,25.650000000000002,0.58,8.1,29.3,72.30000000000001,1.49,0.45,12.8,84.2,1.4,29.366666666666664,1.0,3.018610555032807,31.427983962167165,3.55958910370675,4.1,0.01,3.41,210.6,19.4,44.6,4.11,18.2,6.0,56.34193203104094,1.6891820606952608,29.035146490673316,63.6,23.8,105.0,10.52,45.15,6.619782516984957,4.04,1,3.4331463256452395,-1.5,15.0,-17.845117845117844,34.79,3.95,46.347,3.925,8.2,7,31.3,23.0,23.0,45.8,52.9,17.79,3.0,-10.39,75.0,4.87,11.72,0.063,808.563,65.0,6.0,18.0,0.508,67.0,13.4,17.63
59,200043263,CC Coeur de l'Avesnois,,,55.0,,4.029195059205295,104.94680046738608,2.0,37.6,24.9,2.2,10.23,0.85,10.8,31.9,57.8,12.45,9.91,17.5,84.5,1.7,29.8,0.8,5.542085209560097,29.73331029318588,3.0936373330625093,2.6,0.0,2.77,189.2,15.9,37.4,4.11,14.2,1.0,99.97817479248164,0.453236197456584,35.21605988431439,69.3,12.9,109.0,7.249999999999999,45.15,6.921942527136767,8.31,1,4.78907430413323,0.2,51.0,-36.102236421725244,87.06,15.04,73.031,0.593,12.57,5,34.7,20.0,22.4,52.7,52.9,29.2,3.1,-8.08,73.7,9.53,17.49,0.0,372.916,59.0,0.0,16.9,0.48,90.0,13.4,17.48
59,200043321,CC du Pays de Mormal,,,58.0,,4.029195059205295,79.97426760038122,2.0,38.285714285714285,18.7,1.5,9.36,3.38,8.4,28.4,63.3,9.68,5.62,13.7,88.3,3.5,29.766666666666666,1.1,4.009806365827307,33.65384615384616,0.7146858396858395,2.8,0.0,2.91,175.8,12.7,36.7,4.11,23.1,1.0,77.51863718893517,0.5534351807060582,32.42404442992486,75.7,11.4,106.0,9.59,45.15,5.533568416825619,9.35,0,4.576102682815924,1.7,62.0,-21.052631578947366,94.32,3.95,56.051,1.769,11.3,6,28.8,14.1,15.9,56.4,55.6,26.88,3.1,-6.49,52.6,6.85,15.19,0.0,374.469,62.0,0.0,20.0,0.455,85.0,13.4,14.84
59,200043396,CA Maubeuge Val de Sambre,93.15589353612168,100.0,58.0,3.311903370348724,4.015476920425091,72.13756930673034,2.0,35.666666666666664,23.1,1.0,28.310000000000002,2.53,8.2,26.9,72.8,2.7,1.01,15.2,84.5,1.3,29.8,0.8999999999999999,0.9112432775468028,32.243152489798376,1.9164356494042705,2.5,0.02,3.34,265.0,11.0,42.6,4.11,8.1,6.0,46.90096632334221,1.2727239868340607,28.89833647358165,65.1,24.2,110.0,12.93,45.15,7.261808488778283,4.72,2,4.337989451813969,-0.4,17.0,-22.1606648199446,50.19,4.62,58.598,1.638,8.59,5,35.8,28.0,25.1,43.6,41.4,20.85,3.2,-11.16,98.0,5.4,10.3,0.0,1352.239,,1.0,17.6,0.855,75.0,13.4,19.69
59,200043404,CC du Sud Avesnois,100.0,100.0,55.0,1.4237408791599928,4.029272185040559,57.894248835879424,2.0,38.333333333333336,27.4,3.5,23.630000000000003,0.9,9.8,28.1,68.19999999999999,3.37,4.05,17.2,85.3,4.5,29.8,0.7000000000000001,2.62144671090358,29.445011382369103,1.0698692810457515,2.2,0.24,3.28,150.1,16.0,20.4,4.11,42.8,0.0,100.06632141663884,0.4821427152526762,34.318667580755736,75.8,8.9,121.0,20.54,45.15,7.409548806149741,7.78,2,4.152209492635024,2.8,13.0,-45.45454545454545,79.01,34.58,30.058,0.458,17.1,4,38.7,29.4,27.8,44.7,42.3,22.86,3.1,-10.530000000000001,91.8,9.25,9.33,0.0,466.589,58.0,0.0,17.5,0.419,84.0,13.4,18.4
59,200044618,CA Douaisis Agglo,80.0,100.0,54.0,2.290201210534925,4.008167115317981,78.99984520332207,3.0,37.0,18.8,1.4,31.09,-0.72,8.9,24.1,70.0,0.9,0.26,12.8,79.9,0.5,27.05,1.7000000000000002,2.7535073639532306,36.08585375191424,4.2515479876161,3.6,0.0,3.43,191.4,19.2,51.0,4.11,6.1,8.0,18.91939099175301,2.1003199022961194,30.433225921947727,62.7,26.3,106.0,11.200000000000001,45.15,6.464108049165046,4.5,1,4.390068208061441,5.3,14.0,-3.389830508474576,24.24,3.53,54.023,3.918,6.62,7,35.5,21.0,21.8,41.4,55.6,20.68,3.1,-7.049999999999999,109.8,5.8,7.91,0.0,1454.363,,9.0,17.0,0.733,79.0,13.4,17.89
59,200068500,CA de Cambrai,94.9367088607595,100.0,52.0,2.256287743048643,4.029179685985056,85.09157868587754,2.0,37.4,20.200000000000003,1.4,12.61,5.9,8.4,29.7,67.30000000000001,4.98,2.84,14.4,84.5,1.8,29.366666666666664,1.4,4.063676695373374,37.5625446747677,4.389811443061143,2.8,0.01,4.1,257.2,11.8,60.7,4.11,2.6,2.0,0.144993828505046,0.8852359369076088,36.06721784648501,65.5,16.400000000000002,110.0,17.36,45.15,6.3436591552299495,7.83,1,4.227439031851499,-2.2,29.0,-48.84547069271758,42.73,2.19,77.335,4.423,5.9,5,38.6,16.8,19.8,45.5,66.9,36.13,3.0,-7.31,100.8,9.6,9.69,0.0,731.862,60.0,2.0,19.0,0.561,94.0,13.4,16.43
59,200093201,Métropole Européenne de Lille,98.90350877192982,99.96829422954978,42.0,0.983848970346085,4.029195059205296,36.771520834543445,4.0,38.0,13.7,1.6,26.51,5.62,6.5,23.9,64.3,0.39,0.08,11.9,65.5,-3.2,23.3,2.2,1.4237378982278648,45.66414095453399,5.9280229953517285,4.9,0.0,3.22,200.6,23.8,69.6,4.11,1.0,16.0,0.1808148652247241,1.8593192860337096,34.00990707140462,65.2,10.2,88.0,11.23,45.15,5.623472518412036,3.13,32,3.829485928053436,-6.0,2.0,-18.61861861861862,8.67,2.19,42.831,5.206,6.46,6,41.0,19.7,14.4,34.6,62.4,28.46,3.7,-5.74,114.0,2.53,8.46,0.067,952.228,,6.0,24.2,1.046,60.0,13.4,16.65
59,245900428,CU de Dunkerque,,100.0,29.0,0.0,2.536244654208252,0.0,2.0,38.25,16.2,5.7,33.98,0.69,5.9,21.6,72.00000000000001,0.34,0.19,13.5,76.4,-2.6,34.7,1.4,2.185480312508111,36.350034527737286,5.940367339589043,3.0,0.0,4.1,186.8,16.1,58.4,4.11,6.5,29.0,4.307982401005656,1.4207309215469175,30.63027081829214,63.0,21.8,107.0,13.489999999999998,45.15,6.346019862217444,4.1,3,3.1378051644390896,-5.0,5.0,-21.51394422310757,17.46,0.63,43.51,5.41,7.48,8,37.3,19.4,21.3,42.3,58.6,21.63,3.1,-7.22,119.1,2.88,8.65,0.052,1538.785,,25.0,21.7,0.65,86.0,13.4,17.94
59,245900758,CC Flandre Lys,,,21.0,,4.029195059205295,0.0,1.0,39.66666666666666,15.3,0.8,13.63,17.58,6.3,24.4,52.1,1.38,1.49,14.000000000000002,86.9,1.7,26.9,1.6,3.3879726969259134,38.27066524585173,1.5244378810975614,4.5,0.0,3.24,159.8,20.9,62.0,4.11,0.1,3.0,0.0675389798636684,1.4511489647493678,31.416439633802124,48.5,42.3,106.0,9.520000000000001,45.15,4.215672676837725,6.98,0,4.5196970467137705,-2.4,13.0,-40.5982905982906,36.41,0.59,65.444,4.832,6.16,6,26.9,10.8,14.7,43.4,73.5,20.05,2.8,-6.81,76.0,3.38,11.63,0.249,690.425,67.0,1.0,27.0,0.866,76.0,13.4,12.97
59,245901038,CC du Pays Solesmois,,,52.0,,4.029195059205295,48.54647906563759,2.0,36.2,20.6,1.6,4.109999999999999,-3.1,9.3,30.9,66.60000000000001,5.57,2.53,13.5,85.9,0.2,29.75,1.1,3.4321801208127405,33.08652889822079,0.1434322033898305,2.6,0.0,4.12,190.0,8.6,38.7,4.11,0.2,0.0,0.1466587315082468,0.6282814379668907,30.1257481003295,68.7,20.1,107.0,9.06,45.15,5.949448582620946,6.18,0,4.769350263406727,3.3,49.0,-8.0,72.62,3.19,80.353,2.911,6.72,5,29.1,15.6,16.8,49.5,69.5,37.27,2.9,-7.180000000000001,49.7,6.33,13.33,0.0,239.392,59.0,0.0,19.2,0.449,88.0,13.4,15.22
59,245901152,CA Coeur d'Ostrevent,,,48.0,,4.029195059205295,154.4645681589073,2.0,38.75,18.6,0.7,30.740000000000002,0.41,6.7,28.2,68.2,0.53,0.05,12.9,84.8,2.1,28.6,1.1,2.1495579882414906,32.165174586170835,4.697443747129955,3.5,0.0,2.99,191.6,19.0,35.1,4.11,10.2,0.0,51.32781099186055,1.3583090071726247,26.26285360604313,76.3,15.5,106.0,15.040000000000001,45.15,6.412849081145849,4.7,0,3.313373393940247,5.1,12.0,-38.70967741935484,30.72,4.97,40.593,2.77,9.54,6,30.2,20.6,22.4,47.2,56.0,19.15,2.9,-8.81,51.7,3.7,10.7,0.0,746.107,65.0,0.0,18.1,0.833,71.0,13.4,17.27
59,245901160,CA Valenciennes Métropole,98.54771784232366,100.0,54.0,3.323972720499742,4.325506424927494,30.82317323961994,3.0,31.5,17.4,1.3,27.38,2.34,9.2,25.5,70.9,0.92,0.64,13.5,79.8,1.1,28.6,1.3,2.3451546499205254,35.60894796315094,3.423457132298596,4.0,0.0,2.92,206.7,19.0,64.1,4.11,9.2,5.0,41.08927962408579,1.921440438498056,31.521716681468018,62.1,20.6,100.0,10.13,45.15,6.639876474677566,3.65,4,3.552102680100024,-4.4,9.0,-5.058365758754864,21.04,2.56,44.779,2.684,8.76,7,38.2,23.6,21.0,40.3,50.4,20.32,3.3,-8.85,118.1,3.14,9.2,0.0,1580.268,,5.0,18.9,0.646,71.0,13.4,18.48
60,200066975,CC Senlis Sud Oise,94.33962264150944,100.0,8.0,2.8484470110816296,4.479027476632453,67.31375312021902,3.0,28.75,12.0,3.7,18.990000000000002,5.64,8.3,25.8,57.3,5.62,1.55,12.1,78.6,-1.2,36.36666666666667,2.3,2.7586758355989125,47.20869239415512,2.49908140639848,2.6,0.04,2.0,92.6,17.5,54.9,2.34,45.9,0.0,100.11126856919468,0.2801303925245951,41.53970764068346,59.8,25.6,102.0,7.41,46.74,4.729909430285387,2.4,0,4.619196318514257,-8.0,35.0,39.34426229508197,42.79,2.28,43.839,4.702,6.28,1,33.9,7.9,12.7,44.4,63.9,27.59,3.8,-6.49,109.7,7.06,7.71,0.0,2881.166,66.0,0.0,32.5,0.32,80.0,10.6,10.46
60,200067965,CA de la Région de Compiègne et de la Basse Automne,85.99235314563782,100.0,19.0,0.0097786668603774,1.554308371692219,35.571000072276966,4.0,30.0,14.6,2.0,26.66,2.61,7.9,23.5,58.60000000000001,2.22,1.14,15.8,73.9,-0.7,35.0,1.7999999999999998,3.416638791991208,44.14088020431194,6.0747541854903,3.2,0.0,2.87,94.8,23.6,62.4,2.34,53.0,2.0,47.321650884671975,1.0863264837707518,36.74849845472039,61.9,18.0,97.0,10.91,46.74,5.306591476881856,5.14,3,3.138407135184716,9.8,4.0,-17.333333333333336,25.49,3.03,28.183,3.202,5.8100000000000005,3,41.2,15.0,15.5,43.1,65.4,25.02,3.5,-5.7299999999999995,125.4,5.27,9.77,0.0,1293.137,67.0,5.0,22.9,0.53,75.0,10.6,16.52
60,200067973,CC Thelloise,80.29315960912052,100.0,8.0,2.593329972400475,2.9405633097532986,192.08866177356091,3.0,25.83333333333333,12.2,2.0,13.23,6.64,5.8,26.0,46.0,3.63,6.17,13.7,81.5,0.7,35.5,1.4,3.1913170257573307,34.89443762678755,0.4639515685195376,1.8,0.0,1.94,104.4,14.8,34.8,2.34,22.0,0.0,4.618231361490447,1.126663816680857,32.502467131442394,64.4,20.0,96.0,9.98,46.74,4.522742579270231,2.27,0,4.489623341300585,-1.4,39.0,-24.5,43.02,,52.833,4.32,6.12,3,27.0,7.3,14.3,46.8,57.3,16.65,2.5,-4.42,45.2,7.83,13.0,0.0,1623.532,66.0,1.0,23.1,0.652,63.0,10.6,11.15
60,200067999,CA du Beauvaisis,66.11197781244583,100.0,7.0,2.391488663402894,2.3009169239823617,64.04348830493791,5.0,31.75,16.400000000000002,1.7,26.900000000000002,0.75,8.3,26.0,53.1,4.46,4.49,14.3,78.7,-0.9,36.1,2.3,3.6458937758694057,39.344534516854615,3.4832320382027357,3.5,0.0,2.8,106.4,27.8,84.1,2.34,19.7,3.0,3.792628684273665,1.169704792686377,38.02780954901646,68.7,14.9,99.0,13.33,46.74,6.428652427474828,4.26,9,3.608445762580445,-1.5,34.0,0.5420054200542005,48.46,6.59,64.153,3.908,6.63,3,37.7,17.6,18.2,43.2,53.5,24.81,3.2,-6.279999999999999,125.6,10.66,11.7,0.0,12780.104,,5.0,21.1,0.472,72.0,10.6,16.61
60,200068005,CC de l'Oise Picarde,62.65286923800564,100.0,14.0,1.4510451835356657,1.6922539044072755,56.44850482468711,2.0,33.5,16.900000000000002,3.6,11.28,-1.44,8.9,34.2,38.2,22.98,21.57,15.5,87.2,4.1,35.5,0.7000000000000001,6.2085104350733085,24.97546984678089,0.2673366834170854,3.7,0.0,2.39,97.8,16.9,36.1,2.34,8.2,1.0,0.8567086954337669,0.4064238174515449,34.849906191369605,63.4,15.9,99.0,11.65,46.74,6.080166468489892,2.87,0,5.127895362663496,-2.0,77.0,-26.26582278481013,69.71,2.21,81.649,3.995,5.86,1,27.2,12.7,18.9,54.5,54.7,20.97,2.7,-7.380000000000001,51.5,9.77,23.27,0.0,4841.932,59.0,1.0,17.4,0.382,72.0,10.6,15.02
60,200068047,CA Creil Sud Oise,95.96774193548389,100.0,10.0,0.0,13.809892660915397,0.1607428790509912,13.0,24.0,13.900000000000002,0.6,46.0,3.79,6.4,23.4,50.1,0.52,0.05,13.0,64.2,-0.5,34.9,1.3,2.313759079835812,28.07668053979064,2.1465773809523814,2.9,0.0,2.67,112.5,14.1,53.8,2.34,29.5,4.0,18.39980893240984,1.5277314304832024,33.433748185936054,74.3,20.5,100.0,7.779999999999999,46.74,6.84820751402765,4.56,3,2.876100296476753,-9.2,2.0,33.33333333333333,10.42,21.14,34.102,4.391,4.72,3,33.4,31.2,23.7,39.0,34.6,18.55,3.2,-14.6,107.1,2.82,6.82,0.0,1683.671,,5.0,15.7,0.964,39.0,10.6,19.73
60,246000129,CC du Liancourtois,88.23529411764706,100.0,9.0,6.99510342760068,4.760821899916715,53.819948078050416,3.0,24.0,12.9,0.9,17.080000000000002,5.14,6.2,27.1,50.4,0.8,0.43,15.7,81.2,-0.3,34.9,0.8999999999999999,2.093977720077058,33.725433940611104,1.1986202931876977,2.6,0.0,2.51,111.4,18.0,34.7,2.34,46.3,2.0,5.011252045826513,1.1207169538444886,31.62936658683624,67.6,20.7,96.0,8.459999999999999,46.74,5.242130852593767,5.03,0,3.535781980539994,-7.2,15.0,-76.19047619047619,19.4,,24.664,3.245,7.21,1,30.4,11.8,19.6,46.0,54.3,15.24,2.7,-1.11,56.4,2.9,10.6,0.0,1364.275,70.0,0.0,19.4,0.735,68.0,10.6,12.63
60,246000376,CC du Clermontois,77.74086378737542,99.58071278825996,9.0,3.098990614485568,1.755498916662845,54.5130365448505,3.0,32.333333333333336,13.1,1.2,18.08,4.43,5.2,25.9,48.9,3.45,3.21,14.7,80.4,-2.2,34.9,1.3,2.937751429176371,34.697300016770086,2.575310815271207,2.0,0.0,2.38,93.4,19.3,22.7,2.34,23.6,3.0,0.1999193060318741,0.9516244317971932,31.30831432718225,71.9,14.6,96.0,7.93,46.74,4.93768340180334,6.35,1,4.075654911166835,1.1,25.0,-23.684210526315788,40.69,1.49,60.542,4.093,6.2,4,32.6,9.6,16.1,48.5,64.9,18.58,2.6,-3.64,75.1,6.28,7.89,0.0,1695.262,67.0,3.0,20.3,0.554,75.0,10.6,12.9
60,246000566,CC du Plateau Picard,73.14266929651545,98.94322653175942,26.0,1.5625438150995012,2.538533326506621,56.85503562230324,3.0,31.8,16.6,2.0,12.590000000000002,-4.17,6.8,32.800000000000004,41.8,15.4,14.88,14.9,83.5,1.4,35.333333333333336,0.8,3.739388222611508,26.980739768001754,0.2876291257243638,2.1,0.0,2.36,85.5,11.9,10.1,2.34,6.9,0.0,0.0539768864717879,0.2591442327757048,30.964249166474104,57.5,13.2,98.0,17.31,46.74,5.531714579444566,4.04,1,4.645818133580951,-1.0,67.0,-37.82383419689119,53.88,4.53,84.716,4.838,5.69,3,28.8,10.2,18.5,55.0,56.5,26.41,2.5,-7.430000000000001,46.2,8.23,14.29,0.0,848.711,62.0,0.0,19.1,0.38,70.0,10.6,14.19
60,246000582,CC des Sablons,78.88074616922052,100.0,5.0,3.1276005821359973,4.727708075460246,52.25513676390368,5.0,32.0,11.7,2.1,16.509999999999998,6.39,6.2,25.8,47.2,4.54,12.56,12.2,79.4,3.0,36.1,1.3,4.882863227884265,31.6038955442558,0.4763081551520362,1.0,0.01,2.08,104.0,13.4,30.3,2.34,16.3,0.0,1.317211635787528,0.9382331170231604,32.196096511449205,48.7,38.5,98.0,5.01,46.74,5.120432648609344,2.86,1,4.127820915677669,-6.5,49.0,-24.107142857142858,44.88,2.58,65.098,5.019,5.48,2,26.4,11.7,16.4,36.9,54.1,18.91,2.8,-7.6,63.8,8.55,21.75,0.0,6458.942,65.0,1.0,20.6,0.444,55.0,10.6,12.66
60,246000707,CC du Vexin-Thelle,85.40860459822444,100.0,0.0,9.123782024882216,,48.24624069297776,3.0,32.0,13.3,6.1,5.04,-1.68,5.9,33.2,37.4,20.26,12.08,12.5,81.4,0.8,36.1,1.3,5.836292009143524,32.0918178452425,1.7256038647342993,1.1,0.0,0.97,94.5,9.4,15.5,2.34,14.3,1.0,0.2226382762669374,0.6174305272328069,34.97205102479576,63.3,16.900000000000002,102.0,19.05,46.74,5.218922680990715,8.27,0,6.398389946986059,2.1,82.0,-20.858895705521476,65.01,1.69,70.816,4.335,6.16,2,25.4,6.7,15.6,53.6,56.5,20.38,2.6,-4.95,48.0,8.43,11.32,0.0,1074.483,65.0,0.0,20.4,0.47,73.0,10.6,10.97
60,246000749,CC des Lisières de l'Oise,77.27272727272727,100.0,10.0,3.2800328003280037,1.6894728396950554,64.946931385403,2.0,30.5,15.1,5.6,8.49,-1.24,7.8,32.0,50.8,10.55,16.44,14.4,85.5,1.4,35.0,1.1,3.638644918444166,32.794861813935384,3.316948030453492,2.5,0.0,2.51,106.2,13.5,24.4,2.34,41.3,2.0,28.290813673112385,0.2672772135605522,32.69125600048611,58.2,30.4,107.0,19.17,46.74,5.5970809784567255,6.9,0,4.429889866486187,4.1,52.0,-17.647058823529413,47.34,3.9,47.084,4.273,6.22,3,29.5,9.4,15.3,40.5,61.5,22.9,2.8,-5.72,61.2,7.75,17.8,0.0,458.771,61.0,2.0,21.4,0.493,92.0,10.6,13.2
60,246000756,CC du Pays Noyonnais,75.46099290780141,100.0,46.0,6.94566555301565,1.8869531960592805,73.55774253731343,4.0,34.333333333333336,19.3,2.3,19.41,-1.32,9.7,26.6,52.6,9.28,5.25,14.6,83.0,2.9,35.0,1.0,4.579817434674864,25.91490472461498,2.247457766114483,3.0,0.0,2.51,123.8,8.3,22.5,2.34,25.5,0.0,14.05878403580753,0.4529448320315298,34.44034440344404,66.5,20.6,109.0,8.77,46.74,6.8742471361650175,1.88,3,7.0246777502219775,-5.7,51.0,-33.70165745856354,67.94,2.21,56.875,3.601,8.94,2,32.9,19.3,22.5,48.9,52.1,21.74,3.0,-10.07,77.4,7.5,8.4,0.0,533.825,60.0,0.0,19.7,0.735,83.0,10.6,16.51
60,246000764,CC de l'Aire Cantilienne,99.53095684803002,100.0,8.0,3.454862379575605,6.408246262871407,21.677546363616027,3.0,30.5,11.8,3.8,12.139999999999999,1.03,6.4,23.1,56.400000000000006,0.78,2.32,12.0,64.0,-0.7,34.9,3.2,3.21285140562249,62.88376655223149,2.1310869565217394,2.5,0.0,3.12,87.1,12.9,59.4,2.34,50.4,0.0,99.91810488438728,0.6207231711269685,39.837187148177016,74.4,8.799999999999999,100.0,14.23,46.74,3.968759830822468,1.56,0,3.8489890339657897,-2.0,14.0,-34.090909090909086,16.48,,15.661,4.547,9.26,2,36.7,6.5,10.2,41.9,74.5,24.65,3.6,-4.92,69.8,3.91,11.36,0.0,2276.782,71.0,0.0,30.6,0.49,104.0,10.6,9.35
60,246000772,CC des Deux Vallées,73.16017316017316,100.0,31.0,2.125524000708508,3.296170789143816,38.519412103236085,2.0,36.0,18.5,1.4,18.44,11.43,7.0,25.0,60.2,2.61,4.67,15.2,87.5,1.7,35.0,1.2,2.3483539368159865,33.71153974504438,1.3099999999999998,3.3,0.0,3.54,102.2,14.9,37.4,2.34,43.4,1.0,31.82827664597359,1.1829407340430569,28.97297297297297,56.0,18.1,106.0,3.81,46.74,5.95411330156926,2.66,0,4.323993530620274,4.9,42.0,-41.86046511627907,40.61,,35.847,3.004,10.64,3,30.6,10.9,18.4,48.3,57.6,19.01,2.6,-7.13,64.8,5.81,11.94,0.0,814.27,63.0,4.0,20.2,0.991,90.0,10.6,13.58
60,246000848,CC de la Picardie Verte,68.0306389840758,100.0,8.0,1.938107435901362,2.154520663711524,86.49245031469941,2.0,33.857142857142854,20.1,5.3,11.42,-3.09,8.9,35.8,35.9,19.86,19.06,16.400000000000002,83.7,0.2,36.1,1.1,7.624323146822681,24.45617323533764,0.0326541052093102,2.7,0.1,2.18,88.4,18.6,27.7,2.34,8.6,2.0,0.9426305749554634,0.4759830984684368,34.50590352991427,57.0,16.7,107.0,15.39,46.74,6.066168310862175,5.29,1,6.079576732521867,0.3,73.0,-13.237924865831843,100.01,5.42,77.074,2.902,7.38,3,30.0,13.4,19.1,56.9,57.1,21.75,2.6,-8.06,62.5,10.67,31.3,0.0,5754.645,60.0,2.0,16.0,0.397,81.0,10.6,15.69
60,246000855,CC du Pays des Sources,80.41958041958041,98.91696750902528,40.0,3.975040443725445,0.5064449791192761,148.43677069199458,2.0,33.857142857142854,15.6,3.5,4.97,24.18,7.9,27.0,43.6,15.73,13.51,13.6,89.8,0.9,35.0,1.2,4.787498306309561,29.68677571021787,0.3117085525034094,2.7,0.0,1.81,99.1,10.2,25.0,2.34,18.3,0.0,0.1984743607854217,0.9729600942259022,31.8904593639576,52.1,35.8,100.0,3.2300000000000004,46.74,4.90779729808458,2.71,0,6.311205763740994,2.0,84.0,-10.344827586206897,73.77,1.48,61.936,3.544,6.53,2,25.5,8.9,15.4,57.9,72.2,24.25,2.7,-5.82,45.6,11.5,14.4,0.0,354.682,61.0,3.0,20.6,0.539,75.0,10.6,13.11
60,246000871,CC du Pays de Valois,71.41847616600283,97.95824023422452,8.0,1.687083537639681,,64.48323921227917,4.0,28.0,11.4,2.8,11.25,9.55,5.3,25.9,45.8,12.31,11.56,12.6,78.9,1.4,37.05,1.3,4.061811748564826,35.038542396636295,2.2426059401019014,2.2,0.3,2.17,82.7,11.3,45.3,2.34,23.0,0.0,12.588945454545456,0.4772583223193133,32.64583517748075,53.8,25.6,93.0,6.76,46.74,4.326647665587856,5.78,1,4.30771994753957,0.0,60.0,-11.711711711711713,47.02,2.86,69.038,4.018,5.5,2,28.9,7.4,15.1,44.4,61.3,19.68,2.6,-3.9800000000000004,56.1,9.9,24.98,0.0,1179.251,66.0,4.0,23.3,0.389,66.0,10.6,10.93
60,246000897,CC de la Plaine d'Estrées,54.90196078431373,100.0,27.0,1.9984802431610944,2.107296214546638,75.62954620371387,2.0,30.0,14.499999999999998,1.7,7.99,1.37,5.0,26.8,56.3,3.64,4.63,12.7,88.6,2.9,34.95,13.1,5.119172125282105,44.85552082668878,2.521606786427146,2.4,0.04,3.3,89.6,17.5,33.1,2.34,12.1,0.0,0.0635367387268698,1.1321196841103014,33.01304417843148,42.2,46.6,96.0,12.049999999999999,46.74,4.713154609500484,3.3,0,4.871034175665145,-6.2,58.0,-4.132231404958678,45.42,1.85,68.615,3.681,6.03,3,25.0,6.6,15.4,48.8,75.2,20.15,2.5,-5.58,73.6,7.0,15.37,0.0,1442.912,64.0,1.0,22.7,0.452,69.0,10.6,11.67
60,246000913,CC du Pays de Bray,77.65190525231719,100.0,4.0,3.711315521679271,1.7743175179130144,49.65207322452581,3.0,27.666666666666668,15.5,5.1,11.450000000000001,-1.48,7.0,29.3,36.5,18.55,25.17,14.499999999999998,85.9,1.1,36.1,1.1,6.227954144620811,28.32080200501253,2.490345686701961,1.4,5.13,2.76,82.0,13.4,13.1,2.34,19.3,1.0,1.977880408361692,0.4657971613467955,29.95404163287375,55.8,30.2,105.0,12.08,46.74,5.796507815061756,7.72,0,5.4602688818450105,1.6,78.0,-40.5,98.19,13.81,62.154,2.455,8.83,2,27.2,10.7,18.2,50.5,53.7,19.73,2.6,-7.969999999999999,34.1,12.61,17.22,0.0,2711.544,61.0,0.0,18.6,0.335,74.0,10.6,13.33
60,246000921,CC des Pays d'Oise et d'Halatte,79.78142076502732,100.0,12.0,1.2610966057441253,3.842788231824912,55.91617642754705,4.0,25.5,13.0,1.7,18.57,4.24,5.8,26.9,54.900000000000006,2.17,3.46,13.6,82.4,3.0,34.95,1.2,3.1651083105871423,36.24450346118682,2.517253521126761,2.2,0.12,2.9,83.5,15.8,31.8,2.34,35.0,0.0,54.08325010700528,1.2295916972421268,30.090413850146888,53.8,13.7,95.0,6.419999999999999,46.74,5.054248451921953,2.32,0,4.2117361841336605,-0.1,21.0,-46.26865671641791,34.34,,29.678,2.47,8.79,3,29.1,10.5,16.5,44.3,64.4,17.39,2.9,-6.370000000000001,55.2,5.88,13.0,0.0,925.815,68.0,2.0,25.5,0.629,72.0,10.6,11.81
61,200035103,CC de la Vallée de la Haute Sarthe,70.28089887640449,98.28326180257513,31.0,0.0,1.0927975343254936,29.74201309985296,1.0,33.333333333333336,24.2,15.4,9.520000000000001,2.56,9.8,35.5,38.6,30.87,26.37,19.8,85.5,4.3,32.4,0.8,0.7967069446288673,24.27734375,7.29078014184397,2.8,0.0,2.66,91.1,9.8,15.5,3.23,7.7,0.0,49.952896108963216,0.4712414215498054,39.3126789898464,60.8,12.7,125.0,12.32,45.97,5.881445616138156,,0,7.256326209518814,1.2,68.0,9.9601593625498,93.19,10.97,69.063,0.778,12.67,3,35.2,14.4,9.3,56.7,68.2,33.59,2.8,-3.8,52.8,15.1,19.39,0.0,247.331,58.0,0.0,20.4,0.352,110.0,15.0,15.53
61,200035111,CC des Sources de l'Orne,86.2047823421214,99.56989247311829,21.0,1.415943945277931,1.8502321504173544,80.26978537894031,1.0,33.5,23.1,6.7,12.030000000000001,0.63,11.7,31.3,42.00000000000001,22.33,26.96,19.6,84.0,3.3,33.4,0.8,1.2541806020066888,23.08617234468938,0.0325224748810153,2.8,0.66,2.51,119.4,9.6,17.1,3.23,18.0,0.0,68.88605623411756,0.2884151469969615,37.58859600222984,68.8,10.5,120.0,26.72,45.97,6.185765608775051,2.51,0,5.50680925724789,4.6,59.0,-15.151515151515152,90.55,10.01,63.411,1.324,12.22,2,38.7,13.7,13.7,55.1,58.0,31.61,2.6,-4.73,74.1,9.91,19.87,1.672,267.58,55.0,0.0,23.4,0.222,105.0,15.0,17.89
61,200035814,CA Flers Agglo,92.03413940256046,100.0,22.0,6.688086663625157,0.6087824163811818,37.44058096928946,2.0,32.333333333333336,21.1,4.7,14.829999999999998,1.02,11.4,31.2,45.8,10.23,5.75,18.4,85.9,0.6,31.5,1.0,4.951532118303529,26.953789385684225,2.487569561065561,2.7,0.59,2.48,115.7,11.9,25.1,3.23,9.7,1.0,20.168808941669575,1.018533951113075,33.402574279461405,61.7,24.7,125.0,16.14,45.97,6.189742312545659,3.24,2,8.422408182240819,0.9,46.0,-15.18467852257182,78.77,7.0,65.762,0.892,11.12,6,39.2,15.0,15.2,46.4,52.2,22.47,2.7,-5.74,106.2,8.55,9.79,2.285,1149.338,57.0,0.0,22.6,0.312,126.0,15.0,17.67
61,200036069,CC du Pays de Mortagne-au-Perche,85.78187840075704,99.88555078683834,25.0,0.0,1.1943591174104915,109.95715871254164,1.0,34.25,26.3,17.2,15.36,2.46,9.5,35.9,46.0,20.13,9.36,20.0,77.2,-2.3,32.599999999999994,1.0,1.4798372179060304,26.55348424323125,5.249137931034483,2.7,0.04,2.96,84.4,5.3,16.0,3.23,10.1,0.0,64.00251219151765,0.2189786010914767,49.11352587932514,62.9,15.3,131.0,20.26,45.97,6.881107440781082,4.44,1,6.8709205327089125,-1.5,49.0,-11.64021164021164,88.71,8.97,69.329,1.395,10.92,3,38.7,14.5,16.8,49.1,69.9,33.74,3.0,-2.4299999999999997,109.2,9.42,9.42,1.48,193.737,56.0,0.0,20.6,0.268,142.0,15.0,17.32
61,200068435,CC Coeur du Perche,86.11494252873564,100.0,12.0,0.0,0.838985454175935,84.38873391523441,2.0,35.0,22.3,22.8,8.48,0.0,9.4,38.1,37.7,19.18,16.0,18.7,81.6,-1.1,38.9,1.0,1.7183684543727955,23.08880308880309,6.261880341880343,2.6,0.0,2.71,65.2,9.1,29.6,3.23,16.1,0.0,100.00005123738278,0.1891338367843913,41.0279131590607,55.2,22.6,127.0,7.7,45.97,5.956630858148009,13.57,0,4.60905892700088,-2.7,69.0,-41.05571847507331,93.21,12.81,60.729,1.923,9.24,4,33.9,12.0,18.0,51.6,43.4,27.22,2.8,-3.88,57.3,12.08,13.67,0.0,82.41,58.0,1.0,16.9,0.295,123.0,15.0,16.76
61,200068443,CC Andaine - Passais,88.125,100.0,30.0,0.6637587710980466,0.753007526543059,183.5088030888031,1.0,33.5,25.3,28.7,6.64,-0.24,9.3,32.300000000000004,38.6,21.8,19.6,20.1,83.7,4.2,31.5,0.8,3.115992833216484,24.04408457040036,3.756988369720466,2.4,0.15,3.89,96.8,0.9,33.3,3.23,5.6,1.0,99.9744249305186,0.4769969336411939,37.67097119278674,48.5,41.0,149.0,12.82,45.97,6.144110133255393,14.8,0,7.447450178070774,0.8,39.0,-24.088748019017437,92.27,7.92,78.782,0.964,9.78,4,41.0,14.5,15.2,49.4,60.2,26.25,2.8,-5.06,110.5,11.58,21.58,0.0,324.75,55.0,1.0,18.9,0.187,199.0,15.0,16.09
61,200068450,CC Terres d'Argentan Interco,95.68382735309412,99.90723562152134,14.0,2.5162373948640657,2.0713289940194626,67.72861569937118,1.0,35.0,24.3,5.5,22.56,0.75,9.7,30.6,42.2,18.7,9.47,18.5,81.1,1.7,32.95,0.8999999999999999,2.3970755678072746,26.58672830588462,0.9680998613037446,2.6,0.37,3.3,124.0,11.0,38.1,3.23,11.6,0.0,24.467742606380767,0.6080135958932924,35.08003271410212,66.5,18.6,126.0,12.41,45.97,6.360536259049425,5.09,2,6.087047951900009,1.7,50.0,-31.170662905500706,84.97,6.83,69.801,1.287,12.6,5,39.9,16.0,17.6,49.0,61.9,25.23,2.8,0.6,102.8,11.98,12.47,5.094,506.776,58.0,1.0,23.1,0.292,128.0,15.0,19.15
61,200068468,CC des Pays de L'Aigle,89.3731343283582,97.38979118329466,23.0,5.253526259877017,1.3129348512773509,79.08035253483663,2.0,33.5,26.1,10.0,16.37,0.41,10.0,32.7,38.7,14.46,14.8,20.4,83.4,0.5,32.8,0.8999999999999999,1.761056633980388,26.736972704714645,0.9792684629345246,2.2,0.38999999999999996,3.2,92.1,5.5,56.1,3.23,20.3,1.0,6.293522487829688,0.3269771931808854,41.081460674157306,64.1,18.6,124.0,16.75,45.97,6.785631267848842,2.4,3,6.35034092670076,0.2,58.0,-9.586056644880172,85.0,5.52,60.133,1.823,10.18,3,39.6,16.9,18.6,44.9,53.7,24.05,2.9,-3.6999999999999997,96.0,11.22,11.22,9.206,255.54,57.0,0.0,22.8,0.299,122.0,15.0,16.69
61,200068856,CC des Hauts du Perche,87.39184177997528,99.3660855784469,30.0,1.6506757453832663,1.0774178326194572,147.64382700528037,1.0,32.666666666666664,26.4,23.8,10.52,3.4,10.3,36.0,41.8,26.46,32.81,20.8,80.7,-0.5,35.849999999999994,0.8999999999999999,1.6493275818320223,23.54031510658017,0.0,2.1,0.5599999999999999,3.81,72.7,10.3,9.9,3.23,34.4,0.0,74.06890898378461,0.1528324730251932,37.481259370314845,51.9,14.4,136.0,19.18,45.97,7.156385808156314,6.34,0,7.288634704307618,5.9,71.0,-5.529953917050691,88.84,9.86,50.441,1.408,10.25,3,38.0,15.7,14.8,57.0,49.8,28.55,2.9,-5.3100000000000005,61.9,15.9,19.4,0.0,52.474,56.0,0.0,14.3,0.226,159.0,15.0,16.84
61,200069458,CC des Vallées d'Auge et du Merlerault,96.52362846279196,99.05405405405403,14.0,0.4767799018933663,1.6420301223513494,177.89181204276872,1.0,34.0,26.6,14.6,17.36,-0.54,15.4,35.2,43.1,26.55,31.77,20.9,76.9,2.5,34.300000000000004,0.7000000000000001,1.6920473773265652,21.472253680634203,0.177792465300727,2.1,0.13,3.53,74.7,3.7,19.8,3.23,11.9,1.0,29.69944146643176,0.3151314376054723,41.40829543888659,52.8,32.2,141.0,12.31,45.97,6.991484328219022,10.58,0,5.267642410499553,-3.1,52.0,-26.993865030674847,90.47,12.35,67.58,0.795,16.56,5,40.0,18.6,18.0,55.4,70.7,29.82,2.9,-3.66,103.1,15.33,26.88,12.69,274.218,52.0,1.0,18.2,0.309,164.0,15.0,18.59
61,200071504,CC des Collines du Perche Normand,92.21724524076149,99.8390989541432,19.0,0.0,1.3762259241528048,128.5944453739334,1.0,33.75,24.8,16.5,12.76,-0.42,10.9,36.5,43.5,16.48,8.21,19.1,80.8,-1.4,35.65,0.8999999999999999,2.1019001177064065,23.37222431313512,0.0954337899543379,2.0,0.18,3.36,59.1,16.5,37.5,3.23,14.6,1.0,77.76580455829516,0.2053489881971628,41.65980569734892,39.5,37.8,129.0,6.87,45.97,6.022885445181644,5.04,0,5.709564793764209,-3.5,50.0,-38.68194842406877,90.22,5.61,62.097,1.837,8.78,3,35.7,12.7,15.5,47.7,55.1,24.72,2.7,-4.74,103.8,13.25,13.25,3.363,63.395,55.0,0.0,18.8,0.361,143.0,15.0,18.49
61,200071520,CC Domfront Tinchebray Interco,92.05128205128206,100.0,23.0,1.825138677947762,0.9609759405685387,134.77019930401772,1.0,32.5,23.200000000000003,8.7,10.86,2.31,13.8,35.2,40.6,17.85,14.13,19.9,82.0,-2.6,31.5,0.7000000000000001,1.013813204916994,21.16650987770461,4.77433737924201,2.4,0.24,3.8,93.1,9.9,16.6,3.23,11.0,0.0,57.911036097348514,0.7455958431842468,35.348837209302324,53.3,34.8,133.0,14.760000000000002,45.97,6.095781975204459,4.44,2,4.654873373970967,-1.8,53.0,-29.24731182795699,83.99,6.11,66.336,0.84,10.73,3,37.4,14.3,12.5,42.5,51.6,24.97,2.6,-4.97,80.5,9.93,17.27,0.634,310.078,53.0,0.0,22.0,0.204,140.0,15.0,15.97
61,200071652,CC du Pays Fertois et du Bocage Carrougien,95.04132231404958,99.37304075235107,33.0,2.2228721848493715,1.0685446393013047,40.40593447352153,1.0,32.5,19.7,13.5,1.25,0.0,12.0,36.0,37.7,35.08,34.21,17.599999999999998,84.9,1.2,32.766666666666666,0.8999999999999999,1.4516798009124845,19.982211680996148,7.036242250834526,2.0,13.05,2.07,81.4,2.5,22.5,3.23,22.2,0.0,99.92497205262706,0.2778836948133964,27.87952787952788,46.1,19.6,125.0,5.52,45.97,5.692671445845569,4.15,1,7.692261185006046,-1.7,71.0,-16.666666666666664,91.77,14.46,59.776,0.971,11.9,4,30.9,12.9,11.2,51.8,61.8,28.62,2.6,-2.85,62.5,14.53,15.05,0.0,52.91,57.0,0.0,17.8,0.166,140.0,15.0,16.74
61,246100390,CC du Val d'Orne,93.56913183279742,100.0,17.0,5.863341246460544,0.7921502107410593,1.675359233634912,1.0,32.666666666666664,20.5,15.3,3.6700000000000004,-11.76,12.3,45.8,34.3,49.01,36.66,18.2,83.0,2.0,32.95,0.8999999999999999,1.067995728017088,22.095730918499356,0.0120738636363636,2.2,0.9400000000000001,1.78,77.2,11.0,20.7,3.23,6.1,0.0,5.687800304699402,0.3304031683031607,33.096926713947994,46.0,49.8,123.0,18.41,45.97,5.2800331816696415,7.12,0,9.03114552173148,3.6,82.0,-20.44728434504792,87.52,15.5,74.021,0.892,10.68,3,31.7,14.0,11.8,54.6,51.5,40.58,2.7,-3.1,79.7,15.76,15.76,0.0,40.527,58.0,0.0,22.1,0.215,103.0,15.0,17.07
61,246100663,CU d'Alençon,94.75791772843102,100.0,33.0,0.0261995462238594,3.12377178209155,90.1935600252548,2.0,32.0,19.8,2.6,24.13,1.17,8.0,30.8,50.0,7.16,2.93,16.1,78.7,-0.9,32.4,1.6,4.674668351231839,35.22429983752375,4.397833091385476,2.5,0.06,2.35,104.7,17.5,47.1,3.23,20.3,0.0,71.31365735744811,0.6169452748230939,36.54932409981988,75.3,11.7,122.0,18.52,45.97,6.0214712405208175,4.15,5,4.064333237945343,-2.6,23.0,-31.49171270718232,84.85,7.89,53.002,1.312,12.19,6,43.0,16.6,18.0,40.0,71.3,27.6,3.1,-2.07,127.6,7.74,9.55,0.0,511.691,,0.0,23.8,0.432,109.0,15.0,18.03
62,200018083,CC de Desvres-Samer,87.25038402457757,100.0,32.0,1.75228828234518,2.569667203072388,305.8980233409414,1.0,35.666666666666664,15.5,2.6,8.52,15.6,7.9,28.000000000000004,38.2,13.89,4.96,11.8,87.8,2.0,29.1,1.0,6.396404183594088,27.74228260138544,0.0,2.9,0.22,2.16,203.7,17.3,30.7,3.31,12.0,0.0,99.87109233554617,0.5928910563297516,32.49325691166554,62.3,26.8,107.0,13.29,57.14,5.267650243971475,2.59,0,5.787957100400568,-6.9,52.0,-14.058355437665782,93.1,4.74,67.738,1.772,9.17,4,25.0,14.5,15.0,55.9,67.1,27.7,2.7,-9.25,66.1,9.1,20.55,1.297,330.411,60.0,0.0,19.2,1.0,72.0,17.9,14.77
62,200033579,CU d'Arras,86.80555555555556,100.0,16.0,1.891261987544416,3.448696281943022,58.668552324734,2.0,37.66666666666666,15.5,1.0,24.779999999999998,3.98,7.8,21.9,66.49999999999999,1.69,0.11,12.8,76.2,-1.0,29.0,2.1,4.508976963226788,44.03326340572602,3.687999166608792,4.1,0.01,3.64,213.3,21.3,70.9,3.31,1.8,4.0,0.1505068884845334,1.5930723824172752,35.94169200500805,69.7,14.4,100.0,13.69,57.14,5.280983065197867,4.55,6,3.333225630752472,-3.4,19.0,-7.006369426751593,33.66,0.95,69.019,5.079,6.19,5,39.6,15.5,17.1,43.7,65.9,26.49,3.3,-4.34,135.9,6.57,8.41,0.0,1112.592,,4.0,22.7,0.808,83.0,17.9,15.58
62,200035442,CC du Sud Artois,60.18382352941176,99.96474528468184,16.0,1.5262398791218017,3.8711333936698415,53.27303300195868,2.0,37.4,19.8,1.6,7.9399999999999995,-1.36,8.6,33.900000000000006,55.3,14.6,19.64,14.499999999999998,85.0,1.2,30.85,1.0,5.977130977130977,30.06941907197662,0.2101343457943925,2.4,0.32,2.97,162.1,15.1,35.1,3.31,2.7,0.0,0.0,0.3162927350967014,31.844140822670425,57.1,13.6,104.0,15.629999999999999,57.14,5.188679960077963,6.31,0,5.905117231793409,0.0,69.0,-26.3986013986014,57.0,1.06,89.472,6.642,5.7,4,30.1,13.4,16.5,63.1,65.8,21.9,2.7,-3.5700000000000003,75.0,9.98,20.78,0.0,266.031,59.0,0.0,15.1,0.552,81.0,17.9,17.33
62,200044030,CC des 7 Vallées,87.76881720430107,100.0,16.0,5.116587899855486,3.0947333424978942,84.61516777611737,2.0,42.0,21.6,9.2,9.51,-3.66,8.8,29.6,41.5,20.46,12.69,16.400000000000002,85.0,2.6,29.9,0.6,7.816482582837723,25.274846086191737,0.1013044595810307,2.3,0.0,3.4,174.2,14.6,25.1,3.31,6.7,0.0,0.868087396834257,0.3669769291014925,35.66300464153338,59.8,22.6,121.0,11.58,57.14,6.099633063330907,5.1,0,5.657840590953554,0.2,65.0,-19.771863117870723,100.0,2.35,74.568,5.172,7.91,5,32.4,18.1,19.7,67.3,53.6,34.6,2.8,-10.36,75.4,10.14,29.61,0.34,335.927,58.0,0.0,16.6,0.814,110.0,17.9,17.86
62,200044048,CC Osartis Marquion,,,16.0,,4.029195059205295,183.2990316756934,1.0,36.85714285714285,15.5,1.4,6.460000000000001,3.96,5.9,28.1,62.6,4.68,4.65,12.1,88.2,1.8,29.375,1.3,3.9005932638856446,36.01116063340218,0.367377581663296,3.0,0.01,3.04,179.3,18.0,40.6,3.31,2.6,3.0,0.0,0.8853303432738342,29.45586233939981,53.3,21.6,103.0,5.36,57.14,4.031722937578153,7.71,0,4.389661698604211,0.2,68.0,-25.5050505050505,43.05,0.59,76.503,4.777,5.69,5,25.9,10.1,14.0,51.5,65.1,18.69,2.7,-6.7,50.9,9.47,12.9,0.0,677.231,63.0,2.0,19.3,0.527,77.0,17.9,13.23
62,200069029,CA des Deux Baies en Montreuillois,79.28994082840237,100.0,19.0,1.329367387294571,5.469363156063147,102.78517335766423,2.0,36.6,19.8,45.8,13.98,3.65,4.7,26.0,51.6,4.84,5.89,14.000000000000002,83.4,1.7,30.5,1.5,2.504455780222481,40.20849706439832,2.568193872885231,5.1,0.0,3.84,263.0,13.8,53.2,3.31,14.3,2.0,9.065535718695212,0.7326490098264024,50.313427911580334,78.9,14.2,123.0,18.75,57.14,5.612489789126554,2.92,0,4.6860042961304575,1.7,25.0,-21.518987341772156,63.1,2.2,59.696,5.717,8.5,5,37.1,13.5,18.9,48.6,71.8,39.1,3.1,-5.88,112.6,7.0,13.87,0.0,810.264,61.0,0.0,24.8,1.114,138.0,17.9,14.45
62,200069037,CA du Pays de Saint-Omer,92.06920071929063,100.0,26.0,3.126477416360012,3.098483016709232,558.9734221485272,2.0,42.0,17.4,2.3,14.27,1.86,7.4,25.6,54.8,5.21,3.93,14.099999999999998,84.2,0.7,31.13333333333333,1.3,2.6361196319018405,33.00652024158536,2.1971565999893503,3.3,2.8899999999999997,3.36,188.7,13.4,42.7,3.31,7.9,4.0,42.775411423039685,1.746711344074002,32.365789547533744,59.7,11.1,103.0,10.83,57.14,5.907935368262601,4.79,1,4.062242045000666,1.4,27.0,-29.625550660792957,58.22,1.07,63.396,3.241,8.2,6,32.4,16.9,20.0,52.8,67.9,31.04,2.8,-9.08,104.7,10.02,13.6,0.671,531.791,62.0,2.0,21.4,1.219,79.0,17.9,16.21
62,200069235,CC du Haut Pays du Montreuillois,83.12586445366527,100.0,24.0,1.7915375015097226,2.7411553210115533,125.0743806915876,1.0,41.85714285714285,19.2,8.2,4.84,-3.44,8.6,31.1,33.800000000000004,36.13,26.91,13.900000000000002,83.9,3.9,29.633333333333336,0.8,11.434379367297677,22.06678239558869,0.0475235849056603,2.4,17.01,1.91,148.3,16.5,13.7,3.31,8.2,0.0,0.019412666588041,0.4139327666384124,35.088782498030426,62.8,15.9,109.0,31.19,57.14,5.373864574731627,4.45,1,7.125325541510513,-2.4,85.0,-29.84441301272984,99.99,1.75,78.705,3.764,8.12,4,28.1,17.2,15.5,75.2,57.7,39.77,2.8,-10.69,77.7,17.98,28.8,0.0,199.988,57.0,0.0,20.8,0.96,82.0,17.9,18.26
62,200069482,CC des Campagnes de l'Artois,66.69296595253991,98.95287958115183,16.0,1.283852389118831,3.988371614883239,83.51784798286111,1.0,38.16666666666666,15.5,2.3,2.91,-6.82,7.2,30.8,44.6,16.01,17.37,11.3,88.0,0.2,30.65,1.3,8.14058275758486,30.56125473031505,0.5169610855094726,3.1,0.0,2.1,152.3,12.7,29.9,3.31,4.3,0.0,0.0018639328984156,0.5471710774797719,33.813455120323205,56.3,27.3,107.0,10.34,57.14,3.6229845393448055,3.91,0,5.289894819324312,0.4,84.0,-21.47058823529412,100.0,2.42,82.515,4.073,7.09,4,25.4,10.0,12.6,63.4,61.7,23.82,2.8,-7.85,50.8,14.66,15.94,0.3,337.549,60.0,0.0,20.1,0.623,85.0,17.9,12.88
62,200069672,CC du Ternois,77.2351615326822,99.81900452488688,16.0,2.920095566764003,4.033291263599035,84.06923056393285,1.0,41.333333333333336,21.3,4.3,7.6899999999999995,0.08,9.4,33.800000000000004,47.4,19.89,15.55,14.6,84.8,4.9,30.54,0.7000000000000001,7.752355316285329,25.477509417239084,0.2642100904950612,2.8,0.0,2.96,124.2,12.4,39.7,3.31,5.9,3.0,0.2309729797504858,0.4484949814591566,34.827713968136344,59.4,28.2,117.0,13.66,57.14,6.269872169412047,4.04,2,6.381416810864664,-0.1,58.0,-33.17865429234338,100.0,2.66,79.993,3.223,7.58,5,31.1,18.1,19.9,65.3,55.0,25.01,2.9,-11.17,85.2,10.83,19.87,0.0,349.865,57.0,1.0,16.1,0.717,99.0,17.9,17.16
62,200072460,"CA de Béthune-Bruay, Artois-Lys Romane",78.2258064516129,100.0,16.0,1.9022738596138848,4.267683366240703,52.26257141508098,2.0,37.2,18.9,0.7,26.87,-0.97,7.8,27.1,64.8,1.85,0.46,13.8,86.1,0.8,28.22,1.2,3.924043287782517,35.97480511228953,2.268370672375472,3.5,0.03,3.23,219.5,14.5,45.2,3.31,5.5,7.0,0.2275248012816562,1.858027900006921,29.402062447112144,69.1,19.8,104.0,12.24,57.14,5.825122841180473,4.21,5,3.9642710012214426,-2.6,11.0,-35.37344398340249,33.76,1.33,58.182,3.995,6.54,7,32.6,18.6,20.4,47.5,55.6,20.74,2.9,-9.42,74.9,5.11,10.12,0.363,4759.513,,12.0,18.9,1.295,77.0,17.9,15.83
62,200072478,CC Pays d'Opale,86.4321608040201,100.0,32.0,3.6110785163539454,2.9263732803180647,242.84094338124356,2.0,41.0,15.9,3.6,8.01,-1.86,6.1,23.8,39.6,7.74,7.61,12.1,88.5,1.4,32.45,1.1,4.805019458343262,26.87619872548413,2.3363444010416665,1.9,0.0,3.18,172.4,11.9,40.4,3.31,15.1,0.0,78.9074827802129,0.9683840838684904,30.378953961791417,73.3,8.9,105.0,32.800000000000004,57.14,5.29950357426529,3.97,0,5.550754567116759,-0.6,55.0,12.371134020618555,72.39,2.41,64.459,4.181,8.42,5,25.7,15.1,17.1,55.0,64.7,29.47,2.7,-10.65,49.2,13.65,19.91,0.794,447.463,62.0,0.0,22.8,0.99,71.0,17.9,15.24
62,200090751,CA Grand Calais Terres et Mers,86.87707641196013,100.0,32.0,1.3087339816413706,4.535946928200271,39.63547779981382,2.0,35.0,18.8,2.9,26.479999999999997,-0.28,8.5,24.1,61.2,1.81,0.04,13.5,79.6,0.1,35.8,1.2,3.255386046323536,35.00118958291392,3.526050420168067,3.5,0.02,3.44,244.1,14.0,53.8,3.31,2.7,4.0,14.729461604461603,1.7997475613618048,31.77359319023241,69.8,12.4,101.0,10.59,57.14,6.457047710315559,3.13,3,4.842635361763297,-4.7,9.0,-9.090909090909092,28.35,1.35,58.99,5.617,9.02,5,38.6,23.2,26.2,40.8,55.7,33.96,3.1,-8.129999999999999,121.6,4.79,8.29,0.101,1059.685,,3.0,17.9,0.62,77.0,17.9,17.56
62,246200299,CA d'Hénin-Carvin,90.68825910931174,100.0,16.0,4.163750874737579,5.2698082814781655,9.964033427940713,3.0,31.0,17.8,0.4,41.13,0.78,7.2,24.1,73.1,0.35,0.03,13.5,83.7,0.8,27.9,1.2,2.3308729674232755,34.37970832175299,1.9679612569409397,4.5,0.0,3.17,234.3,26.9,57.6,3.31,3.3,3.0,0.0398328443140393,5.7881476361690805,30.392288124246885,66.0,19.3,105.0,9.3,57.14,6.543069701672236,2.62,1,3.2530082380658727,-5.5,2.0,-1.7241379310344829,10.46,9.25,31.328,3.896,5.62,7,32.0,22.1,21.3,41.6,50.5,18.5,2.8,-10.63,92.8,1.71,6.14,0.079,5652.068,65.0,2.0,18.4,0.646,67.0,17.9,16.49
62,246200364,CA de Lens - Liévin,89.9497487437186,100.0,16.0,3.54285295787026,4.36697247706422,35.52229921636361,3.0,36.333333333333336,19.4,0.5,46.660000000000004,-0.17,7.1,25.2,72.9,0.75,0.05,13.6,85.7,0.8,29.0,1.1,2.155892015779646,35.72689508041557,1.6893072303136634,4.4,0.0,3.26,247.1,23.7,55.5,3.31,6.8,6.0,0.2528998461730345,2.86526098980989,27.83936124086815,71.9,16.2,104.0,12.690000000000001,57.14,6.636919860656014,3.34,2,3.246405117870754,-0.9,4.0,-44.70588235294118,13.11,2.19,42.563,4.156,6.15,7,33.8,23.8,22.7,39.7,48.5,19.98,2.9,-10.59,84.9,3.22,6.86,0.082,6208.717,,5.0,16.8,1.033,70.0,17.9,17.21
62,246200380,CC de la Terre des Deux Caps,68.70897155361051,100.0,32.0,4.1990936170448805,2.9733558944730927,44.493596632634784,2.0,37.66666666666666,15.0,21.9,13.11,10.16,4.1,30.6,46.900000000000006,11.04,2.26,11.7,86.8,1.7,32.45,1.1,5.005586592178771,32.755596098519405,1.538172458172458,3.5,0.0,3.58,201.3,17.0,50.4,3.31,5.6,1.0,100.24990537983238,0.7351973883673641,36.47643771725261,63.1,20.0,103.0,10.41,57.14,5.177261432691317,6.26,0,3.9466925018024512,-0.3,55.0,8.658008658008658,94.98,6.89,64.309,2.355,9.91,6,26.1,14.6,15.2,56.0,61.2,27.62,2.9,-7.8,59.0,6.67,16.43,0.0,481.366,60.0,0.0,21.5,0.818,78.0,17.9,14.27
62,246200729,CA du Boulonnais,95.24996719590604,100.0,32.0,1.371098995235372,3.8909087856777536,24.01785078030357,3.0,35.333333333333336,17.9,11.7,30.049999999999997,0.1,6.8,22.3,66.2,0.82,0.46,12.4,78.6,-0.7,29.8,1.4,4.03688324159946,40.15094852791187,3.7869948069541657,4.7,0.0,4.27,224.3,16.3,62.2,3.31,27.2,1.0,83.30603636363637,0.8991059038692613,33.385713407835944,67.3,16.1,110.0,10.979999999999999,57.14,6.231612754129707,3.11,2,3.075778930106812,1.1,9.0,-33.92857142857143,22.7,4.44,35.396,1.522,10.44,5,38.1,20.1,20.9,44.6,56.6,31.1,3.1,-8.37,111.3,6.68,8.86,0.089,834.336,,1.0,19.0,1.609,94.0,17.9,19.31
62,246200844,CC de la Région d'Audruicq,89.44844124700239,100.0,32.0,2.1768352081326565,2.636915595561305,0.0,1.0,40.66666666666666,13.900000000000002,4.9,8.63,0.21,6.0,23.8,28.6,9.81,3.94,11.5,91.2,3.9,35.25,1.5,7.024514847270018,28.30734608583829,1.6306306306306306,2.6,0.16999999999999998,2.48,172.1,16.0,45.6,3.31,3.2,1.0,11.871570397111912,1.2330688098544909,24.21248116612355,75.5,8.799999999999999,99.0,18.13,57.14,4.172794003578409,7.1,0,4.354050532107435,-5.0,51.0,-18.49056603773585,48.07,0.49,68.606,5.283,7.84,5,23.7,12.3,15.3,50.3,61.8,24.98,2.8,-11.91,31.8,5.87,21.47,0.71,951.68,62.0,0.0,23.3,0.777,63.0,17.9,13.63
62,246201016,CC du Pays de Lumbres,94.26666666666668,100.0,32.0,0.1428843589255096,2.215651066341988,41.45111010046719,1.0,41.8,15.3,2.4,5.88,-1.57,6.1,26.4,38.8,16.94,15.27,12.6,89.6,1.9,31.4,1.0,6.090739589807334,26.80281600811822,2.5857380688124305,2.2,0.11,0.83,178.8,13.7,22.7,3.31,11.1,3.0,99.87240290727554,1.0048650828829258,27.13477889426793,62.4,14.9,102.0,11.690000000000001,57.14,4.226740851549427,6.63,0,4.293158395761765,-5.9,71.0,-29.649595687331537,97.15,1.06,64.49,2.232,8.77,5,24.5,13.0,13.7,64.6,66.1,28.88,2.6,-11.33,51.5,8.86,17.19,0.414,323.421,63.0,1.0,21.6,1.048,68.0,17.9,13.55
63,200067627,CC Billom Communauté,99.87244897959184,96.2566844919786,40.0,3.9013340045305815,0.6963913058160084,324.6732597067765,1.0,31.75,14.2,6.1,4.22,23.59,11.4,27.4,42.50000000000001,11.35,10.31,16.0,88.0,1.4,26.5,1.3,1.0345620354050118,31.14079079343293,1.9557470302827509,2.8,0.27999999999999997,3.07,121.7,18.1,38.8,3.72,21.4,0.0,76.6343525179856,0.851946416122803,34.87847091579502,74.6,13.5,100.0,20.3,50.13,4.646487974950589,1.15,1,3.21521840509871,-1.5,77.0,-31.594202898550726,84.98,6.2,61.504,1.053,11.13,9,30.5,9.0,12.1,52.7,70.2,24.87,2.6,-2.48,37.0,8.12,23.88,0.0,745.73,60.0,0.0,25.9,1.0,84.0,13.7,11.78
63,200069169,CC Dômes Sancy Artense,100.0,95.43726235741444,44.0,5.31816214210624,1.6951767083433529,344.2000635626887,1.0,30.25,20.1,24.6,1.26,0.0,12.2,31.2,33.4,37.63,50.05,18.9,81.9,4.2,35.6,1.0,0.6353744738305138,26.41467481934408,0.0,4.3,3.62,5.56,163.6,8.3,66.5,3.72,34.3,0.0,86.7592010383617,0.3420429970951513,53.73294496397363,57.3,16.1,116.0,16.39,50.13,4.8630574151821175,1.59,0,3.95186656076251,-3.0,61.0,-28.48214285714285,80.16,10.93,58.622,0.024,14.37,8,34.9,14.0,8.6,75.0,57.5,43.76,2.8,-1.8499999999999999,63.9,32.81,36.0,0.794,338.801,56.0,0.0,18.0,0.186,119.0,13.7,14.36
63,200069177,CC Mond'Arverne Communauté,99.96566228860846,99.05091448344044,33.0,0.019089752859287,3.04594712871272,98.29720125477894,1.0,32.2,11.0,4.8,4.66,21.81,8.9,24.3,47.9,6.69,6.53,12.8,89.6,0.8,26.5,1.5,1.0479625658023006,34.89935054444409,1.4222896440129449,3.9,0.01,2.44,135.8,25.1,57.6,3.72,30.0,0.0,55.55686973428385,1.020573932032433,35.88774313945977,72.6,9.9,107.0,15.73,50.13,3.874698190379564,0.49,0,2.7610551582489915,0.7,38.0,-18.305084745762716,60.56,8.43,51.924,1.133,14.37,7,29.2,6.2,9.8,48.2,67.8,24.25,2.7,-1.87,39.3,12.44,20.33,0.487,1239.084,62.0,0.0,31.0,1.417,95.0,13.7,10.37
63,200070407,CA Agglo Pays d'Issoire,99.99526895964422,99.0916885483093,38.0,0.0203805126633041,3.07880488325993,39.0902745874121,1.0,30.8,18.3,9.0,7.969999999999999,5.18,13.1,27.9,49.3,14.23,11.34,17.4,83.3,2.1,29.45,1.4,0.9350576030768688,30.11649356884744,0.8650163877867864,4.0,2.46,3.35,173.4,16.0,53.8,3.72,41.4,1.0,68.19337400043013,0.367999619371483,44.227228140219246,61.9,31.4,109.0,9.02,50.13,5.661899635160723,1.59,0,6.732857974902487,-3.0,49.0,-31.15942028985507,97.57,6.47,54.894,0.703,12.9,9,38.6,12.7,14.8,53.9,67.0,28.44,2.8,-6.69,82.2,13.48,15.69,0.0,699.547,60.0,1.0,21.3,0.817,108.0,13.7,16.15
63,200070712,CC Thiers Dore et Montagne,99.8360655737705,98.13084112149532,40.0,2.9445098779972887,1.1349484748301053,69.05372272318631,2.0,32.333333333333336,21.8,8.7,9.84,1.85,17.4,31.7,50.3,14.49,11.24,18.1,85.6,0.4,32.1,1.0,4.922892811488563,27.536845345749803,0.12948,2.2,1.4500000000000002,3.81,107.4,14.9,63.9,3.72,55.8,1.0,99.552768,0.3736555765212799,44.20666949872557,56.2,30.0,121.0,8.03,50.13,6.976330701703837,1.9,3,4.265214468199543,4.0,39.0,13.333333333333334,85.81,8.78,25.725,0.275,17.92,7,39.1,17.9,16.4,49.5,56.8,29.54,2.9,-7.35,100.0,15.97,16.03,0.272,336.395,56.0,0.0,20.5,0.32,133.0,13.7,16.84
63,200070753,CA Riom Limagne et Volcans,99.5135510771369,99.7887323943662,35.0,1.841684840492976,2.9556409650750988,186.89108240901467,1.0,31.0,12.2,4.0,9.27,8.35,8.9,22.8,55.6,4.14,2.2,14.4,88.4,0.7,26.5,1.5,4.127695077504061,36.60165208743479,1.7658187531849845,3.8,0.02,2.63,133.1,28.3,57.1,3.72,20.7,0.0,41.55411926921752,1.238901279010468,35.62297353273057,59.3,14.8,105.0,9.74,50.13,4.47103805779304,1.17,0,3.3650105739731333,-1.8,34.0,-42.4,37.65,6.19,51.673,1.998,8.59,9,33.4,8.2,14.0,47.0,66.5,31.31,2.7,-1.06,79.0,9.13,10.52,0.293,1834.283,61.0,0.0,28.3,0.763,89.0,13.7,11.74
63,200070761,CC Ambert Livradois Forez,99.41234084231148,94.14208558371416,42.0,0.3860361409697494,1.0095933323108717,91.7200681875884,1.0,35.4,23.7,30.7,3.34,2.27,13.6,33.7,36.2,32.97,35.83,19.5,78.6,-2.1,32.1,0.8999999999999999,1.1595883461371217,26.367587550582,1.0318234610917538,1.9,11.98,3.26,87.8,17.4,39.2,3.72,63.0,1.0,91.30097466203858,0.1453880004415292,51.50638538065336,59.3,12.5,130.0,9.180000000000001,50.13,5.864351554237603,3.26,1,4.48043983161562,-3.4,56.0,-23.82198952879581,90.6,6.09,26.298,0.209,17.78,7,40.7,17.8,16.7,58.7,56.7,43.27,3.0,-3.61,94.3,19.91,20.17,0.362,79.376,54.0,1.0,18.4,0.229,175.0,13.7,16.91
63,200071199,CC Plaine Limagne,99.43566591422122,100.0,36.0,6.446621970087674,1.6996468995738645,79.63643588425039,2.0,33.0,16.400000000000002,4.1,3.37,1.38,10.6,27.500000000000004,42.7,14.94,18.31,16.8,89.3,1.3,29.4,0.8999999999999999,0.6539000467071461,25.0989866451916,0.1948656953117256,2.1,0.0,1.87,110.9,15.4,39.4,3.72,12.5,1.0,7.4647776021675325,0.6755926668638524,33.76921312227575,68.5,13.3,110.0,5.3,50.13,5.3254453329377816,1.4,0,4.050877855389843,-3.9,65.0,-27.44186046511628,61.86,4.78,71.607,1.613,8.57,8,29.5,10.5,18.5,58.0,61.2,27.28,2.6,-3.7600000000000002,43.9,14.12,17.92,0.0,569.397,58.0,0.0,23.7,0.556,89.0,13.7,12.47
63,200071215,CC Chavanon Combrailles et Volcans,99.01098901098902,99.19540229885058,36.0,6.423267987821164,1.3239619667774525,14.212624584717608,1.0,37.85714285714285,25.1,20.7,3.5000000000000004,-13.06,14.9,38.8,35.4,39.72,47.91,21.1,80.7,3.5,35.6,0.7000000000000001,1.0270996286639804,22.650988776055588,0.0154028436018957,3.7,6.65,6.32,162.8,5.6,55.1,3.72,37.1,0.0,33.36676621868259,0.2887878878003915,59.11823647294589,63.0,13.1,129.0,2.68,50.13,5.2472559912731525,6.32,0,4.44729591435094,-0.4,76.0,-15.279241306638566,90.57,7.7,54.097,0.115,14.68,7,39.6,17.4,9.6,67.4,67.6,42.35,2.8,-1.9800000000000002,68.2,38.14,38.64,0.0,359.18,55.0,0.0,18.6,0.203,157.0,13.7,14.49
63,200072080,CC du Pays de Saint-Eloy,99.18352857649982,99.95855781185249,39.0,8.665318282050906,1.551818127194561,22.903304931577587,1.0,37.2,26.5,19.6,9.36,-4.03,15.9,38.6,41.3,32.88,38.08,22.6,83.3,2.9,28.8,0.6,1.099327470253492,23.560830860534125,0.1370208636584182,2.5,5.92,3.23,179.5,13.1,19.9,3.72,22.1,6.0,12.336163952573775,0.222481909174905,42.66083697688944,64.0,8.1,140.0,17.9,50.13,6.827644851043866,4.53,1,5.868763420487558,-1.6,67.0,-29.41988950276243,97.53,6.35,60.614,0.255,14.69,9,43.1,19.2,15.2,65.6,53.9,43.2,2.9,-4.18,89.2,31.35,37.21,0.0,173.017,56.0,1.0,15.3,0.23,185.0,13.7,17.15
63,200072098,CC Combrailles Sioule et Morge,99.3091537132988,100.0,27.0,7.845989086064421,1.60298710104101,9.491499541891478,1.0,34.333333333333336,17.4,9.7,5.0,-6.26,11.7,26.700000000000003,42.8,22.01,25.94,16.8,90.5,1.1,26.5,1.1,0.9062987764966516,27.44769313304721,0.0116550116550116,2.7,1.04,2.52,135.3,15.8,39.7,3.72,31.8,0.0,37.73716871967152,0.8527485822409259,37.634408602150536,43.8,53.3,105.0,4.109999999999999,50.13,4.90145116077952,2.01,1,4.932105208224611,-4.0,73.0,-21.428571428571427,96.33,7.51,50.295,0.404,14.11,8,31.8,9.7,11.0,57.0,66.8,36.35,2.6,-3.95,63.1,18.9,23.38,0.503,599.783,60.0,1.0,23.6,0.438,89.0,13.7,12.98
63,246300701,Clermont Auvergne Métropole,99.86369522251756,99.70338411756777,36.0,3.5424651183810205,5.325341509063076,41.34359184142643,3.0,27.0,12.6,4.0,23.150000000000002,6.9,8.5,21.0,63.9,0.45,0.14,16.5,68.7,-1.9,26.5,1.7999999999999998,2.234753620941293,41.68455246824062,3.164036775315402,4.2,0.0,3.44,150.2,32.0,75.7,3.72,27.1,2.0,37.35666347075743,2.5599351123236382,38.662206915261415,65.7,15.3,95.0,11.53,50.13,5.118970298838157,1.15,21,3.793088204789902,8.6,4.0,-2.3474178403755865,5.2,20.41,26.683,2.11,12.89,9,49.5,16.6,12.1,39.2,63.5,27.35,3.6,-5.89,137.8,2.33,8.0,0.034,2021.743,,4.0,24.6,1.139,92.0,13.7,18.8
63,246300966,CC du Massif du Sancy,99.96994289149384,99.1864406779661,45.0,0.053169161886106,3.248674585255501,956.0405292769328,2.0,29.5,25.2,61.8,4.31,-0.48,7.8,30.6,41.2,27.48,34.91,22.7,70.9,3.2,29.45,0.7000000000000001,1.148705096073517,27.99009747795141,0.3912568306010929,5.3,5.5,7.31,129.2,1.3,74.5,3.72,57.8,0.0,99.9978846910665,0.2256176847138837,107.6718765961794,75.7,15.7,121.0,7.82,50.13,5.767592331965452,6.27,0,6.367831587680183,4.1,33.0,-22.88288288288288,77.98,6.71,53.191,0.015,14.04,7,43.4,16.4,11.9,65.8,64.4,51.07,3.0,-2.13,119.8,33.65,40.75,0.0,126.673,55.0,0.0,20.9,0.17,157.0,13.7,22.66
63,246301097,CC Entre Dore et Allier,100.0,100.0,40.0,2.625360987135731,0.9218417047184172,33.260773876548264,2.0,34.25,14.099999999999998,3.3,3.47,-0.71,8.8,26.3,38.6,11.73,4.39,15.3,89.6,1.7,29.3,1.0,2.641336922842485,29.65841831277187,1.0613354037267078,2.9,0.02,2.54,116.9,23.5,50.8,3.72,17.7,1.0,26.53713862765587,1.0795210956036785,31.895215717642355,61.6,22.5,106.0,10.91,50.13,5.489466081906359,1.52,0,3.046102263202012,-6.6,61.0,-39.48497854077253,86.63,4.11,55.507,1.136,12.23,8,29.2,9.1,16.0,45.4,69.4,21.44,2.6,-4.760000000000001,51.4,12.93,17.93,0.0,1090.836,60.0,1.0,22.2,0.555,88.0,13.7,11.8
64,200039204,CC de Lacq-Orthez,100.0,100.0,18.0,10.92398231820021,2.932992879430221,40.36593018201062,1.0,39.66666666666666,15.9,3.0,11.98,1.16,9.0,24.2,44.9,16.18,10.35,15.7,88.9,2.0,36.43333333333333,1.1,0.6420303264913042,29.1894449116905,1.3196282600233555,3.5,0.62,3.59,131.3,22.3,57.1,3.42,24.6,12.0,7.711784741144415,0.9766991128139678,43.51801060522948,57.7,22.4,119.0,9.520000000000001,73.17,6.042420957324478,1.89,1,4.940325735349432,-1.2,47.0,-15.80161476355248,99.47,3.85,52.62,2.162,12.69,5,34.6,12.2,17.1,56.9,57.6,27.87,2.8,-6.710000000000001,96.3,10.03,16.6,0.566,743.463,60.0,20.0,25.4,1.248,118.0,10.0,15.73
64,200067106,CA du Pays Basque,99.13846153846154,97.09517923362176,16.0,1.4767964719841526,2.6382895971671423,85.46025164382243,3.0,35.5,12.2,20.0,12.590000000000002,11.57,5.2,21.9,48.8,8.6,6.51,14.2,79.4,-3.4,38.25,1.6,2.778451496833179,41.20778634550861,2.807328943601489,4.8,0.98,3.56,206.4,29.7,81.4,3.42,50.4,1.0,36.515582836837744,0.7744938664575071,58.6301582933512,69.4,14.9,110.0,12.91,73.17,5.4348256438038245,1.04,29,5.353519015559641,-3.9,22.0,-13.211051776178314,80.49,7.39,39.926,0.572,23.38,8,42.9,12.3,13.0,50.6,67.0,33.7,3.2,-3.93,101.0,9.09,20.9,0.522,2241.562,,0.0,28.9,0.654,133.0,10.0,15.48
64,200067239,CC des Luys en Béarn,100.0,100.0,0.0,,17.637018533440774,4.597123292384984,1.0,42.66666666666666,11.2,3.2,5.1499999999999995,2.5,7.4,21.1,29.9,19.93,21.12,11.2,88.6,1.0,34.35,1.7000000000000002,3.105060224519739,32.74250725104737,0.9942151717557252,3.4,3.47,2.39,102.6,20.1,32.1,3.42,14.9,2.0,0.2161899313501144,1.0473691248678485,48.53919200608808,53.7,22.5,110.0,16.38,73.17,4.195163005849948,1.36,0,4.351162464002248,-2.5,70.0,-32.65741728922092,100.0,4.56,67.112,1.785,8.2,4,25.4,8.6,11.9,58.6,67.3,30.74,2.7,-5.2,83.5,17.21,24.27,1.024,482.414,63.0,1.0,35.0,1.106,85.0,10.0,12.35
64,200067254,CA Pau Béarn Pyrénées,100.0,99.50718685831622,47.0,4.241574295144788,4.1323237610906105,56.15718056861972,2.0,39.66666666666666,11.5,2.6,15.909999999999998,3.52,10.9,17.599999999999998,62.0,2.58,0.96,14.6,77.0,-2.9,32.0,1.6,3.3514395002218302,40.3179368091152,4.107107944021403,4.2,0.01,3.36,179.1,24.3,85.9,3.42,22.8,2.0,10.057480292055736,2.156296668001653,44.55294476655477,72.3,9.8,103.0,12.94,73.17,5.486319056798965,2.1,13,3.794444032525148,-5.8,9.0,14.832535885167465,22.34,5.7,36.346,2.438,13.61,5,48.1,15.2,14.7,43.2,60.2,29.04,3.5,-4.9399999999999995,121.3,5.26,8.9,0.06,1429.603,,0.0,29.4,1.078,111.0,10.0,16.81
64,200067262,CC du Haut Béarn,99.42062572421784,97.32868757259,11.0,7.984637153830604,2.95658472721431,176.75914643671695,1.0,40.75,16.7,16.8,4.33,-2.88,8.2,25.9,38.9,16.0,16.74,15.8,83.3,-0.2,33.5,1.1,3.370996941132405,25.946513765483434,0.8555607476635515,4.1,2.1399999999999997,3.75,164.0,15.6,49.6,3.42,68.3,0.0,54.40448115411208,0.3587636365024654,53.27437355232681,62.3,30.7,119.0,18.740000000000002,73.17,6.022390315011024,1.87,2,5.895190393230463,-0.5,45.0,-19.402985074626866,93.41,6.74,23.488,0.74,21.75,6,39.2,13.6,14.6,61.5,56.7,37.14,2.8,-3.5700000000000003,100.4,14.23,14.54,1.249,1638.24,58.0,1.0,28.9,0.361,148.0,10.0,17.11
64,200067288,CC du Béarn des Gaves,100.0,100.0,49.0,15.368311172498077,2.490392592213356,294.5819215528628,1.0,44.5,20.6,12.2,3.9,1.97,10.6,28.9,32.9,22.62,16.5,17.8,84.4,1.2,36.43333333333333,0.8999999999999999,0.3419387929560608,24.57756066308961,2.2174924924924926,3.5,0.15,4.56,159.2,26.0,63.6,3.42,25.7,0.0,9.06120703239313,0.491304750039936,55.20417221482468,64.9,15.1,135.0,29.86,73.17,6.318279719592491,2.28,0,7.571887181839028,0.3,54.0,7.212475633528265,98.63,4.94,56.396,1.289,14.21,4,35.8,15.4,17.5,64.7,48.0,37.16,2.9,-6.12,81.1,13.74,18.7,1.14,216.378,57.0,0.0,20.8,1.463,167.0,10.0,15.17
64,200067296,CC du Nord Est Béarn,100.0,99.9439304737875,12.0,1.7219503353271706,15.944527244342543,30.276617231230883,1.0,39.57142857142857,11.8,3.2,2.56,13.58,7.0,20.6,30.9,23.29,14.88,11.5,89.9,2.2,32.0,1.6,1.435544071202986,29.82428738773917,0.071323148111213,3.2,5.53,1.44,131.3,20.8,40.8,3.42,13.6,5.0,0.3334933068234407,0.9998143504944086,42.39659707841272,62.7,13.3,113.0,15.28,73.17,4.171035625690522,2.58,0,5.002889245585875,-1.8,59.0,-36.45640074211503,98.72,3.56,70.58,1.739,7.06,6,26.1,8.9,12.2,54.8,61.8,26.99,2.8,-5.38,50.0,11.64,24.93,1.436,774.612,63.0,0.0,33.2,0.947,93.0,10.0,12.08
64,246400337,CC de la Vallée d'Ossau,99.01639344262296,96.38157894736842,2.0,1.3452537765197163,1.957727703280641,1335.2226921093347,2.0,40.5,17.5,42.6,1.77,0.0,6.8,39.4,32.1,17.64,25.37,16.400000000000002,81.5,0.9,33.5,0.7000000000000001,2.0559210526315788,23.05291530713577,2.713164251207729,4.5,0.6799999999999999,4.11,110.1,11.9,22.3,3.42,83.6,0.0,85.40332301940309,0.1458388390782524,67.49145041239187,64.6,31.2,128.0,12.11,73.17,6.02952252957422,3.08,0,8.186291739894552,1.6,41.0,11.960132890365449,83.78,4.72,12.274,0.532,23.77,7,37.4,13.4,11.1,68.1,59.9,39.37,2.7,-3.8699999999999997,76.1,7.78,25.11,1.028,453.631,59.0,0.0,29.3,0.298,157.0,10.0,18.67
64,246401756,CC Pays de Nay,99.8705501618123,99.80250164581962,13.0,4.013990672884744,13.021458478566757,155.63964494989773,1.0,40.333333333333336,13.3,5.5,2.83,7.14,7.6,23.7,38.7,7.8,4.02,12.3,89.1,0.6,31.4,1.4,1.2120372614883816,29.62488129154796,1.1491072309361745,4.0,0.59,2.77,191.8,16.6,49.5,3.42,43.8,1.0,29.90664629488159,0.9268460360040776,43.26907013264727,46.7,45.2,115.0,11.31,73.17,4.7355175038809065,0.35,1,5.627995263304542,-0.9,42.0,-25.221238938053094,88.55,2.51,39.82,0.774,18.28,6,28.8,9.0,12.3,59.0,70.5,27.15,2.6,-3.53,75.4,6.59,18.9,0.346,1531.625,63.0,0.0,28.4,0.755,100.0,10.0,12.66
65,200069300,CA Tarbes-Lourdes-Pyrénées,99.601593625498,98.58921161825728,27.0,4.168767860144562,4.970798348440613,68.91570790896517,2.0,32.75,17.4,4.4,16.150000000000002,0.02,11.0,23.4,54.3,3.26,1.15,16.900000000000002,83.8,-0.1,30.8,1.3,3.338244052283484,34.203306620460616,1.94216211164368,3.2,0.11,3.53,204.9,27.7,76.4,3.02,39.4,0.0,7.810701584222437,0.8383913927972618,45.16792218352537,73.3,14.499999999999998,115.0,15.049999999999999,53.89,5.926106784998568,2.19,7,4.242877755511022,-2.3,24.0,-10.0,57.25,5.62,38.138,0.986,14.17,7,44.5,16.9,15.9,44.9,54.3,29.54,3.0,-4.02,114.0,8.0,8.62,0.47,1901.84,61.0,1.0,25.2,1.01,121.0,14.9,18.15
65,200070787,CC du Plateau de Lannemezan,98.61751152073732,97.54879709487064,15.0,10.36003743752116,2.038502935420744,95.2539484857062,1.0,36.0,22.1,16.1,5.8999999999999995,3.11,8.8,27.800000000000004,43.1,22.52,16.95,18.7,86.1,1.2,30.8,0.8999999999999999,1.6975046681378374,26.92218530252685,0.0884502923976608,2.7,6.08,3.4,205.6,9.0,31.1,3.02,43.9,2.0,1.4200185142328166,0.4052090524318731,49.26352954156783,75.1,9.9,129.0,7.89,53.89,6.557945900253592,2.83,0,5.89585798816568,-1.2,57.0,-9.024390243902438,94.89,6.23,39.951,0.474,16.88,7,41.6,15.5,17.4,63.7,56.7,37.57,2.8,1.1199999999999999,109.4,11.95,11.95,0.0,214.045,58.0,2.0,23.1,0.967,175.0,14.9,15.99
65,200070795,CC du Pays de Trie et du Magnoac,100.0,99.76253298153034,17.0,8.88493467516555,1.586543684880837,0.0,2.0,39.66666666666666,22.5,13.7,1.7000000000000002,-3.51,11.3,33.7,26.1,40.49,37.92,18.4,78.5,-2.4,36.06666666666666,1.1,0.0,20.626631853785906,0.0,3.1,0.49,2.95,140.5,11.2,64.2,3.02,23.6,0.0,0.7954688861512574,0.3128013339299038,59.04681568958245,64.1,7.5,147.0,28.57,53.89,6.832015749007937,1.48,0,6.615596064814815,1.7,74.0,-19.901719901719904,99.92,13.3,59.895,0.963,10.42,3,37.7,20.0,14.0,69.1,43.9,52.86,3.0,-1.7500000000000002,82.5,22.6,23.56,1.477,9.841,,0.0,24.2,1.036,228.0,14.9,17.14
65,200070803,CC des Coteaux du Val d'Arros,98.21428571428572,99.0,12.0,11.41295226221018,2.170128078703601,61.42882964301853,1.0,33.333333333333336,15.1,5.4,0.95,0.0,8.4,26.9,27.0,28.23,27.98,13.5,91.5,1.5,30.8,0.8999999999999999,0.7179395135959795,25.855025096299755,0.0202788339670468,1.9,0.04,1.79,131.5,21.5,24.5,3.02,33.9,0.0,0.0,0.502042815433294,40.43055920189026,70.7,8.200000000000001,118.0,24.48,53.89,5.110262022790188,0.9,0,5.20793150067598,-2.2,85.0,-36.77248677248677,95.99,5.81,50.188,0.864,12.87,4,28.5,10.1,11.7,66.4,44.5,31.77,2.6,-2.42,34.0,12.75,14.4,0.0,331.671,57.0,0.0,29.0,1.281,121.0,14.9,12.93
65,200070811,CC Pyrénées Vallées des Gaves,98.01980198019804,89.83050847457628,1.0,1.89922913640934,10.906902174726104,317.168527518718,1.0,34.5,19.8,60.8,7.37,-3.79,4.0,21.8,36.7,15.16,17.62,16.7,77.4,-1.3,30.8,1.1,3.565768621236133,29.29810371169228,3.255112881806109,3.5,4.2,2.64,158.8,17.4,45.9,3.02,90.7,1.0,95.18447801650257,0.1214857393082736,83.18391393442623,80.1,19.2,128.0,13.11,53.89,5.725226128310332,5.28,1,5.858485639686684,-0.6,23.0,-50.98039215686274,62.36,7.87,5.752,0.086,24.59,6,40.3,13.7,14.1,67.0,60.9,45.5,2.9,-2.19,97.2,10.74,21.78,0.0,1661.757,59.0,0.0,27.6,0.443,181.0,14.9,22.3
65,200070829,CC Neste Barousse,100.0,98.48330359418811,0.0,10.235388302008705,1.9608040086929333,994.8097915523862,1.0,37.5,22.5,25.9,0.7000000000000001,0.0,10.1,34.4,30.0,21.66,22.61,17.0,88.9,1.0,35.4,0.6,1.9037258634756595,24.53226422298587,0.5939196525515744,2.3,3.8600000000000003,2.72,156.8,11.8,46.0,3.02,68.8,0.0,0.3301809880971792,0.3186015047039285,49.82016784334621,72.3,8.7,151.0,38.85,53.89,6.372720731731357,6.8,1,6.319994480474679,-1.0,65.0,-25.870646766169152,85.59,4.55,22.022,0.423,22.76,7,37.9,16.2,16.6,66.1,61.4,42.43,2.9,-1.6,60.3,12.49,20.02,0.0,7.993,52.0,0.0,22.6,0.938,191.0,14.9,17.06
65,200072106,CC Adour Madiran,99.34990439770554,99.60988296488948,17.0,6.482345173089621,4.1248593547157935,39.22617407639324,1.0,38.333333333333336,20.0,5.8,2.4699999999999998,-11.92,10.5,28.2,33.6,21.63,13.86,17.1,87.8,0.3,31.4,0.8999999999999999,1.252191334835963,24.69740634005764,0.1311093175499955,2.9,0.5700000000000001,3.34,173.5,22.2,62.8,3.02,19.4,1.0,1.3038642789820925,0.4228047965947165,45.94945965710571,68.1,20.8,134.0,12.65,53.89,6.292476501043742,2.09,0,5.347601750185751,0.9,65.0,-47.8796169630643,100.0,9.64,64.183,1.624,7.99,5,34.2,14.8,17.2,59.6,56.3,33.93,2.7,-3.04,72.8,9.79,23.96,0.0,258.39,57.0,1.0,22.0,0.832,156.0,14.9,17.36
65,246500482,CC de la Haute-Bigorre,98.3667409057164,98.74723655121592,14.0,10.62894589626788,3.148646737810351,303.161709360204,1.0,35.0,19.1,37.0,11.29,-0.44,8.7,21.6,50.2,15.33,7.11,17.9,81.2,0.4,30.8,1.1,1.9987886129618413,28.807041531362163,0.1798806479113384,4.2,1.03,4.85,206.3,21.7,36.0,3.02,70.6,0.0,31.88156247604936,0.1906317637508826,58.42894969108561,77.0,15.9,140.0,11.16,53.89,6.203005710850617,2.42,1,5.344514577697625,-0.3,45.0,4.263565891472868,67.29,8.26,19.192,0.227,24.02,6,41.7,15.2,15.7,53.8,78.0,40.88,2.9,-2.0500000000000003,95.9,7.04,7.04,0.0,1353.928,58.0,0.0,26.1,0.478,192.0,14.9,17.98
65,246500573,CC Aure Louron,98.23008849557522,93.30357142857144,2.0,0.9560229445506692,18.90687017632467,322.7933025404157,3.0,30.0,19.1,75.0,4.29,-3.25,3.1,32.2,24.3,18.91,33.45,18.3,71.2,-1.8,30.8,1.0,2.011205286596753,27.272727272727277,0.79265306122449,6.4,4.97,7.18,123.9,15.1,49.4,3.02,91.5,0.0,53.36675148673377,0.0775153881625595,108.8817174126561,85.0,20.8,106.0,11.81,53.89,5.520743328441202,2.87,0,7.90840688757054,2.9,34.0,42.74193548387097,60.87,9.98,4.753,0.021,27.1,7,41.8,16.2,8.3,68.6,57.0,56.17,3.1,-4.42,112.4,31.87,36.54,0.0,210.467,55.0,0.0,27.3,0.51,166.0,14.9,37.0
66,200027183,CU Perpignan Méditerranée Métropole,99.29411764705884,99.88290398126465,55.0,1.3861105423157496,6.469307815600619,58.4989818107768,4.0,22.714285714285715,11.9,17.0,13.51,7.96,9.3,22.5,32.8,0.86,0.76,16.2,81.4,-0.2,36.1,1.7999999999999998,2.34954628210387,37.47142749126103,4.454130788086666,3.6,0.02,3.49,276.4,27.7,85.1,3.09,25.0,2.0,20.91012417461766,1.8961143328759755,50.02606632549925,72.8,12.1,117.0,12.280000000000001,38.29,6.82643170903455,2.19,15,4.055569423590645,-10.6,7.0,-31.951393852751963,2.93,32.3,23.234,15.817,11.35,7,41.7,23.4,24.3,46.8,49.9,28.82,3.4,-5.42,115.1,6.14,13.49,0.324,652.616,,2.0,21.9,0.787,113.0,16.0,18.58
66,200043602,"CC des Albères, de la Côte Vermeille et de l'Illibéris",100.0,100.0,52.0,3.2240861049161254,3.495897087539414,51.35596067042234,3.0,21.0,13.900000000000002,40.4,9.21,11.3,4.1,35.2,18.0,4.41,2.5,15.9,80.7,-0.5,36.1,1.4,1.3707662409772348,35.81511209521173,3.373617272996155,3.6,0.0,3.3,236.6,17.8,55.1,3.09,43.8,0.0,29.38548151171888,1.2693389455999422,58.70908284124654,78.7,11.1,147.0,14.649999999999999,38.29,7.197910591934725,2.26,1,4.246641609869261,1.6,6.0,-18.11764705882353,4.36,35.42,22.747,11.649,17.78,5,39.0,16.7,22.9,56.0,54.2,32.03,3.2,-4.19,86.6,5.6,21.6,1.388,744.957,57.0,0.0,25.4,0.847,188.0,16.0,17.91
66,200049211,CC Conflent-Canigó,98.82455376578146,97.216796875,21.0,10.522143569353869,11.00575574316182,123.87157287157288,3.0,28.0,21.2,27.0,6.069999999999999,13.86,10.5,31.9,19.4,11.92,13.54,18.3,76.0,-0.6,36.1,0.8,2.772731618701597,27.58620689655172,0.2779898218829517,2.1,4.590000000000001,3.35,188.1,25.5,43.7,3.09,91.2,0.0,76.35020608589457,0.2032644115350494,62.33378435123408,81.7,6.6000000000000005,140.0,20.119999999999997,38.29,7.743952176099223,5.74,2,3.824110285490809,-24.9,34.0,-37.6770538243626,11.13,19.46,12.94,1.268,26.96,7,41.6,23.2,21.9,61.7,42.8,51.68,3.3,-2.42,85.6,12.87,13.49,0.0,182.429,57.0,0.0,20.3,0.602,161.0,16.0,22.76
66,200070365,CC Corbières Salanque Méditerranée,98.75,95.53072625698324,48.0,4.195578505728578,9.00056472916687,78.06529125220025,4.0,22.33333333333333,13.2,17.8,8.76,8.8,5.8,26.1,16.4,6.53,14.09,16.5,87.7,3.0,40.05,1.4,1.349474102004366,31.27855310094499,2.8033603512326914,3.0,2.17,2.38,216.8,20.8,63.4,3.09,65.6,0.0,46.03438181914951,0.4147235538540926,48.99305146625839,70.8,8.799999999999999,113.0,8.05,38.29,6.97026384222248,1.19,0,5.08560872307831,-5.1,21.0,-33.97435897435898,7.08,53.3,12.584,22.749,10.83,6,31.1,21.1,21.8,58.3,41.4,28.58,3.1,-6.890000000000001,61.8,26.62,36.95,0.794,558.631,57.0,0.0,20.1,0.544,93.0,16.0,16.91
66,246600282,CC Sud-Roussillon,,,56.0,,,215.034130664714,3.0,24.0,9.6,47.1,7.06,14.59,1.7,17.299999999999997,18.8,0.27,0.1,14.9,85.6,0.0,36.1,1.5,1.181753722524226,39.25883694412771,8.401854326762445,3.7,0.0,2.36,217.3,20.7,79.5,3.09,1.4,0.0,2.134237945238672,2.957962049066691,43.995658578184354,78.8,9.3,142.0,14.030000000000001,38.29,6.516117107344359,0.79,0,3.4905612353115854,0.4,0.0,-12.5,7.23,53.71,39.606,18.363,19.13,4,37.7,15.7,21.5,45.5,56.4,24.66,3.1,-5.7299999999999995,57.7,3.67,9.5,0.788,514.381,60.0,0.0,27.8,1.878,177.0,16.0,17.83
66,246600373,CC du Vallespir,100.0,99.69040247678018,56.0,2.347012735995582,4.8808457689053695,43.33176239567992,2.0,28.0,16.0,13.4,7.6899999999999995,10.56,11.3,26.6,22.5,5.28,4.09,17.1,82.9,1.8,36.1,1.0,0.9760858955588092,33.23105656350054,3.791450356911097,3.1,0.72,3.9,323.3,17.9,56.4,3.09,68.6,0.0,2.0154521795705924,0.7033207919330084,57.91339337037747,75.3,17.0,149.0,8.33,38.29,7.3493001989459374,2.44,1,3.8004886391399952,-41.0,10.0,-32.38095238095238,3.26,59.54,10.64,1.891,26.59,5,39.5,18.2,19.4,51.6,61.4,42.46,3.2,-1.9300000000000002,90.6,7.4,10.0,1.464,1045.219,56.0,0.0,23.5,0.622,189.0,16.0,17.87
66,246600399,CC Pyrénées Cerdagne,99.0079365079365,96.91358024691358,12.0,1.7179300120019767,6.036092761003488,143.56001836125773,2.0,28.0,19.9,60.2,7.6499999999999995,7.97,5.4,24.7,30.5,6.87,24.5,15.6,79.6,1.5,36.1,0.8,3.674359857618555,27.91612057667104,0.1525959367945824,5.0,2.25,4.59,155.0,13.9,64.8,3.09,84.3,0.0,99.8949627287102,0.2008042973971039,76.57508551252344,85.5,11.1,103.0,27.97,38.29,6.711187139051149,4.59,0,5.717711108537009,56.2,57.0,9.375,48.87,27.04,16.633,0.037,26.72,7,39.4,15.8,16.2,66.5,47.9,40.88,3.1,-2.45,83.9,10.84,55.68,0.0,482.18,56.0,0.0,23.0,0.321,104.0,16.0,19.0
66,246600415,CC Roussillon-Conflent,97.02970297029702,100.0,44.0,1.248352867743949,12.308228960432066,583.2157306044741,3.0,26.0,18.3,9.0,6.260000000000001,10.61,11.4,33.7,17.099999999999998,3.0,1.3,17.7,86.5,1.2,36.1,0.8999999999999999,1.408781404085466,27.14139248765029,0.4271300448430493,2.5,0.7000000000000001,2.93,236.9,27.5,25.1,3.09,64.0,0.0,2.341675503711558,0.8260848415052107,43.43556864783689,68.1,7.6,116.0,19.6,38.29,7.115902049247159,2.35,0,3.7415339457520247,-4.9,24.0,-22.866894197952217,5.2,33.21,20.853,19.101,12.29,6,34.1,20.1,25.5,54.4,46.4,31.23,3.0,-6.76,56.8,9.07,22.27,1.174,590.885,58.0,0.0,20.2,0.717,98.0,16.0,17.71
66,246600423,CC Agly Fenouillèdes,79.62085308056872,95.73170731707316,53.0,0.3934684241589612,9.207706976879717,164.571519087597,3.0,25.666666666666668,22.3,25.2,8.09,-4.31,17.3,31.4,19.9,26.4,47.1,18.6,70.5,-4.8,36.1,0.8999999999999999,2.864417568427753,23.509763617677287,10.1875,3.4,14.56,6.37,118.8,3.4,3.9,3.09,69.6,0.0,21.858534747268127,0.1028084239395699,80.57169781686822,66.7,7.1,146.0,31.990000000000002,38.29,7.732713862334828,1.59,0,3.7379503977538606,-19.4,62.0,-12.110726643598616,11.73,59.37,16.302,10.563,11.28,6,40.4,28.5,20.0,66.5,33.2,49.49,3.2,-4.859999999999999,90.5,25.54,35.71,1.591,40.836,53.0,0.0,11.9,0.739,195.0,16.0,20.2
66,246600449,CC des Aspres,98.29545454545456,100.0,55.0,6.3429913860610805,6.4388733518922425,122.48436123348016,3.0,25.2,13.0,7.7,10.97,8.73,8.2,26.9,18.2,5.7,3.65,16.900000000000002,88.2,2.7,36.1,1.2,1.3069048137660642,32.378131238328294,0.9257763191113356,2.2,0.9199999999999999,2.61,210.6,18.1,30.7,3.09,45.2,0.0,0.974533762057878,0.9709060001490812,44.22920327433249,74.2,6.9,107.0,10.209999999999999,38.29,6.484796830369484,4.79,2,3.69911545194877,-11.8,36.0,-23.49206349206349,6.29,35.57,24.982,10.551,13.18,5,33.4,16.4,19.0,58.6,55.5,27.58,3.0,-6.510000000000001,61.1,8.84,16.89,1.743,446.578,59.0,0.0,26.9,0.888,102.0,16.0,16.91
66,246600464,CC Pyrénées Catalanes,99.601593625498,96.91119691119692,16.0,4.35865504358655,8.309135533854738,333.35710646968926,3.0,26.0,21.7,81.7,10.05,-6.35,2.5,18.2,22.2,13.13,33.11,21.9,78.5,5.3,36.1,1.4,4.032935641068728,32.40236686390533,1.5077489345215036,6.4,1.71,6.72,116.7,17.1,68.1,3.09,82.5,0.0,100.0224779009401,0.4109290494830454,136.42193010580314,87.6,26.0,93.0,6.3100000000000005,38.29,5.458502774854081,16.8,0,5.518754186202277,113.0,21.0,-5.88235294117647,39.41,23.51,8.436,0.051,30.0,7,43.9,16.0,7.7,75.9,66.6,73.1,3.3,-3.56,117.3,20.26,41.26,0.0,187.56,57.0,0.0,41.8,0.386,101.0,16.0,32.48
66,246600548,CC du Haut Vallespir,100.0,100.0,31.0,2.0743700061462818,4.806324414287544,231.77747224768305,3.0,23.0,24.7,44.8,5.7299999999999995,-4.26,8.8,25.6,29.3,14.42,33.63,21.9,72.6,-0.7,36.1,0.8,3.0568575504381497,29.320695102685622,1.9268707482993204,2.7,8.55,5.09,150.9,3.9,39.9,3.09,93.1,0.0,20.577959183673467,0.0511314010134265,65.99035757332263,72.4,6.6000000000000005,159.0,11.3,38.29,8.450047240142313,2.04,0,6.0483620956908135,-44.0,16.0,-15.04424778761062,8.24,50.54,7.455,0.048,29.99,6,47.1,25.3,30.1,60.9,44.3,55.43,3.3,-2.5700000000000003,100.1,17.36,24.86,4.076,93.411,55.0,0.0,17.2,0.352,265.0,16.0,23.97
67,200013050,CC Sauer-Pechelbronn,,,30.0,,,49.61964851627773,2.0,45.66666666666666,17.2,6.2,1.9900000000000002,-2.03,9.3,26.9,46.7,13.78,9.52,12.8,88.0,2.7,27.7,1.4,1.041606388519183,34.37524982012951,5.263396678650916,4.0,0.02,2.31,220.3,16.4,68.6,3.34,53.8,0.0,84.58274728054641,0.398794693179676,36.440439312869614,67.0,19.2,107.0,8.97,46.05,4.524893580303728,13.89,0,4.800276115968707,6.4,57.0,9.375,91.61,14.78,31.365,0.792,15.87,7,26.1,6.4,11.5,52.4,67.3,17.07,2.5,-8.59,46.0,6.17,15.38,0.0,211.208,59.0,0.0,20.9,0.687,112.0,11.1,12.24
67,200030526,CC du Ried de Marckolsheim,,,31.0,,,58.3094625430888,2.0,36.5,13.5,2.3,4.58,2.7,6.6,20.6,48.5,5.57,15.56,13.5,86.2,3.1,31.3,1.3,1.016260162601626,31.753489955737148,5.2565195896675325,3.4,0.0,1.94,140.4,17.2,33.6,3.34,22.1,4.0,28.428148546824545,0.5537120445177037,31.53368370759675,57.5,25.1,95.0,8.95,46.05,5.234340944198744,0.48,0,5.55053572310275,-5.7,48.0,-34.5945945945946,51.98,3.48,64.746,1.872,8.54,6,24.4,7.5,11.8,40.9,59.2,19.02,2.6,-6.17,46.8,6.06,13.89,0.484,564.74,61.0,0.0,22.8,0.492,79.0,11.1,13.14
67,200034270,CC du Pays de Barr,,,30.0,,,45.05606931600433,2.0,35.5,14.6,6.5,4.16,15.78,8.9,19.3,63.2,5.38,4.57,13.4,81.8,0.7,29.35,1.9,0.2931077799179298,36.6493097602325,1.0068167892156863,4.4,0.0,2.51,157.9,18.3,73.5,3.34,46.1,0.0,2.9829233902553662,0.5887271653058213,38.67086794614723,55.5,16.8,99.0,10.08,46.05,4.601520891266438,1.26,0,4.168673705047839,0.9,20.0,-35.15625,43.15,29.92,35.396,10.324,6.27,6,30.7,8.0,11.7,45.7,68.8,26.04,2.8,-6.2,58.4,5.7,19.25,0.0,983.754,62.0,0.0,24.6,0.817,100.0,11.1,12.92
67,200034635,CC du Kochersberg,,,30.0,,,65.65250675472831,1.0,36.4,10.0,1.3,2.48,5.34,5.4,15.1,52.8,2.3,3.98,8.7,87.1,2.4,27.4,3.4000000000000004,2.365131208469422,50.469820035037415,4.014372789525172,3.1,0.0,1.5,133.8,18.2,57.4,3.34,0.9,0.0,0.0120947176684881,1.1357328238082176,35.22114745625046,62.8,12.3,101.0,9.180000000000001,46.05,3.513387474091896,0.38,1,4.89501730911354,-1.6,69.0,-27.915194346289752,48.47,0.75,93.032,2.419,4.9,6,24.4,5.0,8.3,47.4,66.3,18.02,2.8,-3.82,34.5,5.17,17.39,0.375,1266.337,63.0,0.0,32.1,1.062,91.0,11.1,8.7
67,200040178,CC de l'Outre-Forêt,94.28571428571428,100.0,30.0,0.0,0.6426275482687951,27.623354144773444,2.0,45.0,17.8,1.3,2.11,-12.05,8.7,24.6,51.0,5.63,8.73,15.1,87.9,0.7,27.7,1.3,0.9262689885142644,32.54527162977867,4.242346938775511,3.9,0.0,1.85,192.6,16.6,55.9,3.34,29.7,1.0,53.38521303258146,0.6129121819323473,33.603214220490656,50.5,30.5,99.0,8.02,46.05,5.2624665151034495,,0,3.5756229953121146,1.7,45.0,33.33333333333333,57.93,1.93,56.28,1.125,6.65,6,27.8,7.6,12.7,43.8,91.3,18.65,2.6,-8.51,53.7,5.85,15.0,0.0,322.031,57.0,0.0,22.1,0.564,99.0,11.1,11.28
67,200041283,CC de la Plaine du Rhin,98.49056603773585,100.0,30.0,5.408230751178717,0.7981749490802195,88.79799520592722,2.0,42.5,15.0,2.1,4.07,-2.63,8.6,20.7,57.400000000000006,8.49,17.61,14.2,91.1,2.6,27.7,1.6,0.5440992437020512,30.389429763560496,3.556755179457251,2.4,0.0,2.18,178.8,10.1,50.9,3.34,19.5,3.0,26.96206434316354,0.6252158018334011,31.833798582778613,46.3,38.4,91.0,2.92,46.05,5.193218167701864,0.54,0,4.559293478260869,-2.6,34.0,16.923076923076923,51.72,6.31,48.915,1.572,8.44,7,30.3,7.9,9.5,51.7,54.3,15.45,3.1,-8.14,48.5,8.79,20.0,0.544,500.859,60.0,3.0,20.4,0.696,105.0,11.1,9.54
67,200041325,CC du Pays Rhénan,,,30.0,,,79.12677427204153,2.0,35.666666666666664,15.0,1.1,3.38,-0.75,6.9,21.7,57.400000000000006,4.63,2.59,13.0,84.4,-0.6,27.55,2.0,0.5636222120829867,39.354668077228254,2.671959581378564,3.4,0.0,1.88,170.8,16.2,59.0,3.34,26.5,2.0,34.316089488201044,1.2466212260120657,34.01432740780048,64.5,25.6,96.0,3.53,46.05,4.448887244689344,0.27,0,3.682567807005588,-4.8,27.0,18.421052631578945,36.35,5.78,43.231,1.438,11.01,7,25.6,6.5,10.3,43.2,67.3,12.72,2.7,-5.8999999999999995,44.5,5.35,20.18,0.0,1226.585,61.0,2.0,25.3,0.615,96.0,11.1,10.22
67,200067783,CC de Hanau-La Petite Pierre,100.0,97.26027397260276,30.0,1.0146103896103895,1.4114279085157029,58.108955337441984,2.0,47.2,18.9,6.5,2.1399999999999997,2.15,9.9,27.500000000000004,48.8,13.54,10.53,13.4,82.0,1.7,31.166666666666668,1.6,1.337307045697692,33.92847332857221,1.7838812522866252,2.6,0.04,2.67,191.0,14.7,43.4,3.34,57.4,0.0,75.25542121901171,0.2815038398349868,39.206832975881404,63.4,13.1,109.0,13.54,46.05,5.160736420173749,0.76,0,4.860008263531533,-1.1,46.0,19.0,92.08,18.49,22.465,4.37,14.61,6,27.9,9.0,13.1,49.6,82.2,25.6,2.6,-5.4,70.4,7.71,23.5,0.0,291.606,61.0,0.0,18.0,0.486,112.0,11.1,13.7
67,200067841,CC de l'Alsace Bossue,96.37243047158404,99.08675799086758,31.0,1.3672270609681991,3.862543778238336,28.65620731051041,1.0,46.66666666666666,20.200000000000003,2.5,1.76,-8.04,12.3,26.3,49.8,13.62,11.76,15.6,86.3,1.9,32.9,1.0,1.2934991237586584,30.237012209719897,2.281207308743169,2.4,0.0,2.5,215.8,14.8,34.4,3.34,23.1,0.0,29.499648721084544,0.3422253405356527,41.55726944535609,56.2,18.8,108.0,9.54,46.05,5.7960491408513946,0.42,1,5.606383412921922,1.6,54.0,-45.1505016722408,93.69,35.43,55.03,1.217,16.14,8,30.0,11.7,13.5,51.5,56.3,29.04,2.7,-7.109999999999999,80.4,7.73,24.56,0.0,1079.751,57.0,0.0,17.5,0.776,116.0,11.1,15.5
67,200067874,CA de Haguenau,83.87096774193549,99.06054279749478,30.0,1.3960698227472728,3.770856934005391,68.03361787546382,3.0,39.75,15.1,1.1,9.59,19.03,7.5,20.200000000000003,62.9,2.22,0.38,13.900000000000002,78.0,-0.9,27.55,2.3,2.1890667715804657,42.91256385577848,5.866661198039497,4.3,0.0,2.42,227.3,20.0,90.2,3.34,45.9,2.0,35.422859270290395,0.9309615877366496,40.411388935949695,62.3,18.2,93.0,8.19,46.05,4.930874492085319,1.31,2,4.692728419441888,-0.9,15.0,-39.33933933933934,39.83,3.15,37.872,1.631,7.37,7,33.1,10.7,13.6,38.2,74.0,15.96,3.0,-6.909999999999999,99.3,4.11,12.67,0.0,1288.381,65.0,1.0,22.8,0.511,94.0,11.1,15.78
67,200067924,CC du Canton d'Erstein,,,30.0,,,61.09805653710247,2.0,28.0,13.5,1.3,5.64,1.75,6.1,21.1,54.89999999999999,3.46,4.17,13.5,82.6,2.2,29.35,1.6,0.8759778357235983,41.94429123000551,5.625965537730244,3.6,0.0,2.24,134.8,16.0,51.2,3.34,24.5,0.0,23.436623338473968,0.6275564992440053,34.85012639942217,51.3,14.2,98.0,5.41,46.05,4.628947878462593,0.2,0,4.899540805677312,-3.1,36.0,-13.807531380753138,48.66,6.58,54.25,1.67,11.59,7,28.7,7.4,11.6,36.8,69.0,21.88,2.7,-4.88,71.0,5.64,22.07,0.204,1435.336,65.0,2.0,26.1,0.75,85.0,11.1,11.93
67,200068112,CC du Pays de Saverne,,,30.0,,,63.96601453325881,2.0,41.2,17.2,2.6,5.57,0.92,9.2,23.7,61.4,5.34,0.67,12.6,76.7,-1.5,30.95,2.1,0.9530483531885072,39.567696156843446,2.6242096838735494,3.5,0.01,1.96,219.0,16.5,90.4,3.34,38.8,1.0,12.341129888154134,0.9282815137781506,42.42958231228833,55.6,13.8,103.0,7.630000000000001,46.05,4.91912011407482,0.28,1,4.453419448638372,2.3,32.0,-25.0,74.2,14.53,38.728,1.146,10.05,7,32.0,9.6,13.3,46.9,67.9,26.21,2.8,-5.74,100.3,5.49,8.29,0.0,1132.74,63.0,0.0,24.8,0.817,110.0,11.1,13.14
67,200068864,CC de la Mossig et du Vignoble,,,30.0,,,92.49705121990628,1.0,38.0,15.1,3.1,4.42,4.02,7.1,21.5,52.0,3.97,7.42,12.5,81.7,0.3,27.4,2.1,2.416821074679771,41.55111633372504,3.9168263964950714,3.4,1.13,1.61,173.4,15.2,65.4,3.34,40.5,0.0,16.59890952462089,0.629317579991791,38.131894294103645,54.8,14.9,102.0,6.529999999999999,46.05,4.218464597787906,1.61,1,4.702133712660029,-7.2,34.0,-35.08771929824561,57.84,12.93,47.113,3.545,7.71,7,27.5,6.7,10.7,48.7,81.2,22.32,2.7,-3.84,51.1,4.88,18.46,0.0,1412.586,63.0,1.0,24.4,0.866,98.0,11.1,11.27
67,246700306,CC de la Vallée de la Bruche,99.36708860759494,97.1264367816092,30.0,1.516464471403813,5.245584961904669,75.90460638557153,2.0,41.0,22.2,12.2,4.46,-0.75,9.5,29.5,49.7,13.71,21.45,15.7,82.5,3.0,27.4,1.3,0.7798411073743724,32.387059586425536,2.5039792020373515,4.1,0.06,3.41,199.7,1.9,62.6,3.34,85.3,0.0,15.6062580199388,0.2022366473424771,40.02295223066992,57.6,20.8,109.0,15.65,46.05,6.130317293089057,1.46,2,6.530983622258405,-5.8,42.0,-23.07692307692308,32.22,26.92,5.796,0.049,20.26,7,32.2,10.0,14.7,46.7,77.7,26.03,2.6,-3.92,66.9,7.23,37.62,0.487,1067.757,61.0,1.0,16.4,0.406,115.0,11.1,15.1
67,246700488,Eurométropole de Strasbourg,99.4011976047904,99.7005988023952,30.0,1.3242552736125417,6.896850485891582,69.87179272944189,6.0,30.75,12.9,3.6,23.51,5.86,7.9,19.9,54.50000000000001,0.26,0.02,12.0,50.4,-4.4,27.4,2.3,1.308500809840235,49.46674645658963,7.716176470588234,4.9,0.0,2.47,185.9,24.7,107.6,3.34,12.2,7.0,12.32752685008092,1.80501767703902,38.134960873974016,67.0,11.3,86.0,12.27,46.05,5.535855307856473,0.58,31,3.3251157009599783,2.8,2.0,-10.227272727272728,7.65,2.31,34.934,2.053,8.19,7,43.7,20.7,13.7,34.6,64.5,35.31,4.0,-6.35,123.6,1.79,11.12,0.0,2218.532,,13.0,21.3,0.785,71.0,11.1,19.23
67,246700744,CC des Portes de Rosheim,,,30.0,,,145.3004658810633,1.0,37.0,13.5,6.0,3.29,1.94,7.7,19.9,54.50000000000001,6.77,4.03,11.5,83.9,-0.3,27.4,2.3,0.8698015765153573,43.727034120734906,2.7618432385874248,3.6,0.25,1.63,153.0,14.8,67.3,3.34,68.1,0.0,0.5337523105360443,0.3706573309588702,34.56935242573199,59.6,16.0,100.0,5.65,46.05,4.140778910998581,,1,6.149442502912298,-8.3,46.0,51.66666666666667,32.71,11.25,15.471,4.52,8.96,6,28.5,5.0,9.8,41.0,76.9,22.4,2.8,-3.6700000000000004,52.7,5.11,30.67,0.0,1278.051,65.0,0.0,24.1,0.346,107.0,11.1,10.94
67,246700777,CC de la Vallée de Villé,,,30.0,,,65.5971263295391,1.0,47.0,16.3,11.8,2.25,-5.31,7.9,28.9,45.7,10.43,17.15,13.7,84.9,0.4,31.3,1.9,0.7427351220870857,37.118235965023445,1.2230560767146137,3.2,0.04,1.86,118.5,7.9,43.4,3.34,72.2,0.0,13.08968763371844,0.4162469803334792,37.131184748070815,55.6,13.8,111.0,6.47,46.05,4.477019295713093,1.86,0,6.213405024566608,13.8,60.0,12.5,42.33,64.92,15.151,0.444,19.36,6,29.4,7.0,12.5,51.9,86.4,29.62,2.6,-4.26,53.4,3.78,16.61,0.0,914.208,62.0,0.0,19.1,0.821,115.0,11.1,11.36
67,246700843,CC de la Basse-Zorn,,,30.0,,,68.60409016439749,1.0,35.333333333333336,14.099999999999998,0.5,2.41,47.93,7.5,22.7,59.5,5.22,0.41,10.3,85.0,-0.1,27.7,2.7,0.8426019548365353,45.91088114912348,2.0866221412669503,3.6,0.0,2.25,150.3,17.7,64.4,3.34,18.1,0.0,2.0682128240109137,1.276735222618719,36.18475904618976,37.5,31.7,97.0,7.66,46.05,3.930900085425155,,0,4.487235510579577,-0.9,2.0,-26.229508196721312,45.98,2.94,59.45,1.924,5.79,7,24.5,5.0,9.6,38.1,91.6,12.25,2.5,-4.61,73.5,4.0,13.14,0.0,1019.399,60.0,0.0,27.4,0.58,95.0,11.1,10.2
67,246700926,CC du Pays de Wissembourg,100.0,100.0,30.0,5.392699115044247,1.6052994382954349,27.014485387547648,2.0,42.5,18.9,3.3,6.81,11.98,10.2,24.8,57.6,11.15,9.56,14.9,76.7,-2.6,27.7,1.6,0.3174804749507904,34.0457164095893,4.366234688443104,2.6,0.0,2.54,175.2,11.9,64.2,3.34,32.4,2.0,54.185007244718975,0.4271971682323907,39.13772752686836,63.2,14.9,109.0,6.819999999999999,46.05,5.9606209811592255,0.63,1,5.234372049102928,1.9,31.0,-37.06293706293706,57.78,6.59,52.054,1.967,10.82,7,33.8,11.5,13.1,54.9,47.9,22.67,3.3,-9.58,85.3,6.25,7.0,0.0,257.191,55.0,0.0,22.0,0.558,127.0,11.1,11.69
67,246700959,CC du Pays de la Zorn,,,30.0,,,0.0,1.0,43.25,13.900000000000002,1.6,2.17,8.33,7.4,20.0,52.89999999999999,5.39,2.14,10.8,83.6,2.3,27.55,2.2,1.4201914171040444,40.89762076423937,2.937372843874392,3.5,0.09,1.85,168.1,22.8,61.2,3.34,2.7,1.0,0.1296591004271714,1.0444471027391615,34.68666178980737,55.8,22.2,101.0,7.340000000000001,46.05,3.847983580456652,0.62,0,4.8827594794844655,-3.4,38.0,-8.433734939759036,75.11,5.98,85.869,2.012,5.98,6,23.0,5.0,8.4,42.8,75.2,19.14,2.5,-3.1,43.4,4.7,17.8,0.0,2393.319,65.0,0.0,24.6,1.22,91.0,11.1,10.22
67,246700967,CC de Sélestat,,,30.0,,,81.90980243981431,3.0,34.0,13.7,2.2,8.53,-0.49,8.1,19.1,61.9,1.52,1.78,14.499999999999998,73.5,0.9,31.3,1.9,1.791252272484226,38.01477930896745,5.234833759590792,5.0,0.09,2.41,204.8,21.8,72.9,3.34,33.9,2.0,29.549062261155857,0.7499731420731479,44.57507380851961,62.2,14.499999999999998,95.0,9.030000000000001,46.05,4.825454873240311,1.87,7,4.447417700219828,-1.4,8.0,-13.261648745519713,44.34,7.91,47.675,3.488,9.23,6,35.0,10.4,15.3,41.3,67.7,23.5,3.0,-5.63,100.4,4.17,7.42,0.0,2470.74,59.0,0.0,24.5,0.567,92.0,11.1,13.88
67,246701064,CC de la Région de Molsheim-Mutzig,100.0,100.0,30.0,1.0775862068965516,4.510121103831645,51.63584097859327,3.0,38.0,15.1,2.3,9.379999999999999,8.65,6.8,17.9,60.9,1.61,2.93,13.0,76.9,0.1,27.4,2.0,0.5863812944367074,43.58661742030337,7.047791280864196,3.8,0.0,2.69,180.2,17.2,79.2,3.34,38.4,0.0,8.901851507833303,1.1306235087028087,38.03823131878741,46.8,29.6,97.0,5.83,46.05,4.60593403058826,1.47,1,3.8819556127372143,6.1,41.0,-19.428571428571427,41.02,8.19,38.73,3.807,8.67,7,30.0,7.4,12.5,50.0,69.9,24.95,2.8,-5.680000000000001,115.2,5.17,25.83,0.0,2788.424,65.0,1.0,26.3,0.938,90.0,11.1,13.33
67,246701080,CC du Pays de Sainte-Odile,100.0,100.0,30.0,0.0,5.538421255464977,16.82450894468217,2.0,32.5,14.3,3.1,10.51,10.75,6.6,19.5,63.2,1.47,0.07,13.4,78.8,-0.5,27.4,2.1,3.1710310965630115,43.45579793340988,6.091827570722946,4.5,0.0,2.56,168.4,20.0,86.1,3.34,9.5,0.0,7.88975223574256,1.0562813565545217,45.76237426551141,43.5,19.8,98.0,3.15,46.05,4.624515125002903,2.56,1,4.292721261720232,5.1,33.0,30.985915492957744,45.29,7.37,52.359,3.167,15.45,6,36.8,8.3,10.1,42.8,73.6,20.71,3.0,-5.47,120.9,5.0,24.5,0.0,5619.958,63.0,0.0,28.9,0.485,107.0,11.1,13.77
67,246701098,CC du Pays de Niederbronn-les-Bains,100.0,95.45454545454544,30.0,0.0,2.1573188593090378,96.83584582441114,2.0,44.0,16.7,3.9,5.140000000000001,17.95,9.4,25.7,55.89999999999999,7.96,4.06,14.000000000000002,83.2,0.4,27.7,1.5,0.6010905499978532,36.89111294102743,0.7686820652173914,3.2,0.12,2.58,237.8,14.6,54.4,3.34,57.8,0.0,78.33818181818182,0.4862785818738141,36.207334631997966,43.1,43.5,107.0,6.460000000000001,46.05,5.993375157298017,0.43,1,5.3819379115710255,4.0,30.0,83.33333333333334,66.72,13.55,19.732,0.415,17.44,8,27.3,9.8,16.6,42.6,64.5,18.29,2.7,-8.15,91.8,4.62,19.31,0.0,1020.158,59.0,0.0,18.2,0.462,113.0,11.1,13.76
68,200036465,CC de Thann-Cernay,99.35897435897436,98.07692307692308,27.0,0.8871802454532013,4.396010557450771,68.96200478596118,2.0,37.0,15.0,1.8,14.14,1.43,8.4,21.9,64.1,2.08,1.02,14.2,83.6,1.4,24.7,1.9,1.543908217318391,36.7999374682456,3.3408555216062847,2.6,0.0,2.4,143.0,17.0,66.0,3.31,53.7,4.0,68.36075869068765,1.3426813638988917,37.08823452700764,54.0,21.0,103.0,12.620000000000001,54.29,5.816301462860824,1.06,1,5.169414165279493,4.6,24.0,-17.105263157894736,28.8,8.83,24.499,1.086,9.17,6,34.1,11.9,16.8,37.3,56.4,27.87,3.1,-5.680000000000001,92.7,4.38,20.94,0.0,605.096,64.0,7.0,24.6,0.477,100.0,11.8,13.93
68,200066009,CA Mulhouse Alsace Agglomération,93.33333333333331,100.0,43.0,6.871609403254973,5.122215170754823,74.09829578585652,5.0,32.0,14.4,1.4,19.67,1.23,10.6,20.1,70.7,0.57,0.32,13.7,77.2,-0.8,25.25,1.9,1.8171826341820845,36.73207243654,5.415308572483972,3.1,0.0,2.71,141.2,20.1,69.3,3.31,34.5,16.0,22.18820608600583,1.25546098977365,35.4375507992414,65.0,17.8,101.0,15.120000000000001,54.29,6.3532978702883565,1.14,9,3.9696410129150688,-1.3,10.0,30.256410256410252,15.59,7.63,31.564,2.063,6.54,7,38.6,20.1,19.2,29.7,49.2,28.53,3.9,-7.84,103.6,5.38,10.08,0.11,849.418,,11.0,20.0,0.446,84.0,11.8,15.99
68,200066025,CC Alsace Rhin Brisach,99.52153110047848,99.57882069795428,38.0,0.0640847627795697,6.697018636806119,65.23012144313448,2.0,31.25,14.2,1.5,7.539999999999999,3.63,7.4,17.4,47.8,8.12,11.32,13.1,87.7,1.4,27.2,1.9,1.5280185713026355,33.04340657075724,5.6787589310385655,2.6,0.0,1.18,107.8,16.2,36.9,3.31,25.4,3.0,49.73515898372128,0.6016985089024054,25.982658959537574,37.3,33.6,96.0,4.81,54.29,5.125264637564391,0.88,1,5.861042779144417,0.7,67.0,-46.96969696969697,40.19,3.24,59.935,1.62,4.47,7,25.4,6.4,12.1,44.2,65.3,20.83,2.7,-6.93,56.9,8.28,19.03,0.0,825.723,61.0,1.0,22.6,0.239,80.0,11.8,11.88
68,200066033,CC Sud Alsace Largue,99.59919839679358,96.85534591194968,48.0,0.6734951592535429,1.9690959467710991,61.3932962397918,1.0,37.4,15.2,2.7,2.5,-4.53,8.1,21.5,40.9,14.94,15.08,14.000000000000002,88.0,1.6,25.25,1.7000000000000002,0.8508351618825846,34.92633629611591,2.8902467685076383,2.0,0.49,1.79,89.9,17.1,38.7,3.31,31.7,0.0,3.4069600729895297,0.8538426370704603,30.86446854282829,66.3,14.099999999999998,100.0,17.25,54.29,5.236543859424266,1.34,0,7.578862372151445,-3.1,83.0,-5.142857142857142,80.9,5.43,52.046,1.052,7.91,4,26.5,6.8,11.9,52.2,67.1,27.94,2.9,-7.13,38.8,7.3,15.45,0.448,238.837,62.0,0.0,22.3,0.991,86.0,11.8,11.44
68,200066041,CC Sundgau,93.33333333333331,100.0,48.0,6.871609403254973,6.970418900138971,58.31602258653624,1.0,34.5,15.2,2.5,3.8600000000000003,-4.08,9.2,23.1,56.3,11.36,7.95,13.900000000000002,88.1,0.1,25.25,2.1,1.8066088271747576,41.46740356417776,1.5187006988392668,3.1,0.02,1.68,89.1,11.4,52.7,3.31,35.3,4.0,9.483615636682512,0.6326434350202081,32.82491326750559,73.6,8.9,100.0,12.1,54.29,4.922671120938282,1.26,3,7.190864737550471,1.2,49.0,18.91891891891892,72.98,3.54,49.144,0.998,6.98,6,29.5,7.1,12.8,42.7,52.4,29.6,3.5,-7.9,49.0,10.77,14.53,0.42,327.223,62.0,1.0,20.3,0.796,99.0,11.8,10.15
68,200066058,CA Saint-Louis Agglomération,,,40.0,,,78.76616575591986,3.0,36.333333333333336,11.8,3.2,11.91,7.71,8.3,18.5,63.3,4.17,1.3,14.2,77.8,-0.5,25.25,2.7,2.3437035274522637,45.05942095426173,4.817841269841269,2.2,0.01,1.9,71.4,15.7,54.2,3.31,22.7,0.0,15.247784000296704,1.5009871803369137,26.67976102790736,61.0,18.6,89.0,8.59,54.29,5.352053399051596,0.83,1,5.130422868530859,-10.5,23.0,0.4878048780487805,34.76,3.06,47.369,1.051,6.0,6,34.8,10.0,14.8,37.7,50.9,20.78,4.9,-8.24,64.6,5.7,11.4,0.119,508.108,,3.0,23.6,0.654,81.0,11.8,10.46
68,246800205,CC de la Vallée de Saint-Amarin,100.0,97.5609756097561,26.0,6.068779501011463,3.4482171758463616,88.29139456063487,1.0,39.5,20.1,9.4,6.819999999999999,-2.31,8.2,27.3,52.900000000000006,11.81,23.68,16.8,83.0,-1.1,24.7,1.1,3.590514362057448,31.41361256544503,3.903182701652089,1.7,0.12,3.34,153.9,2.1,34.8,3.31,85.8,0.0,99.87497761060362,0.3028643934358833,37.8862590401052,64.1,10.3,124.0,19.64,54.29,6.47841562022149,1.67,0,7.511514758352254,-16.4,36.0,11.11111111111111,34.68,28.59,12.411,0.016,25.25,5,34.4,9.5,14.1,40.1,75.6,36.24,2.7,-4.590000000000001,54.5,13.6,34.47,0.835,53.419,60.0,0.0,18.9,0.413,156.0,11.8,13.1
68,246800395,CC du Val d'Argent,,,48.0,,,52.31424265259985,4.0,37.0,25.5,8.5,16.54,-2.6,15.8,30.1,60.7,9.85,19.98,18.0,72.2,-5.5,31.3,1.2,2.737326179787584,32.25746614728251,3.0923459020094834,3.4,0.26,4.38,145.4,3.1,24.2,3.31,79.5,0.0,99.78296597061096,0.2737561318495787,37.29429365248985,51.0,6.3,108.0,4.2700000000000005,54.29,7.632087726187961,1.09,1,7.955698879255657,-3.5,31.0,111.53846153846156,30.0,20.38,14.086,0.11,24.61,4,36.9,15.4,22.9,44.8,60.1,35.69,2.8,-3.88,106.4,5.5,19.25,0.0,4629.194,63.0,0.0,16.2,0.291,119.0,11.8,17.52
68,246800445,CC du Centre du Haut-Rhin,100.0,98.0392156862745,48.0,0.4931331212860911,1.4052272861792328,69.43110429447853,2.0,30.5,13.900000000000002,1.2,11.93,-2.69,6.8,21.6,57.00000000000001,6.51,2.89,14.6,79.4,-5.4,27.2,2.0,1.4680694886224614,33.87885795606155,2.8930064258531414,2.4,0.01,2.45,117.8,25.2,44.6,3.31,23.4,0.0,11.107950401167033,1.0918698204298112,27.3128285697021,68.1,12.4,89.0,4.61,54.29,5.068569797575253,1.84,0,6.042813649625777,-4.3,34.0,-29.75206611570248,43.42,,57.001,2.064,4.93,5,28.2,6.7,9.2,34.8,63.9,20.68,2.7,-5.43,75.1,7.22,14.56,2.447,784.942,63.0,0.0,24.8,0.254,76.0,11.8,18.72
68,246800494,"CC du Pays de Rouffach, Vignobles et Châteaux",100.0,98.03149606299212,31.0,0.5161290322580645,1.5638161818831244,87.78069426108566,1.0,32.0,15.6,6.1,5.27,-2.01,10.4,23.1,57.1,4.67,4.52,14.099999999999998,79.8,0.4,29.7,2.2,1.7841905205181914,37.6619170984456,1.410368445914029,2.9,0.0,3.1,130.1,23.4,61.0,3.31,42.5,0.0,60.58977685521536,0.5146673210242011,38.06383935261501,62.0,3.5000000000000004,103.0,13.200000000000001,54.29,4.92990254790941,0.78,0,7.292759146341464,2.2,65.0,1.3245033112582782,37.05,17.95,42.97,9.399,5.7,5,30.0,6.4,11.6,50.4,56.8,28.0,2.9,-4.79,93.7,7.0,12.0,1.551,726.06,58.0,0.0,28.9,0.417,110.0,11.8,11.96
68,246800551,CC de la Vallée de Kaysersberg,100.0,100.0,34.0,0.0,5.169453133426815,38.05341467969868,1.0,34.5,17.9,13.3,5.43,-0.25,9.1,25.1,50.0,14.89,24.62,15.5,83.5,-2.7,29.7,1.6,2.8672941469799915,37.51733703190014,2.2278744918169497,3.9,0.9900000000000001,2.49,105.8,10.8,38.1,3.31,63.7,0.0,99.90814404432132,0.2783583858539664,41.53179014230746,54.9,22.5,114.0,14.92,54.29,5.129287633470584,0.62,0,5.754824132877381,-2.7,34.0,-19.112627986348123,58.22,53.7,29.101,5.353,19.71,4,34.0,7.9,14.2,44.6,83.4,29.11,2.8,-3.8,70.9,7.38,16.13,0.623,968.668,59.0,0.0,21.8,0.376,139.0,11.8,14.01
68,246800569,CC de la Région de Guebwiller,98.83720930232558,99.6031746031746,26.0,0.0,5.208757629023236,91.19894698239732,2.0,35.0,14.4,4.0,14.63,-2.24,7.7,23.1,70.0,3.61,2.52,15.4,82.4,-1.6,27.2,1.6,1.283663418212302,35.179278275239234,2.314487832484437,2.6,0.18,2.36,148.4,19.0,52.3,3.31,64.4,0.0,85.80449426376171,0.5421192212016089,36.59163326138349,64.1,13.0,105.0,16.05,54.29,5.790778657758428,0.52,2,4.443326326852338,-8.3,42.0,4.891304347826087,24.75,19.54,22.785,5.358,9.92,5,34.0,10.6,15.6,35.9,60.2,27.93,3.0,-5.56,67.5,4.37,6.26,0.786,612.602,63.0,0.0,23.2,0.402,101.0,11.8,13.23
68,246800577,CC du Pays de Ribeauvillé,94.94949494949496,94.6236559139785,41.0,0.2115954295387219,2.0513061649850024,82.97599515498541,2.0,35.666666666666664,16.6,11.0,7.249999999999999,-2.68,10.6,23.5,59.3,8.12,5.1,15.2,80.4,1.2,29.7,2.1,1.3787018143715877,37.41675573460495,1.526811471237061,3.5,0.24,2.76,125.2,19.9,67.0,3.31,43.9,0.0,87.02073940486925,0.5253411570871128,43.54856095720599,61.2,8.6,107.0,8.06,54.29,5.171428962047467,,0,5.688340807174888,-3.7,27.0,1.550387596899225,43.52,30.34,39.054,12.682,7.24,4,32.1,8.2,11.8,45.4,63.2,32.32,2.9,-5.47,80.2,5.81,13.38,0.0,879.056,58.0,0.0,24.5,0.754,119.0,11.8,13.11
68,246800585,CC de la Vallée de Munster,100.0,97.10144927536231,28.0,0.0,5.9269572135345445,70.51105635971666,2.0,37.0,19.2,17.6,6.93,-3.21,8.7,29.8,55.3,13.77,10.25,16.5,80.6,-0.5,29.7,1.2,2.8293763070488374,36.02150537634409,2.646772662553394,3.5,1.1400000000000001,3.08,103.1,22.2,45.5,3.31,78.6,0.0,56.76652004909983,0.2160836635699102,40.88164251207729,71.8,11.3,117.0,10.89,54.29,5.778032469532314,0.62,0,5.745303356944873,-0.4,20.0,43.24324324324324,50.75,4.71,22.98,0.443,22.89,5,32.4,9.0,13.2,42.0,60.1,29.34,2.7,-2.32,59.5,4.94,21.94,0.615,242.15,63.0,0.0,17.6,0.405,126.0,11.8,13.76
68,246800676,CC de la Vallée de la Doller et du Soultzbach,97.5609756097561,100.0,37.0,2.58648561267378,3.669556499658973,91.21916084795872,2.0,37.0,16.400000000000002,2.7,3.62,-3.13,9.0,20.5,49.3,8.99,12.27,14.4,88.0,1.7,24.7,1.5,2.51351011687822,32.987213593066166,3.688496376811594,2.5,0.45999999999999996,2.51,98.7,17.2,39.3,3.31,66.6,0.0,70.79897710971122,0.5954945973146923,39.22050777647999,50.3,35.3,104.0,6.93,54.29,4.981528702033711,1.26,0,8.380620685366006,-4.6,30.0,59.09090909090909,55.71,15.48,18.425,0.706,13.99,5,29.2,7.3,12.6,45.8,69.5,30.29,2.7,-6.5,71.7,7.33,29.0,1.257,598.758,61.0,0.0,25.0,0.483,105.0,11.8,11.46
68,246800726,CA Colmar Agglomération,100.0,98.85659838018104,45.0,0.6517579526429085,6.352697100259423,75.93450438484611,3.0,31.5,15.0,4.1,21.63,0.97,6.4,18.4,66.3,1.16,0.11,14.7,71.2,-0.4,29.7,2.3,2.068661971830985,41.62592499593814,5.038062675482292,4.1,0.0,2.46,160.6,25.2,97.4,3.31,26.3,2.0,26.27557120628941,1.1646655126920085,40.09503239740821,69.0,10.0,102.0,12.950000000000001,54.29,5.715890871915588,0.79,4,4.462656350400944,-4.1,9.0,-40.32921810699588,27.55,11.51,46.654,5.237,8.44,5,39.6,14.5,16.1,36.3,61.6,22.77,3.4,-6.23,122.2,4.75,7.65,0.352,1382.289,,0.0,21.4,0.463,102.0,11.8,15.99
69,200040566,CA de l'Ouest Rhodanien,99.96859625248614,99.51069227981154,56.0,0.0344601114075131,1.2251206660680594,19.426581325301203,2.0,35.333333333333336,19.0,6.5,14.77,-7.96,12.6,26.8,52.6,11.88,12.87,17.7,80.0,0.2,32.4,1.4,0.0981643270835378,34.15846139688967,2.012182814302191,2.2,2.77,2.94,110.5,17.9,51.3,4.29,44.2,1.0,100.00590200252697,0.6897022129821337,39.93472208889315,57.6,24.7,119.0,15.76,38.33,5.951981053249626,2.94,2,4.41797739487828,1.8,37.0,-16.24441132637854,85.34,10.85,42.058,0.613,20.73,8,36.2,13.4,13.4,46.6,56.5,39.11,2.8,-4.97,89.4,11.26,19.19,0.0,796.966,53.0,0.0,21.0,0.821,95.0,5.2,15.88
69,200040574,CC Beaujolais Pierres Dorées,100.0,100.0,61.0,3.110684989879621,2.213705787342404,72.30631349782293,1.0,33.2,10.4,3.2,9.180000000000001,48.55,5.4,26.9,45.1,2.56,1.98,10.6,81.3,-1.2,24.4,2.6,0.3383492120024931,45.31348126439187,3.297277556440904,3.9,0.06,2.14,130.1,29.2,62.5,4.29,18.0,2.0,100.06012973059016,1.130661362062647,40.71224674510896,61.2,9.9,106.0,12.049999999999999,38.33,3.369381474898969,0.53,0,3.4015922907530443,-11.6,27.0,-31.626506024096383,33.96,10.6,35.115,8.866,11.93,5,26.4,5.6,8.4,42.4,59.4,31.4,2.9,-4.07,53.0,7.74,14.32,0.0,732.786,68.0,0.0,27.2,2.395,72.0,5.2,10.58
69,200040590,CA Villefranche Beaujolais Saône,98.73997709049256,100.0,62.0,0.289316603727616,3.2147089723252447,59.15319849160096,4.0,33.666666666666664,11.2,2.2,24.990000000000002,2.25,8.5,19.9,58.6,1.68,1.65,14.2,74.9,-1.8,32.3,2.2,3.1878671134202423,40.561258797686826,2.655396825396825,3.6,0.0,2.98,154.2,24.9,81.1,4.29,20.6,2.0,100.06969534370714,1.0611168125346406,47.19457435610452,65.6,18.5,104.0,8.49,38.33,5.533409805320799,2.31,4,3.6474012302357264,-0.2,14.0,-41.15456238361266,12.96,16.17,38.716,9.383,12.74,6,40.6,16.9,17.6,35.0,52.6,28.69,3.2,-5.59,111.4,5.89,6.5,2.577,933.765,58.0,4.0,22.9,1.898,79.0,5.2,15.45
69,200046977,Métropole de Lyon,99.23317263274598,99.74534017191772,70.0,,8.238636176462514,67.39680310434396,7.0,26.4,10.0,3.6,23.849999999999998,4.47,7.7,20.200000000000003,54.6,0.64,0.04,11.1,47.2,-5.1,24.4,2.8000000000000003,1.61340612843215,49.07856378355045,5.220435748211783,3.9,0.01,2.83,158.1,30.9,80.5,4.29,6.3,17.0,3.716890559297436,2.113612226641343,41.17470074900733,59.3,11.9,85.0,10.58,38.33,4.883529992215969,2.13,63,2.890463024728828,1.2,0.0,-32.98611111111111,1.69,21.18,19.763,3.329,10.19,7,44.1,16.9,12.7,37.0,60.7,28.26,4.0,-6.75,122.9,1.69,7.28,0.244,1670.582,,34.0,14.8,1.991,66.0,5.2,16.74
69,200066587,CC des Monts du Lyonnais,99.63811821471651,99.953434225844,52.0,0.108275054137527,2.160853531968422,13.513411161731208,1.0,33.57142857142857,15.6,5.0,8.5,-2.49,8.2,27.6,41.1,17.45,14.23,16.400000000000002,83.9,1.5,26.65,1.5,0.1702755626188381,29.664682454712864,1.0248611478444856,2.6,0.38999999999999996,1.99,139.0,19.9,27.0,4.29,11.9,0.0,0.9485299656029528,0.6730152955595555,40.23606629712363,59.2,19.1,108.0,22.85,38.33,3.717343681287359,0.85,1,2.4227283092007754,-0.9,49.0,-30.55555555555556,88.89,14.27,68.025,0.396,13.21,7,31.5,8.7,8.2,44.0,64.8,37.83,2.5,-4.9399999999999995,68.0,8.19,23.72,3.406,511.845,59.0,0.0,23.4,0.89,79.0,5.2,13.49
69,200067817,CC Saône-Beaujolais,95.88477366255144,98.27844311377244,60.0,0.6658091851403495,1.806066101331276,66.82652970670453,2.0,36.285714285714285,16.2,6.7,12.379999999999999,13.84,9.0,27.0,46.4,9.04,9.22,17.299999999999997,81.6,1.8,32.3,1.5,0.153367512378949,34.48322740713048,2.5147694162564047,3.0,0.16,2.41,139.4,25.7,57.7,4.29,33.1,1.0,99.976889351267,0.6562638374239147,41.07238605898123,54.7,22.3,105.0,8.709999999999999,38.33,4.568231902481835,2.19,0,4.396196585057368,-1.7,39.0,-28.96801448400724,91.18,13.61,47.331,7.296,15.24,7,32.1,9.9,11.7,40.8,60.2,39.0,2.7,-5.62,75.2,11.46,21.94,0.219,553.137,62.0,2.0,21.8,1.03,76.0,5.2,12.88
69,246900575,CC de l'Est Lyonnais (CCEL),99.40476190476193,100.0,81.0,1.6762898118830325,10.014675197848348,7.155312706973223,2.0,28.8,8.4,1.2,7.1499999999999995,26.65,4.3,19.9,47.1,0.61,0.07,10.1,86.5,-0.1,24.4,2.7,2.8499422945568456,46.49122807017544,2.7059624413145538,2.8,0.02,2.59,123.6,32.1,44.7,4.29,3.4,1.0,0.3685173457181056,2.181898008676653,45.20258830623652,46.6,35.0,102.0,2.81,38.33,3.632106930761639,0.71,0,3.860138165070901,1.4,6.0,-33.59375,34.15,2.8,55.835,1.874,7.42,7,22.7,5.0,9.7,43.2,75.6,20.66,2.8,-3.58,138.2,3.63,13.38,0.707,1594.731,68.0,2.0,31.1,0.873,72.0,5.2,10.18
69,246900625,CC du Pays de l'Arbresle (CCPA),99.3041749502982,100.0,62.0,1.3080359186663266,2.5329810121322125,5.300851515386805,2.0,33.0,11.2,2.7,11.129999999999999,7.92,6.5,25.3,44.99999999999999,3.61,2.16,13.3,79.7,-0.3,24.4,2.2,0.3851585569392732,43.01487680148768,1.899003623188405,3.3,0.0,2.05,111.8,25.2,51.6,4.29,20.1,0.0,5.1440503308384855,1.9933750868581457,39.56473773944439,56.7,11.2,100.0,17.01,38.33,3.7230458221024265,2.82,0,3.7042360855626217,1.3,23.0,-31.362467866323907,54.95,15.54,47.251,2.811,15.13,5,29.4,6.7,11.5,44.7,72.2,33.33,2.9,-2.68,68.9,6.47,19.94,1.284,1458.48,62.0,0.0,27.7,1.624,77.0,5.2,11.6
69,246900724,CC des Vallons du Lyonnais (CCVL),94.73684210526316,100.0,71.0,0.0,4.6901947606332905,0.4661146011802779,2.0,22.5,8.200000000000001,2.1,9.25,17.05,5.6,21.6,45.8,2.72,1.52,11.4,81.5,-3.0,24.4,2.5,1.9321864871603087,47.21776855606903,1.5818691588785043,3.0,0.0,2.49,115.2,18.6,46.9,4.29,25.7,0.0,0.0842549203373945,2.10590563254925,37.5822494261668,59.1,8.5,103.0,18.360000000000003,38.33,3.523367279429139,4.67,0,2.2935163744624547,-1.7,10.0,-29.545454545454547,29.82,13.89,39.041,2.202,16.5,7,27.8,5.9,8.2,44.0,63.4,25.8,3.0,-3.04,53.7,6.5,15.13,4.363,1692.425,63.0,0.0,28.9,1.097,70.0,5.2,10.18
69,246900740,CC du Pays Mornantais (COPAMO),99.2,100.0,71.0,0.0951418207765951,2.282761892024466,0.0,2.0,26.33333333333333,8.0,2.1,6.54,24.64,5.6,23.1,43.2,4.13,1.31,11.5,85.5,-1.1,24.4,2.2,0.1008132266953424,43.10683424980361,2.280092592592593,2.7,0.0,2.02,124.8,19.3,49.3,4.29,12.9,0.0,17.316696663436247,1.05659410570805,40.35387752417286,60.9,16.2,103.0,19.25,38.33,3.3244845373559104,1.01,0,2.4228893577283577,-2.9,33.0,-18.223234624145785,61.77,26.72,52.888,3.295,12.52,6,25.8,5.1,7.6,43.8,63.7,25.51,2.7,-3.05,53.9,5.64,13.64,5.041,1028.087,72.0,0.0,27.3,1.342,71.0,5.2,10.07
69,246900757,CC de la Vallée du Garon (CCVG),94.73684210526316,100.0,71.0,0.0,4.6901947606332905,135.82004696576442,2.0,17.5,7.3,1.3,14.17,12.91,5.3,20.1,57.6,0.37,0.0,10.7,78.8,-3.8,24.4,3.7,1.5723755202713117,51.036247692565865,3.5362875487273557,3.3,0.0,3.08,151.4,23.2,67.1,4.29,11.8,0.0,3.291309669522644,2.419131364973861,41.99307706321734,47.1,14.499999999999998,111.0,6.97,38.33,3.710680126309825,2.77,0,2.290617702568696,-13.4,7.0,-13.043478260869565,8.17,25.64,25.991,3.145,17.53,7,30.6,6.7,10.8,39.8,73.5,23.49,3.3,-3.5999999999999996,122.5,2.4,8.0,0.308,2327.989,61.0,0.0,32.0,1.878,86.0,5.2,10.11
69,246900765,CC du Pays de l'Ozon,76.86567164179104,100.0,83.0,0.0,4.058644931932603,211.87371512481644,2.0,17.5,8.9,1.2,11.4,29.97,5.1,21.9,49.1,1.25,0.06,10.9,86.0,-1.2,24.4,2.4,0.2896137276906925,45.118911621144456,3.1805828824397446,3.7,0.0,2.17,159.2,32.0,61.5,4.29,11.9,0.0,0.569164265129683,1.7010822632270723,39.39567111936567,47.0,31.2,106.0,4.590000000000001,38.33,3.762098930481283,2.9,0,3.0303284950343774,-2.0,9.0,-50.72463768115942,31.63,22.78,39.539,1.349,8.69,7,26.2,5.9,9.8,47.1,60.6,21.72,2.9,-3.75,78.0,3.57,9.71,1.448,1845.489,69.0,3.0,32.7,1.68,71.0,5.2,9.87
70,200036150,CC des Hauts du Val de Saône,97.2222222222222,93.01675977653632,38.0,1.7569368714406883,2.073566752770523,99.6944610599354,1.0,46.333333333333336,29.9,17.1,2.9000000000000004,-3.31,16.0,37.2,32.6,35.21,39.06,21.9,82.2,3.0,27.8,0.6,1.4331780723754926,20.368774771669823,0.2642276422764227,3.7,4.2299999999999995,5.97,95.9,10.3,12.4,2.24,32.7,2.0,6.991402089515835,0.090773430293613,48.649280785873,55.2,14.099999999999998,139.0,15.950000000000001,64.97,6.761556718495783,3.58,0,6.6845133262886,5.7,83.0,-24.316109422492403,96.55,9.02,57.275,0.882,15.99,5,39.5,17.6,17.5,69.0,56.1,60.19,2.8,-8.21,90.4,35.0,39.88,0.0,19.881,53.0,0.0,13.8,0.886,160.0,15.8,17.57
70,200036549,CC Val de Gray,88.47528657709849,99.35992855016372,40.0,6.516911608806758,2.51382416137872,67.99501702106666,2.0,42.5,25.1,5.1,12.17,2.53,12.1,29.7,45.9,18.26,22.73,20.200000000000003,82.1,2.6,30.5,0.8,1.4421403351733055,24.51225222412986,0.538695652173913,3.8,1.13,3.48,136.4,20.5,33.9,2.24,37.1,0.0,9.67550146134444,0.2113621071332176,44.28256493817694,58.1,15.2,125.0,17.97,64.97,6.7832285100686125,6.46,1,6.084390862944162,0.6,49.0,1.5873015873015872,96.14,7.37,55.874,1.817,11.85,5,38.9,15.4,18.2,53.9,86.1,44.86,2.9,-7.62,99.2,10.75,10.75,0.0,548.74,58.0,1.0,18.9,0.88,127.0,15.8,17.83
70,200041721,CC de la Haute Comté,100.0,99.05956112852664,40.0,0.2892435430632592,0.7682712958079798,64.94294294294295,1.0,42.0,23.3,7.5,9.36,-2.89,15.5,32.0,42.2,12.2,18.46,18.8,84.6,-2.0,27.8,0.6,1.0715561376354328,22.283861056584456,0.3485485485485485,2.6,6.74,4.17,147.4,18.9,37.2,2.24,49.9,1.0,38.2559573366936,0.2230608232629562,38.08639108221087,44.7,22.0,124.0,8.01,64.97,6.86146759464135,11.31,0,7.178879188960856,-5.6,52.0,3.214285714285714,94.23,13.91,32.737,0.553,19.71,6,35.5,16.9,13.5,57.6,76.2,35.66,2.7,-9.69,77.6,10.84,36.41,0.0,202.044,56.0,1.0,14.3,0.824,134.0,15.8,16.81
70,200041853,CC du Pays de Montbozon et du Chanois,98.61111111111111,96.5174129353234,41.0,5.477405701481389,2.739686482839837,105.41559812943127,1.0,39.0,16.6,7.6,2.0500000000000003,0.0,8.8,29.3,30.8,36.05,41.31,16.2,89.0,2.4,29.3,1.0,0.0,24.20283436669619,7.146443514644353,2.9,5.390000000000001,3.0,89.0,11.7,39.4,2.24,47.1,0.0,1.1990866814696886,0.3867598822842959,35.14887436456064,51.8,23.0,114.0,12.33,64.97,5.135204857490442,39.03,0,6.895225060827251,0.5,91.0,5.035971223021583,95.49,28.7,48.304,0.79,12.11,4,29.4,9.9,11.8,64.8,78.8,43.39,2.5,-5.13,38.9,19.81,20.78,6.005,103.123,59.0,0.0,19.1,1.0,86.0,15.8,12.7
70,200041861,CC du Triangle Vert,99.4773519163763,99.6661101836394,41.0,4.677718924124648,2.002534581797608,223.384,1.0,38.0,16.900000000000002,5.2,1.38,4.76,7.9,28.5,30.6,34.12,31.66,15.7,91.2,1.2,27.5,0.8999999999999999,0.5466472303206997,25.162772883952503,1.1304167530582627,2.5,1.13,2.73,99.2,17.2,33.7,2.24,43.8,0.0,14.448608194691218,0.3289150030642294,33.54203935599284,53.8,15.9,112.0,6.35,64.97,5.011523240474898,6.38,0,6.001086366105378,3.2,100.0,-5.809128630705394,95.26,11.6,51.441,0.671,15.52,5,29.2,10.9,13.3,66.2,62.4,34.71,2.6,-6.99,32.8,12.38,21.95,0.0,97.496,60.0,0.0,17.7,0.903,91.0,15.8,13.07
70,200041879,CC Terres de Saône,99.69418960244649,97.30538922155688,39.0,1.3216715257531584,1.2524792087967975,44.384387351778656,0.0,41.2,19.9,5.2,6.45,-0.52,11.3,30.2,38.1,28.79,27.29,19.0,89.2,-0.7,27.8,0.8999999999999999,1.5263680073265664,27.119191049913937,1.321983400723558,3.2,2.86,2.29,135.8,17.1,24.4,2.24,40.7,0.0,12.998085597398513,0.2177215106492496,33.4608747843049,54.8,27.200000000000003,114.0,30.64,64.97,6.03295660379405,6.87,0,6.015868195277504,2.0,77.0,-29.914529914529915,99.07,11.08,44.217,1.03,16.48,4,35.3,11.8,13.9,64.1,66.0,42.97,2.6,-4.87,65.1,18.87,22.21,0.0,300.098,57.0,0.0,17.4,1.003,106.0,15.8,12.81
70,200041887,CC du Val Marnaysien,100.0,100.0,46.0,1.4385901816220104,1.7522554490730575,46.65107319757843,2.0,37.25,15.2,4.8,1.7399999999999998,0.0,7.2,26.700000000000003,33.8,14.62,19.31,14.000000000000002,90.2,0.5,30.8,1.0,0.819000819000819,27.92100398871485,0.0013699483155862,4.3,0.0,2.05,111.0,20.6,25.3,2.24,29.3,0.0,0.3584849683544304,0.5848633644798621,31.789770817931316,54.7,26.0,107.0,5.2299999999999995,64.97,4.122544720713538,1.37,0,5.320544122776421,-2.3,86.0,11.616161616161616,96.85,12.24,56.749,1.532,10.16,5,27.4,6.2,10.1,56.2,68.5,27.5,2.4,-3.19,36.9,15.11,22.33,0.0,256.066,60.0,0.0,24.2,1.03,75.0,15.8,13.11
70,247000011,CA de Vesoul,100.0,98.539435248296,41.0,18.074859105911937,1.032823140731121,62.8806781134536,2.0,35.0,14.8,2.4,23.77,1.56,7.1,23.3,67.5,3.37,0.11,16.6,75.3,-4.7,27.8,1.6,4.79297442716225,37.59105221110015,3.4063105702050938,5.0,0.0,4.33,131.3,20.3,88.2,2.24,30.1,0.0,8.893191196698762,0.8228155336133556,46.59070572093301,73.0,17.0,113.0,19.08,64.97,6.483811002661933,5.88,8,3.771645962732919,1.3,19.0,50.72463768115942,50.46,22.81,43.526,0.605,15.43,5,46.1,16.3,17.3,46.2,82.3,57.67,3.1,-3.35,166.2,6.25,6.25,0.0,1030.543,60.0,1.0,24.8,1.521,113.0,15.8,19.21
70,247000367,CC des Combes,99.0909090909091,95.96412556053812,40.0,1.5048908954100828,1.8610713891869493,51.519756032882526,1.0,40.0,20.6,8.6,2.03,9.68,9.4,33.5,30.6,29.05,41.97,16.400000000000002,88.9,0.9,27.8,0.6,0.928258851611192,23.96410158487684,2.825380116959064,4.3,0.7799999999999999,2.65,92.1,16.2,14.0,2.24,43.7,1.0,10.489648396378694,0.2058456355258846,38.93736163562964,49.4,28.4,120.0,3.9600000000000004,64.97,4.827354428009736,14.59,0,5.467365661861074,0.0,80.0,-29.133858267716533,95.42,3.97,49.602,1.541,12.22,5,32.9,11.0,12.8,59.9,62.1,47.34,2.5,-4.26,51.6,19.52,19.52,0.0,83.344,58.0,0.0,20.0,0.87,102.0,15.8,14.31
70,247000623,CC des Quatre Rivières,90.46454767726162,90.4109589041096,38.0,1.4158407595569251,2.7906682204973725,114.86521371138384,1.0,42.0,26.1,13.0,3.4099999999999997,-2.58,14.7,36.8,33.0,36.38,41.25,20.6,86.7,2.4,29.6,0.7000000000000001,2.4372152167002223,19.950776803568687,4.370586145648313,3.2,0.32,4.24,110.1,21.9,21.2,2.24,33.3,0.0,8.158830845771146,0.1249900031273931,42.05414341806159,52.2,33.900000000000006,135.0,17.82,64.97,6.167728118342484,24.37,0,8.54820415879017,-0.6,70.0,-14.461538461538462,96.64,7.53,55.644,1.787,11.27,5,37.1,13.8,14.0,69.6,71.2,47.15,2.7,-6.9,73.2,24.73,24.76,0.0,90.928,57.0,0.0,15.4,0.636,144.0,15.8,15.98
70,247000664,CC du Pays de Lure,100.0,99.21259842519686,41.0,1.8286814244465832,5.209884929445808,96.44284146150228,1.0,38.0,19.6,2.7,11.57,1.0,8.5,24.7,49.5,10.54,3.67,19.2,86.5,4.2,27.5,0.8,0.3136762860727729,27.642588470100563,2.2029362765514366,3.0,0.01,2.61,163.3,16.9,41.6,2.24,44.9,4.0,11.950883086476306,0.6780158600895344,38.97100189229274,67.2,17.1,110.0,10.620000000000001,64.97,6.095884598293962,6.27,3,6.163326704400592,2.6,49.0,-43.63636363636363,86.11,18.0,29.392,0.47,14.95,6,37.7,14.5,18.2,45.2,74.1,34.87,2.8,-6.17,96.5,8.91,31.87,1.046,369.253,60.0,1.0,21.9,1.154,101.0,15.8,16.21
70,247000698,CC des Monts de Gy,97.20039292730844,98.854041013269,41.0,4.713073005093379,2.4581846659091178,123.70500897373144,1.0,39.5,19.5,4.6,4.05,2.86,11.7,34.2,32.300000000000004,23.87,38.47,18.4,88.9,1.5,29.3,1.0,1.3022952954582452,22.52313247573911,0.2998347107438016,3.8,0.0,4.88,96.4,14.8,9.9,2.24,41.1,0.0,1.52935817805383,0.2247848824897622,45.0722107601968,52.4,41.0,106.0,16.470000000000002,64.97,5.674322219122023,3.26,0,6.1103515625,-2.3,84.0,-49.46808510638298,97.26,14.17,46.566,1.305,10.46,5,32.9,10.3,14.4,67.4,97.7,52.91,2.5,-3.6700000000000004,66.1,22.17,22.17,0.0,277.734,59.0,0.0,23.5,0.893,89.0,15.8,15.26
70,247000706,CC du Pays Riolais,91.77489177489176,96.7741935483871,41.0,6.132344552196235,0.7431905868079949,67.81316685584564,1.0,33.0,13.1,3.4,8.41,22.28,6.6,22.1,34.6,18.45,20.01,13.2,90.3,1.2,29.3,1.2,1.3568521031207597,29.135069787888774,0.4773100745796991,4.3,0.01,1.51,98.2,14.9,35.7,2.24,46.2,0.0,0.6156288406390824,0.5534099376498084,36.50875766757815,60.6,18.5,99.0,10.05,64.97,4.264521468699839,11.31,0,5.678292759051186,1.3,76.0,-21.5311004784689,95.64,38.37,38.529,1.059,12.11,4,27.7,6.6,8.1,60.6,89.8,32.11,2.4,-3.39,40.0,18.97,22.42,0.754,418.299,61.0,0.0,23.4,1.007,64.0,15.8,12.3
70,247000714,CC du Pays de Villersexel,100.0,99.45454545454544,42.0,10.870110960486018,1.7940426140779664,76.59255442483575,1.0,37.833333333333336,21.0,5.5,4.12,5.26,9.2,29.2,38.0,22.14,36.58,19.2,86.6,2.5,25.8,0.8,0.0,23.48401323042999,4.092695330559407,3.4,0.32,3.88,109.9,7.0,10.9,2.24,41.5,0.0,0.8841422067228518,0.4059080348114329,39.90935414830668,74.5,6.2,119.0,34.43,64.97,5.766338353523225,10.35,0,6.548255665902725,-3.8,73.0,-32.83582089552239,95.27,18.45,48.317,0.557,14.58,5,34.9,12.0,13.5,61.8,82.2,39.35,2.5,-6.22,52.4,17.56,28.66,0.0,346.217,59.0,0.0,14.7,1.487,125.0,15.8,15.09
70,247000722,CC du Pays d'Héricourt,100.0,96.57320872274144,42.0,1.3537161158252715,2.5179470155596184,43.807605943337634,1.0,32.0,14.9,1.2,17.62,-0.3,6.2,24.2,57.9,6.76,4.63,15.0,89.1,3.6,24.8,0.8999999999999999,0.2867383512544802,32.550358484124274,1.5701554543017957,2.7,0.03,2.39,132.9,25.2,40.7,2.24,54.8,0.0,1.9261974584555228,1.0179825760475945,30.71035190889573,64.2,17.2,111.0,22.53,64.97,6.247641445403703,3.35,0,5.418757126567845,-2.3,51.0,20.33898305084746,51.49,4.67,28.372,0.432,15.95,6,34.7,12.7,14.1,45.5,67.6,26.67,2.8,-6.22,60.5,7.22,17.7,0.0,422.384,60.0,0.0,18.4,1.348,102.0,15.8,13.15
70,247000755,CC du Pays de Luxeuil,99.57627118644068,98.22222222222224,41.0,6.873047429707469,2.433496945243698,85.91700854126034,2.0,41.0,22.4,5.4,11.709999999999999,1.2,12.5,26.4,56.3,6.66,7.03,20.6,83.9,1.2,27.8,0.8999999999999999,0.605815831987076,26.482899438489028,0.0069193101979987,2.7,0.09,5.39,165.0,20.8,58.0,2.24,50.8,1.0,64.73492878975092,0.5900953006580477,44.553483807654565,67.8,26.1,113.0,11.700000000000001,64.97,7.0532297679574905,9.42,0,5.246655070912497,3.3,29.0,66.17647058823529,71.42,11.89,30.667,0.306,20.78,4,42.7,18.4,19.9,51.2,77.0,40.19,3.0,-9.139999999999999,120.4,7.13,32.07,0.0,1088.649,59.0,0.0,17.7,0.89,121.0,15.8,21.03
70,247000821,CC Rahin et Chérimont,100.0,96.7654986522911,41.0,1.0791269862681092,2.559033308205359,122.99786379560796,1.0,32.0,21.9,4.1,6.18,-0.31,10.4,32.9,36.0,11.55,19.26,18.6,88.4,3.4,27.2,0.7000000000000001,2.15016771308162,27.57455028371363,0.3569934640522875,2.7,0.9299999999999999,4.3,130.2,15.4,24.2,2.24,72.3,0.0,93.74578706727628,0.446097582272863,33.82539013074652,64.9,24.6,109.0,8.86,64.97,5.8781888293065,7.74,0,3.986840995360607,10.9,71.0,4.651162790697675,35.06,50.6,6.158,0.099,18.0,5,31.6,11.8,17.4,47.0,70.8,29.67,2.7,-7.4399999999999995,41.1,13.67,27.22,0.0,99.536,63.0,0.0,18.6,0.563,98.0,15.8,15.22
70,247000854,CC des 1000 étangs,99.601593625498,94.84978540772532,41.0,1.4705882352941175,1.9222413631702573,113.5200793836096,1.0,39.25,22.7,20.7,4.65,0.0,10.1,32.300000000000004,30.2,32.87,34.36,19.4,84.2,1.5,27.5,0.5,0.0,23.58714579705557,0.080392156862745,2.3,3.6700000000000004,3.54,137.1,8.9,17.4,2.24,69.1,0.0,81.88466281742251,0.168383001277398,39.87019007881317,49.0,42.1,126.0,3.19,64.97,6.521167144543768,11.8,0,6.572018890200709,-8.7,60.0,-18.181818181818183,75.0,21.24,13.646,0.155,20.98,4,36.7,14.4,15.4,61.9,78.4,39.31,2.8,-4.96,59.4,16.5,35.31,0.0,82.29,57.0,0.0,15.0,0.642,163.0,15.8,15.42
71,200040038,CC Saône Doubs Bresse,79.83539094650206,100.0,53.0,6.101213247349437,1.8273349540215948,50.44036089727672,1.0,34.5,17.8,7.6,2.91,-0.7,9.2,29.6,40.400000000000006,27.32,26.7,15.7,88.0,-1.0,30.45,0.8,1.325271266462354,26.65637615768226,0.1255660048763496,2.0,0.12,1.66,77.5,10.5,21.8,3.45,23.8,0.0,8.129289004480933,0.3939791401809312,33.773386247671496,59.6,13.2,109.0,15.870000000000001,72.69,5.060449768215436,2.48,0,5.961357443646272,-3.7,74.0,-1.3043478260869563,98.66,1.32,62.631,2.402,10.74,5,28.8,9.3,13.9,52.5,72.5,25.01,2.5,-5.949999999999999,37.4,13.58,22.12,0.0,234.065,59.0,0.0,19.4,0.768,101.0,17.1,12.66
71,200040293,CC du Clunisois,99.23451635351428,100.0,65.0,8.323269249600155,1.996359565155,53.22242081933224,1.0,32.25,19.6,20.3,7.32,0.64,8.5,29.7,43.6,30.25,26.47,18.9,75.2,0.3,31.375,1.3,0.7845934379457917,29.53887280017821,4.524267060852427,3.1,0.77,2.85,82.8,25.1,48.3,3.45,28.8,1.0,44.72506768452354,0.226777270574099,46.89436716705688,71.9,14.4,128.0,14.45,72.69,5.392592706696655,2.85,0,4.862626698296312,0.4,58.0,-22.946175637393768,93.1,7.34,55.89,0.401,17.09,4,40.7,12.6,8.5,61.2,78.2,55.21,2.9,2.6599999999999997,96.5,12.02,31.02,1.427,267.181,56.0,0.0,18.2,0.648,167.0,17.1,16.95
71,200042414,CC Bresse Revermont 71,90.04065040650406,100.0,61.0,3.294096396423518,1.4564283386756434,0.0,1.0,33.5,21.3,13.0,4.130000000000001,3.24,7.4,29.8,34.9,25.49,30.8,17.599999999999998,89.1,2.9,29.05,0.8999999999999999,0.999900009999,26.885714285714283,1.4749973230538602,2.8,0.48,3.0,91.7,12.3,21.3,3.45,15.4,0.0,2.7657199378267627,0.4706354528858851,37.4079528718704,71.0,11.7,134.0,6.81,72.69,6.119828970786128,4.0,0,5.277018130254229,4.6,63.0,-44.44444444444444,98.48,4.31,60.464,1.503,14.14,4,35.1,13.0,13.9,50.6,51.7,30.7,2.7,-9.01,47.4,18.88,24.76,0.0,221.895,56.0,0.0,15.9,0.489,147.0,17.1,14.06
71,200069698,CC Mâconnais - Tournugeois,75.43859649122807,100.0,46.0,2.3234620976549727,3.2851456932450405,368.159944279111,3.0,34.666666666666664,19.8,8.1,9.71,-3.41,10.8,27.1,54.8,12.99,9.91,17.8,81.5,-0.8,31.0,1.2,0.628693574751666,30.83409715857012,2.682758118537935,2.9,1.95,3.14,74.2,26.9,33.2,3.45,26.8,0.0,12.224224912860024,0.5729299244426757,48.74041621029573,61.4,14.499999999999998,121.0,16.950000000000003,72.69,6.196594356933922,2.51,1,4.190448938064352,-4.4,37.0,-14.4,85.45,12.98,44.412,6.593,12.2,5,39.6,11.4,14.2,45.7,79.7,37.72,2.9,-3.7600000000000002,89.9,9.21,26.96,0.629,363.88,54.0,2.0,20.2,1.335,133.0,17.1,16.23
71,200070308,CA Mâconnais Beaujolais Agglomération,95.0,100.0,47.0,0.3359473973052402,2.767971975993,88.78275512788048,2.0,33.75,16.5,3.8,23.669999999999998,2.02,8.2,23.4,54.2,3.77,3.12,15.1,79.9,-1.5,31.0,1.7999999999999998,2.9275402379725843,37.37171416580825,3.001787148594378,3.5,0.22,3.14,136.5,27.1,63.8,3.45,19.4,1.0,6.815165876777252,1.230271026582596,45.4233633869071,66.1,11.7,110.0,11.379999999999999,72.69,5.6468367517153,2.14,7,3.964353996381507,-0.1,29.0,-41.54786150712831,23.14,14.63,44.216,12.814,10.8,6,40.6,14.8,15.9,39.5,63.8,27.94,3.2,-5.75,124.3,8.77,11.36,0.251,502.622,,1.0,21.2,1.807,97.0,17.1,17.51
71,200070316,"CC Entre Arroux, Loire et Somme",94.76923076923076,97.83715012722648,60.0,11.878124672237178,1.21081946019466,85.6639483989864,0.0,33.166666666666664,24.2,9.3,11.540000000000001,-5.31,12.9,30.0,51.7,22.37,18.23,19.6,79.9,2.5,32.8,0.7000000000000001,0.6476983576220217,27.47360187719984,1.9922590026516125,1.4,1.83,2.78,170.2,18.4,36.9,3.45,16.1,0.0,7.242918811606916,0.1838429363888502,41.11327682335343,49.9,35.099999999999994,145.0,4.9399999999999995,72.69,6.771634416538874,4.63,1,5.567458019687319,0.1,45.0,-27.63873775843308,94.01,3.14,73.008,0.256,15.15,5,38.4,12.9,15.0,52.9,86.5,39.56,2.6,-7.48,101.8,11.1,31.23,0.0,181.315,51.0,1.0,19.9,0.286,202.0,17.1,15.19
71,200070530,CC du Grand Autunois Morvan,99.39117199391173,99.667616334283,59.0,1.978581509256441,1.8652078756238784,151.61157799102833,2.0,31.714285714285715,24.2,14.6,16.98,1.9,13.0,28.4,48.6,25.65,26.12,18.7,81.1,1.5,33.075,0.8999999999999999,1.993961146242808,26.792880823590995,2.545820063694268,2.6,4.01,3.7,79.0,14.5,55.7,3.45,37.5,0.0,44.09889226015561,0.1568527424530698,40.14409300548536,66.1,12.0,134.0,13.750000000000002,72.69,6.841945993472002,4.84,3,5.475564173903268,-2.7,60.0,-13.53211009174312,90.53,2.98,50.001,0.34,17.58,6,40.6,16.1,17.6,53.3,60.1,30.19,2.9,-6.34,89.7,16.44,17.71,0.285,139.727,53.0,0.0,22.9,0.281,156.0,17.1,17.92
71,200070548,CC Brionnais Sud Bourgogne,99.87593052109182,99.94643813604714,65.0,7.078109063502271,1.4796687866049447,20.66127955122212,1.0,41.5,23.200000000000003,12.5,6.7,0.64,11.4,33.2,44.7,20.66,10.46,18.0,83.9,-1.3,35.1,0.6,0.5351170568561873,26.436012615884543,0.2030852994555353,2.3,0.1,2.68,115.3,17.9,28.6,3.45,14.7,0.0,0.0,0.4105169305121451,44.68071228230383,60.4,17.4,144.0,9.6,72.69,5.601706892802784,4.68,0,3.5876513797895573,1.1,55.0,-20.0,87.31,0.16,71.224,0.105,16.29,5,36.8,12.2,13.1,54.4,86.7,51.57,2.6,-6.25,88.2,12.59,28.48,0.0,157.85,58.0,0.0,19.3,0.698,173.0,17.1,15.43
71,200071538,CC Terres de Bresse,92.02127659574468,100.0,61.0,8.990258258447302,3.2890592043272733,60.28672943684491,1.0,32.6,18.0,8.4,2.87,2.91,7.9,28.5,40.400000000000006,22.45,13.44,16.0,89.8,0.7,29.7,1.0,0.4843467923032891,28.400428400428403,0.942211055276382,2.1,0.27999999999999997,2.64,81.5,21.1,32.7,3.45,16.9,0.0,8.52002312778099,0.6937983950676704,32.174588113516776,48.1,42.3,119.0,3.51,72.69,5.201711322884334,1.76,0,4.047180822409769,-4.0,69.0,-35.67961165048544,96.01,5.5,59.402,1.608,16.72,4,29.4,10.0,15.2,47.3,83.2,26.9,2.5,-4.97,52.6,12.24,30.6,0.0,167.342,59.0,0.0,17.5,0.684,114.0,17.1,14.32
71,200071579,CC Bresse Louhannaise Intercom',93.05364511691884,100.0,61.0,9.281747749630537,3.0376263470738984,0.0,1.0,32.6,22.9,8.9,7.61,-0.69,8.9,28.7,43.50000000000001,17.32,11.63,19.7,86.6,0.7,29.05,1.1,0.9177226359817868,29.672029702970296,1.189343729694607,1.9,0.54,3.18,96.2,17.4,32.5,3.45,18.9,2.0,1.990211181093149,0.7128203427555868,40.49532613569728,58.4,35.3,132.0,8.83,72.69,6.373324829331748,3.18,5,5.350144702477588,2.2,52.0,-21.50537634408602,96.07,2.92,51.312,1.492,14.2,4,37.1,13.3,16.7,46.1,75.0,34.38,2.7,-6.550000000000001,90.2,11.53,28.13,0.353,414.956,57.0,0.0,18.8,0.648,146.0,17.1,15.84
71,200071645,CC Saint Cyr Mère Boitier entre Charolais et Mâconnais,99.52606635071088,100.0,65.0,6.1462105582086535,1.802153419389928,12.219341974077766,1.0,37.0,20.0,16.6,6.2,5.21,11.3,34.5,34.099999999999994,30.06,44.9,18.0,86.1,4.6,33.05,0.8999999999999999,0.0,25.562260010970927,0.1860465116279069,3.1,2.33,3.72,92.2,16.4,59.6,3.45,28.5,0.0,61.92879581151831,0.2011945441023438,48.64472410454985,51.8,38.5,124.0,6.7,72.69,5.315339593058475,3.72,0,3.939386380643552,2.4,69.0,-6.769230769230769,88.44,5.8,64.661,0.637,17.44,4,33.3,12.7,11.5,50.4,73.3,44.68,2.8,-2.63,66.4,18.06,32.19,3.723,137.948,58.0,0.0,14.8,0.485,118.0,17.1,16.78
71,200071884,CC Le Grand Charolais,98.12554489973844,99.8997493734336,61.0,9.910028261433418,1.4359389565134897,84.43042185373722,1.0,33.6,22.4,6.9,12.25,-0.17,11.8,29.9,55.89999999999999,19.06,11.22,19.7,83.1,0.4,31.133333333333336,0.8999999999999999,0.3801895878744867,28.376703841387855,3.008775325848497,2.2,0.64,3.29,164.2,21.5,47.8,3.45,17.0,1.0,5.699581032184346,0.4308316756073059,41.74100051320902,68.0,10.5,134.0,14.02,72.69,6.46165300171954,2.53,4,5.927729458967777,-2.3,44.0,-17.12403951701427,91.53,4.51,69.819,0.205,15.7,5,40.9,13.1,14.7,43.6,73.8,46.54,2.7,-5.63,95.8,13.52,16.34,0.0,488.037,57.0,0.0,19.8,0.354,156.0,17.1,15.26
71,247100290,CU Le Creusot Montceau-les-Mines,100.0,99.54414992402498,64.0,2.6602444367667464,2.331057228535973,40.67176919513863,1.0,27.33333333333333,20.4,2.3,27.310000000000002,-2.28,12.1,25.6,67.39999999999999,5.81,2.81,17.0,85.6,-0.1,30.5,1.1,2.066892145809846,34.05468583976766,1.110859064343092,2.1,0.18,3.43,130.3,16.9,42.5,3.45,18.6,4.0,0.221939325358336,0.3992112022518684,32.973002335814,60.3,23.6,130.0,12.82,72.69,6.6332465704214965,1.77,5,4.687435522696011,-0.4,26.0,-31.41122913505311,81.15,5.19,62.662,0.215,17.41,7,41.9,14.5,18.4,38.7,66.4,25.16,2.7,-5.54,101.1,7.76,9.88,0.553,982.02,,6.0,20.0,0.332,142.0,17.1,15.65
71,247100589,CA Le Grand Chalon,96.05345322842513,100.0,46.0,0.2155324057786385,4.672610635221561,77.53809904083262,2.0,35.0,15.3,3.8,19.74,-0.32,7.3,23.6,56.1,3.84,3.21,14.3,79.9,-0.1,31.866666666666664,1.6,3.173483779971791,36.64956689933563,3.6511223908145807,3.3,0.12,3.09,93.5,25.3,74.4,3.45,27.0,5.0,5.524015100883293,0.768079901975131,38.83536642702661,59.1,17.9,111.0,7.7700000000000005,72.69,5.805792082313823,4.06,7,5.028291611769872,2.4,34.0,-9.91150442477876,42.36,2.22,51.961,4.002,12.14,6,42.0,13.5,16.0,43.2,69.7,28.12,3.0,-4.17,119.3,8.96,12.76,0.0,602.149,,7.0,21.2,0.924,107.0,17.1,16.44
71,247100639,CC de Marcigny,100.0,100.0,53.0,8.603650738286246,1.3998915664979132,534.6727031068284,1.0,41.333333333333336,23.5,10.3,4.88,-3.47,13.4,28.6,45.4,34.94,36.77,18.3,81.8,-0.5,35.1,1.0,0.1666944490748458,22.65939796160228,6.112293956043956,1.4,1.51,3.33,116.1,15.5,52.5,3.45,5.4,0.0,16.27220068618277,0.3859129059048075,44.84594289401517,50.8,15.1,146.0,9.41,72.69,5.828911232137039,8.33,0,6.520527859237537,-2.5,65.0,-32.5,95.94,4.92,73.495,0.24,16.9,5,37.1,13.7,10.9,56.6,99.5,49.67,2.7,-6.1899999999999995,83.7,21.42,25.08,0.0,240.361,56.0,0.0,21.6,0.547,156.0,17.1,14.58
71,247100647,CC Bresse Nord Intercom',98.13664596273291,100.0,59.0,5.648033968548582,1.8377184302700555,108.01550506601168,2.0,37.75,26.3,14.8,2.32,20.0,11.7,32.1,30.5,29.11,36.68,21.7,85.5,-1.8,29.53333333333333,0.5,1.069682151589242,24.236431553504723,0.0,2.6,2.83,3.06,107.9,10.3,26.6,3.45,17.7,0.0,13.1106227407164,0.4846514060380453,43.03185867431677,55.5,31.5,144.0,12.620000000000001,72.69,6.44435762371044,3.06,0,5.203947368421052,-3.6,73.0,-5.583756345177665,97.62,2.91,59.412,2.086,11.56,4,37.6,14.7,19.0,60.7,76.5,37.44,2.7,-8.27,67.8,20.88,31.06,0.0,31.708,55.0,0.0,13.1,0.535,176.0,17.1,16.0
71,247103765,CC Entre Saône et Grosne,94.89981785063752,100.0,65.0,2.0095476244601045,3.598194290465187,59.37720169813025,2.0,33.2,19.5,14.0,5.79,0.69,8.1,29.3,48.7,21.48,14.29,15.9,86.8,-1.4,29.95,0.8999999999999999,1.5313935681470137,29.477225672877854,3.07192242075963,2.6,1.4200000000000002,1.8,75.4,20.4,28.6,3.45,29.6,0.0,30.740435891490847,0.3006322301752781,41.38052474027118,72.3,12.5,118.0,13.530000000000001,72.69,5.445223878696831,2.7,0,5.65555654576241,1.7,64.0,-8.588957055214724,97.66,10.87,60.355,1.833,15.96,5,34.5,9.5,12.9,48.0,69.4,34.41,2.6,-4.34,46.3,6.65,24.61,0.0,138.229,58.0,1.0,19.8,0.709,122.0,17.1,15.57
71,247103864,CC de Semur en Brionnais,100.0,100.0,65.0,5.612947658402203,1.3425812709102996,47.18955252544652,0.0,39.75,20.9,17.7,3.1300000000000003,1.39,10.6,32.0,38.5,33.39,28.64,17.2,87.9,1.2,35.1,1.0,0.1920860545524395,23.46938775510204,3.037324574499851,1.9,2.5100000000000002,1.92,112.0,18.2,40.6,3.45,12.1,0.0,18.64690355329949,0.2882302147849221,38.793103448275865,58.9,11.0,139.0,10.12,72.69,4.976859024012392,1.92,1,4.815840433772269,0.4,88.0,0.0,82.77,2.43,70.323,0.036,16.24,4,33.1,11.1,8.8,56.7,57.9,43.41,2.8,-9.0,44.2,14.5,23.14,0.0,249.25,58.0,0.0,17.2,0.684,145.0,17.1,14.54
71,247104094,CC Sud Côte Chalonnaise,93.43525179856115,100.0,58.0,3.216332642612717,2.8521478007478858,54.66192417801683,1.0,36.25,17.5,14.6,4.29,-3.96,10.3,31.5,42.2,21.68,26.84,16.0,87.1,1.5,29.7,1.6,1.819757365684576,30.07095669195009,5.270444066974034,2.2,0.49,3.47,68.3,18.2,22.4,3.45,23.8,0.0,5.047865459249676,0.2569214985734848,43.42683338965867,66.9,4.8,118.0,21.47,72.69,5.206654217242452,1.73,0,4.646013071895425,-3.0,71.0,-7.59493670886076,97.51,6.92,54.815,2.821,15.82,4,33.1,9.5,15.7,54.0,65.4,42.2,2.8,-3.5000000000000004,53.2,10.17,22.64,0.0,78.574,58.0,0.0,26.8,0.722,120.0,17.1,13.96
72,200040475,CC LBN Communauté,100.0,100.0,40.0,1.0700881373086493,1.0222598507336964,92.10116622956308,1.0,36.4,19.0,6.4,4.9,2.76,10.1,34.5,29.800000000000004,21.01,34.28,17.5,85.6,1.9,30.8,1.0,1.346499102333932,23.559766517215124,0.0314039408866995,2.8,0.33,2.81,71.8,14.9,19.0,3.17,8.3,2.0,3.1841271210193827,0.5308911711627172,34.785471304729505,39.4,34.5,107.0,6.41,50.12,5.105861775808817,3.93,0,6.717405547062677,-2.4,60.0,-26.71118530884808,98.88,4.33,72.699,1.282,8.89,7,31.6,10.1,12.2,52.3,81.7,31.98,2.4,-2.9499999999999997,70.3,20.55,27.03,0.0,1963.13,58.0,1.0,22.2,0.256,81.0,18.6,15.79
72,200068963,CC Maine Coeur de Sarthe,98.85877318116977,99.70588235294116,40.0,3.9920884066123503,2.203272402654112,93.30592075020684,1.0,29.0,11.9,3.3,4.29,13.13,6.1,26.5,36.8,3.69,5.88,12.2,88.3,-1.5,33.1,1.3,1.6460152713639062,32.77759253084361,1.0358699035169625,2.6,0.04,1.83,80.8,21.4,34.9,3.17,8.5,0.0,0.0,1.5468192328741943,26.859504132231404,62.2,18.3,107.0,10.25,50.12,3.837949111838575,8.69,0,4.73919984973704,-1.7,53.0,-44.17808219178082,94.65,7.66,68.608,1.616,7.89,5,25.5,7.0,10.2,44.8,93.8,25.56,2.4,-3.26,41.6,13.46,15.92,0.0,1056.863,60.0,0.0,27.4,1.012,74.0,18.6,11.58
72,200070373,CC Loir-Lucé-Bercé,100.0,100.0,50.0,2.4542207483912435,1.1246994695289727,103.1489945547314,2.0,34.333333333333336,25.2,12.2,8.18,-3.89,11.8,32.0,38.5,20.96,19.62,20.1,82.6,1.8,30.6,0.8999999999999999,0.7756280432628087,24.50954400848356,3.2305327325735496,2.2,6.069999999999999,2.59,76.1,14.1,19.8,3.17,16.3,0.0,3.045557494523447,0.572867161657883,41.37727827587658,64.0,12.3,139.0,17.04,50.12,6.736147875768066,10.34,2,5.815083424163662,-3.4,52.0,-26.14503816793893,99.66,7.34,56.296,2.462,9.3,6,39.7,14.8,18.1,45.7,78.4,41.19,2.7,-3.06,91.1,12.63,13.75,0.431,710.948,57.0,0.0,20.7,0.408,158.0,18.6,19.8
72,200072676,CC Maine Saosnois,86.02771362586606,99.79716024340772,29.0,0.7245251772499095,1.4884444813678506,85.77006610009443,1.0,32.833333333333336,24.2,6.8,8.53,-5.37,11.8,36.2,40.6,11.72,14.89,20.3,84.3,3.8,31.2,0.8,1.0918619886446352,23.025943129035912,1.4414698697068402,2.0,0.06,2.55,81.7,14.7,31.3,3.17,10.2,0.0,16.933688428459735,0.4297846676177999,37.267080745341616,57.6,26.3,125.0,9.85,50.12,5.72153822167241,1.09,0,5.756566234881557,1.9,58.0,-9.40959409594096,97.49,5.15,73.273,1.877,8.32,7,36.0,13.9,16.4,47.4,73.0,29.7,2.6,-3.6900000000000004,76.4,12.67,12.71,0.0,511.53,58.0,1.0,20.9,0.36,119.0,18.6,16.6
72,200072684,CC Le Gesnois Bilurien,100.0,100.0,52.0,7.86129012949181,0.9039917982835732,66.34279288218562,1.0,33.6,16.900000000000002,4.6,5.92,-1.97,7.6,28.3,32.0,8.29,14.88,16.3,88.1,-0.1,30.6,1.1,1.6520733520568314,26.583760058522312,0.394321608040201,2.0,0.05,2.64,68.9,15.2,16.8,3.17,24.1,0.0,2.937859493130385,0.9712834035259807,30.4901833311663,62.0,19.8,112.0,11.63,50.12,4.590253427943972,1.32,0,4.845594884381863,-3.1,70.0,-35.75,97.4,2.23,50.954,1.681,8.61,6,29.8,9.0,12.8,45.8,78.9,27.42,2.4,-4.62,50.3,19.29,19.76,0.0,1400.663,61.0,0.0,23.5,0.373,82.0,18.6,14.34
72,200072692,CC des Vallées de la Braye et de l'Anille,100.0,100.0,56.0,5.691392960478204,0.9766934159607946,141.64236227887267,1.0,35.0,25.3,9.4,8.68,-1.76,13.5,33.4,36.6,21.04,30.07,21.0,80.7,1.4,28.1,0.6,1.353637901861252,22.13055584201299,1.3955121616992123,1.1,0.64,2.71,61.7,14.4,23.9,3.17,18.3,1.0,0.6462287922056107,0.4340730778926159,40.11310580653647,56.0,23.3,136.0,10.68,50.12,6.651084250037164,2.03,1,5.577783558792924,-1.8,54.0,-11.335012594458435,99.99,4.98,64.97,2.482,7.61,6,38.6,12.7,15.8,49.4,67.2,35.47,2.5,-2.65,85.0,9.89,9.89,0.0,871.309,57.0,0.0,20.2,0.254,156.0,18.6,15.34
72,200072700,CC Haute Sarthe Alpes Mancelles,95.26588845654992,100.0,36.0,6.232150959511037,2.5963498666628397,104.36910194497364,1.0,35.25,22.5,7.9,5.2299999999999995,4.17,11.4,33.900000000000006,37.9,18.3,16.93,19.7,86.2,0.4,32.75,0.7000000000000001,1.2872869318181817,22.751810401579988,0.6872382360187239,1.9,0.22,1.78,94.3,17.4,32.6,3.17,8.4,1.0,36.24903467056863,0.8166754763370374,34.55019556714472,54.9,25.3,117.0,7.75,50.12,5.399327280205398,4.44,1,7.696693421741406,-2.0,72.0,-4.732510288065844,97.03,6.85,72.856,1.492,9.1,7,34.1,11.8,14.5,52.3,69.7,31.78,2.5,-4.109999999999999,55.6,18.68,19.21,0.0,387.658,58.0,1.0,20.7,0.425,104.0,18.6,16.4
72,200072718,CC de la Champagne Conlinoise et du Pays de Sillé,98.13542688910697,99.93702770780855,44.0,7.128427128427129,2.18139476343458,148.4101079817433,1.0,35.0,19.3,6.0,2.8400000000000003,-3.11,10.5,33.300000000000004,30.3,19.41,24.11,16.7,86.4,2.6,33.1,1.1,1.3397342860332702,24.575207164978654,0.7412100660360521,3.1,0.04,1.67,74.4,18.8,25.0,3.17,12.6,1.0,52.354048658185526,0.5655642021381636,35.939882378566764,58.7,12.1,112.0,12.67,50.12,5.121771606528204,7.82,2,4.661585532426378,-1.9,75.0,-23.52941176470588,97.12,5.5,71.82,1.32,10.17,6,31.1,11.6,12.4,50.6,74.3,34.67,2.6,-4.07,52.2,22.25,27.54,5.582,934.981,59.0,0.0,22.3,0.207,90.0,18.6,16.17
72,200073112,CC Sud Sarthe,96.56160458452722,100.0,29.0,1.25695051023669,0.5191871644108029,104.89768348319086,1.0,37.2,22.1,9.8,6.69,-4.22,10.1,33.7,31.1,17.33,23.36,18.7,84.0,2.2,37.150000000000006,0.8999999999999999,0.7970597351990435,23.99091152098369,2.1513761467889903,2.0,0.06,3.99,68.1,13.0,14.5,3.17,27.4,0.0,12.132697597652667,0.5402759124342532,35.48106225511537,55.1,14.7,127.0,5.96,50.12,5.572392517659372,0.89,1,4.164864393476933,-1.8,53.0,-14.80804387568556,99.97,7.96,49.702,1.947,11.2,6,33.9,12.7,14.7,47.6,81.5,36.8,2.5,-5.35,62.3,10.21,20.84,0.443,672.181,55.0,1.0,19.6,0.292,123.0,18.6,18.86
72,247200090,CC du Pays Sabolien,98.3076923076923,100.0,36.0,1.2153587428103052,2.2104312967455155,151.30908129077764,2.0,36.333333333333336,16.900000000000002,3.9,19.509999999999998,4.97,8.9,25.4,41.900000000000006,10.98,7.84,17.1,78.7,-2.3,28.5,1.3,2.259408317446868,29.21315497400549,0.7876093503513552,2.2,0.05,2.82,93.4,13.2,20.5,3.17,13.1,2.0,0.0069397196897537,0.7062599252542534,32.83510620104662,43.2,47.9,111.0,9.58,50.12,5.992467073883359,2.47,4,8.347760724399539,5.0,43.0,5.555555555555555,98.7,7.52,65.126,1.66,9.28,7,36.2,13.2,13.2,41.7,65.2,29.8,2.6,-7.1499999999999995,144.3,8.47,15.76,0.0,3022.882,59.0,1.0,21.0,0.364,91.0,18.6,20.54
72,247200132,CU Le Mans Métropole,100.0,100.0,40.0,4.024954719259408,1.937464721000056,63.20795748114969,3.0,36.0,15.1,2.7,26.5,2.12,8.6,22.1,62.0,0.68,0.13,16.2,65.2,-1.9,33.1,1.6,3.129009639830003,42.56787448897586,4.273449131513648,2.6,0.02,2.81,88.9,29.4,49.6,3.17,11.6,4.0,0.1979662008925305,2.754389934153617,32.28493089153199,68.3,13.7,111.0,13.55,50.12,5.8255015256655485,2.58,11,4.1643087988725,4.5,8.0,2.051282051282051,16.6,6.7,33.818,2.55,10.21,7,43.7,18.6,16.6,37.0,68.8,37.42,3.4,-3.58,143.2,7.35,8.3,0.095,1305.808,63.0,3.0,23.5,0.824,93.0,18.6,19.53
72,247200348,CC du Pays Fléchois,97.63779527559056,100.0,35.0,1.1339582703356517,2.0096765122664237,85.42039209861875,1.0,37.0,18.4,3.4,15.1,0.22,7.5,27.800000000000004,44.6,9.24,9.75,18.7,83.3,-0.4,34.26666666666667,1.0,0.9242485858996636,27.849205887486185,4.915610919692553,3.1,0.06999999999999999,2.59,76.6,16.1,49.6,3.17,26.3,1.0,4.6019250401050025,0.9396229394191952,34.60831447963801,63.4,17.599999999999998,114.0,12.659999999999998,50.12,5.576032428084585,1.11,1,8.953882056600978,5.0,45.0,11.8705035971223,98.43,6.91,47.519,2.151,10.82,7,35.9,11.4,12.9,48.0,76.9,31.72,2.5,-3.74,82.6,10.5,13.86,0.0,3245.192,56.0,0.0,24.5,0.301,89.0,18.6,17.03
72,247200421,CC du Sud Est Manceau,99.2337164750958,99.42528735632185,59.0,5.70712235674463,1.5232971991307895,82.7963732315293,1.0,36.333333333333336,13.1,2.9,6.890000000000001,11.98,5.5,26.6,37.4,3.77,4.75,12.7,90.5,1.0,33.1,1.5,2.231022365999219,33.101073201986225,0.2982635342185904,1.8,0.7100000000000001,2.23,65.0,15.5,20.7,3.17,42.9,0.0,11.8910451119361,1.0499367003661113,26.74494455316373,68.8,19.6,112.0,16.2,50.12,4.072717851634856,6.14,1,3.3537442165990745,-14.1,27.0,-7.4074074074074066,86.57,0.24,24.577,1.688,15.6,6,24.7,6.4,8.0,37.9,80.8,26.94,2.4,-2.3800000000000003,53.6,14.2,16.4,0.558,1083.388,60.0,0.0,28.5,0.163,80.0,18.6,12.51
72,247200447,CC Orée de Bercé - Belinois,99.13513513513512,99.16666666666669,43.0,4.354198084152843,1.7239349278862952,34.48175932586579,1.0,37.0,14.2,2.6,6.79,4.41,6.2,26.3,37.3,6.28,8.05,14.9,89.8,3.6,33.1,1.3,1.386606409202958,32.011769032732616,1.1235748792270532,2.1,0.09,2.57,67.2,16.3,23.5,3.17,24.5,0.0,1.9705941321927425,1.1516649817739006,28.63191854017542,72.3,18.7,111.0,10.13,50.12,4.295329388675708,4.11,0,4.082273938896863,3.5,30.0,-5.0,86.6,6.46,46.202,1.317,10.23,7,27.5,7.4,12.7,40.4,88.4,23.83,2.4,-3.58,41.5,6.14,20.14,1.541,1935.175,64.0,1.0,25.4,0.186,81.0,18.6,13.68
72,247200629,CC du Val de Sarthe,98.6472776462631,99.32885906040268,34.0,3.4021571648690294,1.6575823603655755,13.743202814215737,1.0,33.5,12.3,2.8,6.329999999999999,3.78,5.9,27.1,36.4,9.76,8.57,13.8,88.9,-0.5,30.8,1.4,1.2827259571109066,33.071201857027816,0.4854312354312354,2.0,0.1,2.3,78.5,19.4,22.8,3.17,22.2,1.0,0.0,1.0147873349075318,27.70951888256596,55.2,21.0,107.0,4.75,50.12,4.07684480581362,3.62,0,4.37665538431205,-7.3,52.0,-13.385826771653544,95.64,5.27,43.488,1.426,10.23,7,26.1,6.3,10.6,43.2,93.3,29.31,2.3,-3.04,49.4,14.25,18.19,0.0,1705.251,62.0,1.0,28.6,0.289,82.0,18.6,14.17
72,247200686,CC du Pays de l'Huisne Sarthoise,98.77675840978594,100.0,26.0,5.6082227322622495,0.9652494191587636,98.44435055103692,2.0,33.75,19.6,6.8,9.75,-10.89,9.3,27.1,39.2,12.12,8.88,17.7,83.3,0.1,28.1,1.0,0.6699104435512304,26.66559811935674,0.4000483558994197,1.4,0.5700000000000001,2.12,69.4,30.0,35.3,3.17,10.6,1.0,0.0549943644599451,0.5902773885801134,32.93217007483017,45.9,36.8,116.0,5.050000000000001,50.12,5.569414322110375,2.47,1,5.259623774124874,3.1,43.0,-35.116279069767444,95.58,3.96,64.843,1.64,8.89,6,34.9,10.9,14.2,40.7,79.2,26.8,2.5,-5.8999999999999995,103.7,12.09,12.09,0.0,1589.02,59.0,0.0,22.7,0.525,105.0,18.6,16.05
73,200023299,CC Coeur de Tarentaise,100.0,94.3342776203966,11.0,0.8701843208606914,5.135996113103757,173.91414419372592,5.0,24.0,18.3,73.6,23.990000000000002,-0.1,3.4,10.1,35.50000000000001,16.79,22.03,20.3,65.6,4.4,28.3,1.5,3.297428006155199,35.823345920210144,3.569604316546763,4.9,5.779999999999999,4.4,102.9,13.2,60.0,3.82,93.8,0.0,58.63909774436089,0.1090542227517554,108.2233080361784,78.5,19.8,91.0,5.800000000000001,46.77,5.498950037332004,3.3,0,6.177373693379791,65.4,28.0,100.0,70.12,1.24,15.566,0.017,25.0,7,42.7,17.5,11.0,35.7,60.9,32.09,3.4,-4.3,153.8,8.0,31.83,0.0,8433.309,61.0,1.0,31.2,0.158,87.0,11.9,36.86
73,200040798,CC Val Vanoise,99.6685606060606,95.37409493161708,11.0,0.3497018331738202,8.139660103881374,254.0541675878841,3.0,23.5,16.400000000000002,79.2,17.9,-0.88,1.9,18.5,29.500000000000004,19.74,27.13,16.3,66.6,2.2,28.3,2.6,11.608623548922056,39.535576064304855,0.4113552613620854,4.4,5.34,7.74,57.8,11.5,44.5,3.82,96.6,0.0,38.919792053471966,0.1554079339673608,145.911679381111,89.4,25.8,91.0,3.5700000000000003,46.77,4.759311839058882,4.42,1,7.909877354358301,12.7,35.0,25.0,63.87,,8.436,0.109,21.07,5,39.7,14.6,5.4,50.1,70.4,41.79,3.7,-4.15,161.4,15.0,41.67,0.0,2866.66,58.0,0.0,40.7,0.112,101.0,11.9,39.93
73,200041010,CC Coeur de Savoie,100.0,88.27893175074183,37.0,1.1343037328904664,4.983149272532037,132.58035785499695,2.0,29.8,11.4,7.0,13.29,1.09,7.5,23.3,41.6,8.55,8.76,14.000000000000002,85.3,1.1,30.2,1.9,0.7676019057702488,35.63791055072242,5.586709197235513,3.6,0.9199999999999999,1.59,115.5,26.0,41.7,3.82,51.4,2.0,35.988031391085656,0.906197183370866,39.03499689376682,51.4,16.6,103.0,7.249999999999999,46.77,4.436245190659771,3.18,1,4.311352546302537,6.3,38.0,8.64864864864865,56.25,6.94,34.413,5.656,17.03,8,30.6,7.1,12.3,48.6,62.7,22.9,2.6,-3.56,75.5,11.46,24.32,1.588,4996.376,64.0,1.0,27.7,0.444,83.0,11.9,14.12
73,200068674,CA Grand Lac,99.57716701902748,96.98924731182797,41.0,0.0428247184274763,6.754755637973321,75.1657109509794,3.0,29.666666666666668,13.0,11.8,12.520000000000001,4.64,7.5,22.5,51.5,5.44,3.81,15.0,81.1,-0.5,34.86666666666667,2.3,5.585542711868652,45.99102333931778,4.389367816091955,3.6,0.49,2.63,127.0,27.3,58.1,3.82,41.1,0.0,34.56256463288521,1.2648969116537716,47.29389514534491,62.0,10.9,105.0,7.88,46.77,4.233702856389689,1.88,2,4.207960985896929,-6.9,20.0,8.771929824561402,26.68,7.48,23.473,1.028,19.39,6,39.5,9.3,12.1,42.2,62.3,23.43,3.2,-3.08,86.2,8.93,11.71,0.0,5549.019,63.0,1.0,27.9,0.679,105.0,11.9,14.06
73,200068997,CA Arlysère,97.92477302204928,95.16971279373368,26.0,0.0,6.984613520323981,96.1527762035073,3.0,24.75,14.4,30.2,19.259999999999998,1.18,6.8,21.2,43.3,8.0,5.96,16.6,83.0,-1.2,27.8,1.4,0.3072643767384694,37.15262830630889,2.851063829787234,3.3,0.67,3.4,90.8,26.2,65.1,3.82,79.8,1.0,14.965499646754065,0.4785686170373814,51.20377655389457,68.2,23.0,108.0,9.54,46.77,5.196150519538053,3.88,3,4.393817579208164,4.9,18.0,-4.6875,43.91,2.02,24.218,0.422,21.24,8,38.0,11.8,13.3,43.9,52.8,24.94,2.9,-7.359999999999999,93.3,10.03,12.0,0.323,4057.278,62.0,4.0,23.6,0.294,101.0,11.9,19.26
73,200069110,CA du Grand Chambéry,99.6078431372549,96.99346405228758,52.0,1.345860843067547,9.122098581930665,61.703917331005165,4.0,25.0,9.6,5.9,22.05,4.43,6.9,20.0,45.0,3.84,2.83,13.5,68.7,-2.0,33.95,2.5,2.955539332771048,45.34885042448488,4.096725592607473,4.9,0.7000000000000001,2.84,125.8,27.1,87.1,3.82,64.4,3.0,79.98036781697,0.8252667495019455,44.30214323052797,71.9,13.5,99.0,13.5,46.77,4.678087757742165,4.18,9,3.328907780447237,1.0,10.0,4.984423676012461,22.46,3.74,25.913,0.732,21.84,7,43.0,12.5,12.0,40.8,60.6,28.14,3.2,-4.55,115.1,11.66,14.92,0.071,4306.614,,0.0,29.3,0.415,89.0,11.9,17.68
73,200070340,CC Haute Maurienne Vanoise,100.0,94.6236559139785,11.0,1.1091085539997227,9.708385139530751,182.5312352663838,3.0,30.0,20.5,64.9,17.65,-0.14,6.1,23.6,40.2,15.33,28.43,18.0,70.3,0.4,38.6,1.1,5.0978067575577946,33.84641992390176,0.6309067688378033,4.7,20.89,4.74,68.8,16.8,14.4,3.82,96.6,0.0,44.377107791379615,0.0754194159746074,98.21736630247268,81.4,21.9,114.0,10.6,46.77,5.581648671096346,4.74,0,7.063023255813953,13.8,20.0,15.702479338842975,70.06,4.08,12.263,0.003,22.33,6,39.1,13.2,10.0,54.7,68.6,39.24,2.9,-1.95,114.7,39.3,39.3,0.0,5905.693,59.0,0.0,29.6,0.117,134.0,11.9,30.91
73,200070464,CC Coeur de Maurienne Arvan,100.0,92.11409395973156,11.0,0.0,,125.19036345912824,2.0,30.0,17.599999999999998,56.6,18.15,0.56,5.2,19.1,52.3,15.86,14.48,16.5,76.7,3.0,38.6,1.0,6.222905887288492,34.51345755693582,2.218444538886528,3.1,11.700000000000001,4.2,95.4,18.8,49.4,3.82,88.3,3.0,5.013793675364883,0.306371865737208,70.66135242856178,72.4,29.4,117.0,9.74,46.77,5.1976090977598135,2.8,3,3.678564088511338,60.6,36.0,-2.5974025974025974,69.8,0.58,25.413,0.016,21.32,8,40.4,13.1,10.3,56.2,61.4,34.4,3.0,-4.08,130.5,9.57,9.57,0.0,994.393,57.0,2.0,28.7,0.194,135.0,11.9,23.59
73,247300015,CC des Vallées d'Aigueblanche,100.0,95.97315436241612,16.0,0.0,3.6355849535736944,120.56247370635256,2.0,24.0,14.3,53.9,12.620000000000001,-2.06,5.0,18.1,30.500000000000004,19.03,14.94,19.9,86.4,3.1,28.3,0.8999999999999999,4.668269910878484,35.46276698095055,5.143758765778402,3.1,3.45,4.24,100.0,25.2,75.2,3.82,87.3,0.0,25.97548886104908,0.2834312540543841,58.89672335130651,67.0,25.6,99.0,3.5999999999999996,46.77,4.987352836599241,2.83,0,3.8115320796460175,55.6,39.0,-18.6046511627907,59.1,5.82,16.393,0.021,20.0,7,37.4,10.4,10.4,35.6,37.4,25.32,2.7,-5.66,79.0,7.67,27.0,0.0,3804.784,54.0,0.0,18.2,0.125,109.0,11.9,26.8
73,247300254,CC de Haute-Tarentaise,100.0,97.95918367346938,14.0,0.9439899307740718,40.71109783398959,237.4443729075457,6.0,11.5,13.0,76.0,20.21,3.81,1.4,18.7,33.3,16.69,25.99,17.7,56.0,2.9,28.3,1.6,3.2139872726104004,37.50750150030006,8.37123327235968,3.7,31.66,5.79,81.1,23.2,44.1,3.82,93.9,0.0,24.388189453348836,0.1704933766650282,111.57946937763452,85.3,19.0,82.0,4.63,46.77,5.091519290392414,5.14,1,6.803711313728008,12.5,16.0,-70.29702970297029,69.9,0.17,19.164,0.004,20.8,5,40.9,15.5,6.4,58.9,67.9,34.84,3.5,-3.2,129.5,13.0,13.0,0.0,2961.195,61.0,0.0,37.5,0.097,82.0,11.9,40.14
73,247300262,CC de Yenne,100.0,97.77777777777776,50.0,0.0,0.9730442121664612,109.6222885032538,2.0,36.0,15.2,10.1,8.23,11.76,9.0,29.2,28.6,27.15,19.55,14.7,86.0,0.4,33.45,1.6,0.8090614886731392,35.43214704732108,9.946145124716551,2.0,2.7199999999999998,2.7,89.6,15.0,22.6,3.82,46.6,0.0,13.4870556567176,0.5077573742037698,44.99004644990046,65.4,18.1,111.0,9.049999999999999,46.77,4.685191227653852,2.7,0,3.4166666666666665,1.1,64.0,-15.441176470588236,93.46,6.3,37.229,2.157,20.31,3,32.3,8.5,10.1,52.9,53.4,28.59,2.7,-5.609999999999999,46.8,7.23,16.62,0.0,2400.796,57.0,0.0,23.5,0.456,89.0,11.9,12.57
73,247300361,CC du Canton de La Chambre,97.41935483870968,92.0245398773006,16.0,0.0,6.215412344135349,148.21967345837268,3.0,30.0,15.1,49.1,9.43,0.0,6.4,22.4,34.099999999999994,11.02,18.11,18.6,81.4,-5.8,38.6,0.6,3.248071457572067,33.54510800508259,1.3490378234903784,3.3,1.8399999999999999,4.06,70.3,17.6,34.9,3.82,90.8,2.0,2.702765732609409,0.1877601405509229,54.84170088753477,70.6,33.6,115.0,15.36,46.77,5.304403395389216,4.06,0,4.91681296421337,7.0,35.0,-19.642857142857142,70.34,3.71,22.509,0.015,24.61,8,35.3,8.5,9.4,61.3,72.0,33.29,2.6,-4.4799999999999995,67.3,16.17,16.17,0.0,1514.108,62.0,2.0,25.0,0.189,110.0,11.9,18.24
73,247300452,CC Maurienne Galibier,100.0,98.3739837398374,11.0,0.5085176709890669,3.8763328361276983,179.59182169828696,2.0,30.0,22.2,67.7,13.81,0.0,4.6,19.9,37.6,19.52,30.64,17.8,66.8,-3.0,38.6,0.8999999999999999,3.148731246527135,35.96541786743516,2.716200863440128,3.2,11.3,3.7,69.6,14.1,24.1,3.82,95.6,0.0,11.724444717143207,0.1350061928510401,79.18710581639803,87.4,26.6,112.0,8.98,46.77,5.751981566820277,3.7,0,7.881658986175116,65.8,25.0,-31.03448275862069,69.86,41.81,7.932,0.02,19.59,6,37.3,9.5,8.1,63.3,74.2,42.23,2.6,-0.1,99.8,19.33,19.33,0.0,3388.227,58.0,0.0,38.0,0.117,125.0,11.9,31.74
73,247300528,CC Val Guiers,100.0,97.68339768339769,50.0,1.9085625054220527,2.978713677251722,32.56414819608477,2.0,35.0,16.900000000000002,6.5,11.66,3.1,8.5,26.200000000000003,35.7,10.62,6.25,17.5,89.0,1.3,33.3,1.5,0.8004482510205714,32.7488820899035,1.4446524064171122,2.4,0.38,4.0,122.5,22.9,24.1,3.82,24.7,0.0,6.421921238333712,1.256449982871061,47.566632596902274,56.0,30.9,111.0,4.2299999999999995,46.77,5.1412710075458055,2.4,0,3.823087598987673,-0.1,61.0,-49.41176470588236,79.35,9.62,51.472,0.756,15.81,5,33.9,10.2,11.7,42.0,54.8,21.77,2.7,-6.45,78.4,7.55,7.91,0.8,2599.261,62.0,0.0,22.0,0.776,92.0,11.9,15.35
73,247300668,CC du Lac d'Aiguebelette (CCLA),100.0,97.6878612716763,50.0,1.8008957702337658,2.9086712646179937,179.60979133226326,2.0,37.0,12.0,18.0,4.18,10.2,6.6,27.1,22.1,14.11,29.53,12.6,83.8,1.7,30.2,2.0,2.376425855513308,36.90837024947541,7.212403100775194,2.0,1.4200000000000002,1.58,61.3,21.7,30.2,3.82,40.3,0.0,34.85568326947637,0.660211645257656,47.33910891089109,72.9,23.3,110.0,10.38,46.77,3.725865818972729,6.34,0,4.283921699849423,-5.6,40.0,-4.444444444444445,79.49,13.79,31.404,0.244,22.69,3,27.3,6.6,10.0,60.3,64.2,32.79,2.6,-3.3300000000000005,43.2,14.0,15.5,0.0,3598.391,62.0,0.0,30.2,0.593,80.0,11.9,11.46
73,247300676,CC Porte de Maurienne,97.47235387045814,93.87430389817024,24.0,2.8397284942512817,15.651413228436416,149.98743395687563,2.0,29.666666666666668,17.9,16.9,11.57,0.0,9.0,30.9,28.4,23.85,30.48,19.1,84.7,-2.9,33.45,0.8999999999999999,0.8445945945945945,29.292035398230084,2.84971098265896,1.6,3.25,2.82,58.2,18.6,14.2,3.82,82.7,0.0,29.106776418758333,0.2743032757371908,36.89320388349515,71.6,15.6,93.0,8.73,46.77,5.892424716057102,1.41,0,4.5762217359591535,11.6,63.0,-19.35483870967742,64.06,0.6,9.731,0.439,22.34,8,34.7,9.1,27.5,50.5,57.7,22.1,2.5,10.14,56.2,29.91,29.64,1.408,2608.877,56.0,1.0,17.3,0.217,88.0,11.9,15.43
73,247300817,CC Les Versants d'Aime,99.00497512437812,93.56435643564356,16.0,1.0189228529839884,6.203810908698445,195.39599049292136,2.0,23.0,14.6,74.2,12.590000000000002,0.0,2.1,11.6,25.3,24.9,24.08,16.900000000000002,75.9,-1.9,28.3,1.1,0.3100134339154696,36.93420101229212,4.373377067104005,2.9,7.9799999999999995,4.13,80.2,27.6,36.1,3.82,87.8,0.0,29.4209692279344,0.305970956252974,88.71454435727217,85.8,25.2,94.0,9.32,46.77,4.4871495154250205,2.07,0,5.067426204039358,-6.1,21.0,9.859154929577464,69.85,,25.059,0.042,20.63,7,35.8,11.3,7.0,53.0,66.2,36.06,2.9,-3.18,98.1,12.25,12.25,0.0,4653.993,56.0,0.0,40.0,0.192,90.0,11.9,35.94
74,200000172,CC Faucigny - Glières,100.0,97.79735682819384,35.0,1.8318068276436303,3.8763868587132575,92.8311122316669,4.0,19.0,11.0,8.6,16.49,11.97,8.6,23.4,45.9,5.79,2.92,13.4,85.7,0.6,25.5,1.9,0.4583436166837076,43.23148374480567,2.620224146714213,3.0,0.16999999999999998,2.12,82.7,32.2,48.3,2.68,71.7,0.0,24.51676162713661,0.9023477601667528,35.74852759895904,57.2,31.9,84.0,6.5,48.37,4.90016332391788,2.12,0,4.329025369122575,-4.9,24.0,-31.521739130434785,26.42,0.85,22.152,0.299,20.77,6,32.5,8.9,15.0,42.1,50.8,22.07,3.5,-4.279999999999999,98.7,4.14,13.71,0.0,5855.362,64.0,0.0,29.0,0.439,64.0,11.2,14.55
74,200011773,CA Annemasse-Les Voirons-Agglomération,100.0,99.07407407407408,32.0,2.337303933992284,7.33511718196161,58.9647066379781,8.0,17.0,11.4,6.1,19.85,12.78,9.4,16.7,58.3,1.89,0.5,14.2,57.9,-6.8,29.6,2.3,1.5553570490252746,47.5996913754493,2.8730049712192565,2.6,0.01,2.63,61.3,26.5,58.9,2.68,29.7,1.0,8.232638888888888,2.7752257893531898,35.69318782451886,73.8,15.7,79.0,8.9,48.37,5.46827307046582,2.42,3,2.8617068366421,8.2,6.0,15.730337078651685,4.43,8.81,25.359,1.04,18.25,4,41.1,17.0,17.5,29.1,37.9,16.15,6.2,-9.62,64.1,2.5,5.58,0.0,2001.679,,0.0,17.9,0.923,61.0,11.2,14.54
74,200023372,CC de la Vallée de Chamonix-Mont-Blanc,100.0,100.0,21.0,1.5423698058428597,5.659364881693649,218.23224084235505,4.0,21.0,17.0,65.8,14.030000000000001,0.78,1.8,16.0,48.5,9.42,19.29,14.9,59.3,-0.5,27.3,2.6,13.445744603532232,46.200020347949945,1.787179487179487,5.2,0.27999999999999997,5.09,75.7,23.4,73.1,2.68,94.6,0.0,25.97486273164036,0.254906227671512,95.43247237666267,83.5,18.5,91.0,6.94,48.37,4.694995025637101,0.73,0,3.548404377439351,-25.2,25.0,25.0,14.71,22.87,3.462,0.047,23.94,6,39.8,14.9,9.2,47.9,82.3,39.61,4.3,-4.2700000000000005,114.3,9.5,25.75,0.0,3311.985,62.0,0.0,64.6,0.12,99.0,11.2,25.72
74,200033116,CC Cluses-Arve et Montagnes,100.0,95.97315436241612,27.0,2.830188679245283,6.436965962618503,80.55913036042584,6.0,25.0,13.900000000000002,25.9,18.54,9.86,7.0,28.8,53.1,6.27,3.91,14.6,83.6,-0.5,21.4,1.7000000000000002,2.126121529106604,39.7627924916431,2.375442739079103,2.8,0.61,3.4,80.5,30.8,41.2,2.68,78.8,1.0,19.63912335258404,0.786764181405379,43.44017851556798,45.8,35.8,91.0,8.200000000000001,48.37,5.254144695440835,2.13,2,4.766095957294447,-8.1,6.0,-66.66666666666666,12.56,,8.702,0.159,23.88,5,34.9,12.1,15.2,42.2,49.5,18.69,3.3,-8.84,99.2,6.6,20.0,0.0,2961.773,61.0,0.0,26.0,0.361,64.0,11.2,18.49
74,200034098,CC des Montagnes du Giffre,99.87893462469734,95.15738498789348,26.0,1.8892480792644528,4.29144654696734,128.67750185628248,2.0,30.5,14.4,61.7,5.489999999999999,-0.66,4.6,25.6,35.2,15.33,17.25,15.2,85.0,1.3,21.4,1.7000000000000002,6.921555702043507,39.22768751391053,1.4048447204968946,4.5,0.06999999999999999,3.3,96.3,16.1,39.3,2.68,86.8,0.0,44.28236839850333,0.4424976766951126,69.17885264341957,82.5,19.3,98.0,11.42,48.37,4.55363466312161,3.3,1,6.757720497405913,2.9,23.0,-36.84210526315789,70.47,4.21,17.117,0.053,25.9,5,33.7,9.0,6.8,58.9,74.0,34.69,3.3,-5.050000000000001,62.9,7.75,29.13,0.0,1152.177,59.0,0.0,38.1,0.206,91.0,11.2,21.48
74,200034882,CC Pays du Mont-Blanc,98.7012987012987,95.57291666666666,25.0,1.237907477878135,8.779221765190256,123.26038402118738,3.0,22.0,14.499999999999998,52.5,10.17,7.94,3.4,21.7,46.7,7.23,4.67,16.400000000000002,79.4,-0.6,27.3,2.0,3.092049650754104,46.4278130024573,1.891704750034621,4.3,0.08,3.78,85.6,29.0,70.1,2.68,80.7,0.0,29.102789137527,0.6439878753831654,69.64058558461439,77.6,14.000000000000002,100.0,8.459999999999999,48.37,4.385504225100889,1.33,2,5.692292256582908,9.7,25.0,-13.011152416356875,38.31,0.05,21.195,0.064,20.41,6,40.4,9.3,8.6,47.3,65.2,28.18,3.1,-3.53,94.4,5.4,9.2,0.0,3429.206,60.0,0.0,34.1,0.253,107.0,11.2,19.91
74,200066793,CA du Grand Annecy,99.86702127659576,98.2620320855615,54.0,2.035830618892508,4.392325944482177,85.83639145910855,4.0,29.5,10.3,8.0,16.54,11.62,6.5,17.4,51.9,3.72,3.07,13.8,72.3,-4.0,37.7,2.7,2.3620295466702013,49.01252358178617,3.880914447563412,4.4,0.33999999999999997,2.79,79.3,27.6,85.3,2.68,45.6,3.0,35.78461452638626,1.434751588289646,47.335612677583526,64.5,10.9,93.0,11.15,48.37,3.9597193465629625,2.6,12,3.1839321910782385,-2.2,13.0,-5.349794238683128,18.52,7.48,28.447,0.262,18.85,7,40.0,8.3,10.8,36.2,64.3,20.62,3.9,-4.9799999999999995,104.7,8.65,12.79,0.0,6871.9,,1.0,31.3,0.63,86.0,11.2,14.68
74,200067551,CA Thonon Agglomération,100.0,99.73614775725594,26.0,0.9110839051333884,5.306484445013442,76.23764784024682,4.0,28.0,10.8,9.3,14.56,18.8,8.5,19.3,54.400000000000006,4.75,3.1,13.2,73.0,-3.1,28.200000000000003,2.2,2.9618542683376727,49.4127330863963,1.815050633678977,2.3,0.0,2.42,91.0,25.1,49.1,2.68,36.8,1.0,100.03620212855108,2.0311140726495585,38.36130082305799,76.3,12.3,92.0,12.139999999999999,48.37,4.855908289241623,2.11,3,5.020779074355939,-4.6,15.0,9.124087591240876,21.37,7.78,32.154,1.01,17.69,5,37.7,10.1,14.1,40.3,52.4,21.46,4.7,-6.78,62.1,5.44,12.2,0.0,1569.476,64.0,0.0,26.5,0.429,74.0,11.2,12.19
74,200070852,CC Usses et Rhône,100.0,93.84615384615384,44.0,2.586396654193264,2.771386666423739,84.05604914933838,2.0,27.0,13.6,9.1,6.61,5.71,8.2,25.6,31.2,22.55,20.85,14.7,86.5,-0.2,33.650000000000006,1.7999999999999998,1.5832363213038416,36.92043124545275,1.2909026170553677,1.6,0.0,1.4,72.2,18.7,22.2,2.68,44.8,3.0,12.387522385877707,0.8521617103518998,33.14363760528113,70.2,14.7,92.0,12.76,48.37,4.721815221815223,2.33,1,3.916123424598001,-2.4,65.0,-30.069930069930063,90.7,4.55,40.163,0.965,16.38,6,28.5,6.4,9.9,54.6,61.4,23.84,3.8,-7.180000000000001,38.8,13.77,25.0,0.0,1302.071,64.0,0.0,23.8,0.449,60.0,11.2,12.09
74,200071967,CC Pays d'Evian Vallée d'Abondance,100.0,96.85658153241651,28.0,0.6255212677231026,9.98985506181205,105.32980222671114,3.0,23.0,12.3,39.9,13.54,22.99,6.0,18.7,50.5,8.4,12.73,15.2,75.5,-2.6,26.8,1.7000000000000002,3.420275018032062,44.35119431891543,0.7243870545930042,3.4,2.69,3.02,90.2,16.5,78.9,2.68,69.7,0.0,99.9899620858972,0.972240155187444,44.48979591836735,71.7,12.9,92.0,8.540000000000001,48.37,4.340754096539081,4.19,1,3.5421841958143943,6.7,23.0,-37.95918367346939,37.56,4.52,28.902,0.219,22.22,6,34.4,8.1,11.7,46.7,53.7,25.31,3.8,-7.32,62.0,13.45,18.23,0.0,3979.819,64.0,0.0,27.6,0.368,76.0,11.2,14.77
74,247400047,CC de la Vallée Verte,,,37.0,,,75.81622796425984,2.0,17.0,11.3,23.9,4.96,-0.57,7.6,19.8,36.8,17.71,26.21,15.1,87.4,-0.8,29.6,2.2,2.136752136752137,40.96886965207258,0.3788585387519431,2.2,0.24,1.19,50.3,13.4,24.2,2.68,57.4,0.0,5.47240506329114,0.8858858676379447,32.781188462875015,73.3,13.2,88.0,20.78,48.37,4.408605841238143,1.19,0,4.0039940089865205,4.4,34.0,39.70588235294117,70.93,6.0,34.015,0.065,23.24,3,29.9,6.3,6.9,54.4,50.1,26.71,3.6,-5.13,30.6,11.25,17.0,0.0,330.129,62.0,0.0,30.6,0.55,60.0,11.2,11.4
74,247400112,CC du Pays de Cruseilles,100.0,89.75903614457832,48.0,2.991256327657616,2.7455713614541115,81.767993782879,2.0,34.0,7.399999999999999,5.9,9.3,42.38,6.0,15.6,44.7,18.53,10.81,14.000000000000002,86.5,-1.1,33.650000000000006,3.3000000000000003,3.486750348675035,46.78848283499446,1.9222818525144107,3.2,1.04,0.58,50.7,26.6,49.2,2.68,34.0,0.0,12.720438393698087,1.3124366526109332,29.5477613623548,52.5,17.7,79.0,12.9,48.37,3.937515703517588,0.58,0,3.766645728643216,0.8,50.0,13.750000000000002,76.65,6.01,53.34,1.762,18.42,5,29.3,5.3,8.9,53.0,66.3,23.25,4.4,-6.76,44.6,6.08,15.77,0.0,3891.959,63.0,0.0,32.8,0.718,45.0,11.2,10.24
74,247400567,CC Fier et Usses,97.71428571428572,97.14285714285714,50.0,0.6128201985537444,2.830995517959725,65.45004703668862,3.0,19.0,8.3,2.1,12.13,24.76,6.2,13.8,42.3,9.12,3.3,11.5,89.8,-2.4,37.7,2.1,1.7843957666748709,45.421149304644445,1.4392318911035489,3.0,0.0,1.23,78.0,20.7,48.5,2.68,26.9,0.0,9.662916358253144,1.7360713599789703,38.19860877908371,69.4,14.6,89.0,10.07,48.37,3.5709351018299893,0.62,0,2.7546487603305785,5.7,37.0,95.1219512195122,54.19,3.45,51.299,0.633,14.42,5,26.1,5.3,9.9,39.8,68.3,20.74,3.3,-4.9799999999999995,43.1,5.0,9.71,0.0,1709.643,67.0,0.0,30.9,0.582,60.0,11.2,10.88
74,247400583,CC Arve et Salève,,,34.0,,,144.16475039308176,3.0,24.666666666666668,10.9,6.2,8.75,29.21,7.4,16.3,44.5,13.78,6.69,13.900000000000002,82.1,-3.3,29.6,2.2,0.1957234427753584,47.40745781164943,1.0539306104523496,2.1,3.74,1.96,55.4,24.1,41.2,2.68,31.1,0.0,15.99060606060606,1.5818753934562713,28.28969412665741,73.5,14.000000000000002,86.0,19.71,48.37,4.188599259748085,0.49,0,4.33204458726652,-2.8,38.0,-32.58426966292135,52.46,13.44,55.745,0.38,16.96,5,31.2,7.3,11.5,46.3,48.1,21.38,4.7,-6.550000000000001,37.0,5.75,8.5,0.0,1907.52,64.0,0.0,23.4,0.388,64.0,11.2,10.83
74,247400617,CC des Vallées de Thônes,100.0,97.9933110367893,38.0,3.5502150611046632,3.853881278538813,112.241329402305,3.0,25.0,17.1,58.8,5.76,4.14,3.1,22.8,39.3,19.74,14.43,15.7,83.1,0.7,37.7,1.7000000000000002,11.261141057800074,39.28678229665072,2.991941260744986,4.4,2.62,3.2,72.5,19.3,61.0,2.68,81.6,0.0,23.323136962323165,0.4512546566629873,66.33970056788849,66.3,12.9,95.0,11.68,48.37,4.33304640199658,1.07,0,6.718915129947159,-2.2,45.0,-31.32530120481928,70.27,4.06,28.172,0.024,23.65,5,34.5,7.2,5.5,48.7,80.9,36.72,3.0,-3.94,89.6,8.0,25.67,0.0,1377.388,62.0,0.0,40.1,0.362,81.0,11.2,20.29
74,247400666,CC des Quatre Rivières,,,37.0,,,93.20144029813164,3.0,23.5,12.1,14.3,6.47,6.87,7.9,24.1,35.7,9.15,14.19,14.2,89.9,0.0,25.5,2.1,0.648508430609598,43.16586755611145,0.3065795206971677,3.0,1.6099999999999999,1.5,68.0,22.4,43.7,2.68,57.2,0.0,2.2525215069712257,0.9480361198895392,34.21257543313218,65.7,24.0,90.0,9.11,48.37,4.369281226087468,1.5,0,2.903996703749485,3.4,36.0,-40.0,47.27,12.76,26.669,0.098,21.79,6,28.8,5.9,10.1,42.9,61.8,22.95,4.0,-7.24,42.4,7.18,9.09,0.0,1865.875,66.0,0.0,27.4,0.6,63.0,11.2,11.11
74,247400682,CC du Haut Chablais,100.0,93.67088607594935,30.0,0.8181632235631009,11.730428361624597,213.06782689767692,3.0,25.5,15.4,72.0,6.3100000000000005,7.65,3.0,12.8,41.0,22.45,35.0,15.3,78.2,2.2,26.8,2.1,4.819651741293532,40.346643264589744,0.1385421482508861,3.6,5.26,4.66,95.8,20.2,26.5,2.68,83.8,0.0,100.08100051840331,0.3900770435914199,98.99328859060402,84.8,25.7,92.0,6.2700000000000005,48.37,4.3362962714966455,1.55,0,5.226466682290446,23.3,36.0,-72.22222222222221,70.34,7.3,15.734,0.03,25.83,5,33.3,12.4,6.2,64.7,68.3,40.73,3.7,-3.9,92.0,18.27,23.2,0.0,657.413,61.0,0.0,34.4,0.268,90.0,11.2,27.21
74,247400690,CC du Genevois,100.0,99.0,35.0,1.42299747532706,4.28138983247838,79.03523035230353,4.0,23.0,8.799999999999999,8.1,13.25,11.92,9.1,15.3,50.5,4.45,8.52,13.1,71.5,-4.4,29.6,2.7,0.6935237123916369,50.54478473978334,1.795747647263855,2.0,0.06999999999999999,1.84,46.2,23.6,44.4,2.68,27.3,0.0,15.760421499105313,1.693698012813246,27.841901358973843,70.9,9.0,75.0,8.59,48.37,4.436821098100663,0.82,1,4.1659432104516485,0.0,24.0,27.857142857142858,37.53,4.65,47.971,1.223,12.72,5,37.5,9.7,14.1,43.7,40.1,16.52,6.3,-8.67,43.5,4.12,9.59,0.0,4398.499,66.0,0.0,22.3,0.497,49.0,11.2,10.83
74,247400724,CC du Pays Rochois,100.0,100.0,31.0,0.0690178756297881,3.0998587499970225,60.41144545204727,3.0,23.0,8.200000000000001,3.2,11.899999999999999,9.74,9.2,15.3,52.400000000000006,9.76,3.46,13.2,83.5,-3.1,29.6,2.2,0.1015950421619424,44.03394439495523,2.275615901455767,2.2,1.26,2.03,61.9,26.2,41.2,2.68,26.2,0.0,2.1925207756232687,1.62002841777877,33.52029033322336,63.2,24.0,81.0,9.8,48.37,4.279643010007542,2.03,1,3.950813240119846,4.3,26.0,-26.85185185185185,35.66,8.33,46.56,0.148,16.22,5,33.7,7.6,11.6,36.9,49.2,21.57,4.1,-5.21,63.5,4.0,14.44,0.0,4722.204,66.0,1.0,34.0,0.404,56.0,11.2,11.47
74,247400740,CC Rumilly Terre de Savoie,99.29328621908128,93.86281588447652,57.0,0.1155535012710885,5.203578970166225,42.407709459665845,4.0,23.5,8.1,2.7,11.77,6.04,5.6,18.2,46.2,12.22,4.04,11.7,85.4,-0.1,37.7,1.7999999999999998,1.9880715705765408,39.54812390729367,1.6032505506189716,2.4,0.29,1.81,93.2,20.2,48.1,2.68,27.2,1.0,0.5704175927009006,1.3044102344742563,34.94718309859155,54.6,37.4,92.0,6.76,48.37,4.355069768285824,0.6,1,4.658198907659088,-7.6,40.0,-25.43554006968641,73.92,12.65,57.122,0.954,15.07,5,30.3,7.1,11.4,40.1,60.7,17.59,2.7,-7.42,64.4,6.47,18.35,0.0,1454.519,63.0,0.0,30.8,0.488,61.0,11.2,12.89
74,247400773,CC des Sources du Lac d'Annecy,100.0,99.0,38.0,0.3383713061132416,8.673995470023327,102.39920146616048,2.0,31.0,15.4,14.3,13.850000000000001,10.34,7.5,21.5,31.4,4.65,5.15,16.2,81.2,-3.7,37.7,1.5,2.1515191028817315,39.533125413477,4.338766692851532,3.4,0.0,1.96,68.5,18.5,49.8,2.68,75.1,0.0,77.08527386028207,0.5135362998309437,45.26094971711906,65.8,9.2,111.0,10.059999999999999,48.37,5.114472246297622,2.61,0,4.302888419941968,-9.1,24.0,0.0,34.16,18.26,14.617,0.125,22.53,4,35.1,9.2,12.8,48.1,63.8,26.86,2.8,-4.71,80.1,5.43,21.57,0.0,1771.025,61.0,0.0,27.5,0.359,116.0,11.2,15.24
75,200054781,Métropole du Grand Paris,99.92796363212496,99.99953680758524,7.0,3.923256201665776,40.12398507091275,57.13415564428114,,20.0,7.6,,27.85,4.13,,25.2,45.3,0.57,0.02,6.3,,,19.25,3.5000000000000004,0.7958596746068061,53.12134877104288,,3.2,0.0,1.77,89.0,16.4,86.2,5.67,,20.0,1.7426092505553037,0.8805112452509237,43.56495131724111,,10.3,79.0,8.49,29.35,4.926426936383414,1.22,76,2.2939763934700625,,0.0,-34.83547925608011,0.04,41.56,2.168,22.984,5.78,7,,,,,60.2,28.22,5.1,-4.9,,0.32,2.83,0.001,1527.575,,,,2.256,,8.9,14.95
75,75056,Paris,99.93757802746566,100.0,0.0,0.4413851085071725,28.42188576463991,0.0059687470553571,14.0,11.0,,9.8,21.560000000000002,5.02,9.8,,,1.44,0.05,,9.0,-2.6,16.8,,,,,,0.0,0.0,,,,,0.0,0.0,0.0,0.000221945153312,,63.4,,,10.95,29.35,,0.75,51,,,0.0,,0.0,,0.01,13160.452,,4,53.1,16.0,10.0,42.3,,46.87,,-3.61,177.8,0.0,1.15,,,,0.0,14.4,0.21,95.0,,16.8
76,200010700,CA Caux Seine Agglo,86.91983122362869,99.61389961389962,10.0,0.0,1.6824093078808486,160.52762827412988,2.0,32.0,16.6,1.6,18.92,0.84,6.4,28.1,47.0,9.39,4.24,14.8,87.7,1.5,31.7,1.2,2.8344962035706955,32.186732186732186,1.5893178104575163,2.6,1.16,1.92,150.5,14.3,29.9,4.0,24.5,21.0,47.94438073394496,1.1991321282071334,28.943122226704315,55.8,26.9,105.0,7.55,49.34,5.335488165843246,2.57,3,5.601260622865799,-2.3,48.0,-11.73076923076923,64.3,2.78,55.999,2.448,9.88,5,30.4,12.2,17.7,47.1,65.5,17.03,2.8,-9.71,81.5,7.86,12.74,1.667,2593.788,61.0,16.0,18.2,0.726,76.0,13.7,16.35
76,200023414,Métropole Rouen Normandie,91.65170556552962,100.0,7.0,2.734234319616354,4.912602643419112,54.501455075669966,3.0,31.0,16.2,1.8,32.56,1.83,7.7,22.0,54.2,1.92,1.72,15.1,67.0,-3.0,27.9,2.3,2.047121746823965,49.03168984033891,2.9534037208906296,4.1,1.15,2.94,122.6,24.6,64.2,4.0,33.9,19.0,30.956074062923378,1.5115846135626692,33.03234092511829,68.7,15.3,98.0,10.95,49.34,5.752791826940228,1.5,26,3.5127077610831288,-6.9,6.0,10.106382978723405,11.07,5.02,23.684,3.397,11.19,5,44.4,18.2,15.3,38.6,63.5,25.64,3.5,-4.34,118.0,3.62,10.89,0.14,3991.872,,26.0,19.5,1.009,80.0,13.7,18.42
76,200068534,CC Terroir de Caux,71.81271434961975,100.0,0.0,2.1675535096083194,3.0205996388091205,86.35700129482335,1.0,34.0,15.5,7.2,8.38,-1.71,6.2,31.1,31.0,14.09,16.85,13.3,88.0,2.1,30.05,1.1,3.998622990758149,29.652270562083203,1.4076714188730484,3.3,0.03,2.12,108.7,18.4,26.7,4.0,8.7,0.0,0.1993845652218214,1.2638614944739743,33.6906584992343,56.1,23.0,106.0,9.28,49.34,4.591813575424892,1.85,0,5.18742742531405,0.4,64.0,-19.047619047619047,93.48,2.89,76.373,3.909,9.08,4,27.0,9.2,13.9,54.2,67.5,21.69,2.5,-6.2700000000000005,53.5,15.24,22.97,1.059,1003.712,60.0,0.0,19.4,1.048,81.0,13.7,13.34
76,200069722,CC Interrégionale Aumale - Blangy-sur-Bresle,81.9620253164557,99.4330262225372,14.0,1.3492760956210663,1.802164710242196,105.54930767425488,1.0,33.714285714285715,22.1,5.3,9.08,-7.03,9.4,32.9,39.4,24.0,22.46,18.5,85.6,2.9,31.825000000000003,0.7000000000000001,3.4833364714742987,23.63739860537925,0.0722460658082975,2.8,0.7000000000000001,2.35,111.2,21.1,23.9,4.0,21.0,1.0,2.579761188901297,0.4396312564865618,36.165779115536,38.1,22.9,113.0,8.58,49.34,6.257408452574615,1.88,0,7.127167092726005,-1.0,67.0,-0.208768267223382,95.77,1.46,59.139,2.297,8.77,5,32.2,14.9,16.8,59.8,51.6,29.14,2.7,-7.960000000000001,101.2,8.91,35.41,0.0,227.831,57.0,1.0,15.3,0.396,108.0,13.7,18.0
76,200069730,CC des Quatre Rivières en Bray,95.48238897396632,100.0,1.0,4.5783113720102415,1.883742610975628,128.63407279029462,2.0,33.2,23.200000000000003,6.7,13.15,-3.04,9.6,28.6,40.6,20.23,19.05,18.3,82.8,0.7,33.9,1.0,0.8032970103380833,28.27259715952879,2.1063976872800403,2.9,2.12,2.79,99.4,17.7,28.1,4.0,17.2,0.0,6.339396613715108,0.7724127475493602,39.093387866394,59.1,25.5,121.0,10.34,49.34,6.478783917983468,1.05,2,6.054215225243645,-3.8,56.0,-24.64,93.55,8.73,63.631,1.516,10.42,5,35.6,14.6,18.1,52.2,58.1,23.89,2.7,-5.72,83.3,9.52,35.98,0.699,1435.924,59.0,0.0,14.5,0.399,116.0,13.7,14.93
76,200069821,CA Fécamp Caux Littoral Agglomération,77.53968253968254,100.0,0.0,3.663808376443909,2.9142662809165865,241.1915065775736,2.0,33.666666666666664,20.0,10.5,17.73,2.25,7.4,30.0,46.9,5.04,1.62,14.4,81.4,0.7,32.2,1.2,3.0396729731146164,35.10435610981207,2.148670645686381,2.2,0.0,2.88,191.9,21.7,52.9,4.0,11.4,0.0,2.323960528836942,1.0880349667488995,35.275363809327914,74.4,14.8,117.0,8.709999999999999,49.34,5.923284190436739,1.31,4,3.526745028997514,-8.4,33.0,-3.643724696356275,50.55,2.1,62.394,3.498,9.55,5,36.8,13.8,20.1,46.7,61.2,23.92,2.8,-6.370000000000001,85.0,9.3,9.3,0.786,746.902,60.0,0.0,18.3,1.024,106.0,13.7,15.34
76,200069839,CC de la Côte d'Albâtre,75.6238291494942,100.0,0.0,0.7408217477043345,2.623746469821506,97.82088365030008,1.0,35.142857142857146,20.3,24.3,15.58,0.37,7.1,29.5,34.3,14.44,10.06,15.2,85.7,2.8,32.03333333333334,1.7000000000000002,1.7078488372093024,31.49081450170704,2.1332764990053987,2.6,0.0,2.54,109.0,15.9,22.3,4.0,5.4,0.0,0.888567330840547,1.0389278008869745,36.93565588339851,51.8,14.2,117.0,10.879999999999999,49.34,5.205646591382208,1.09,0,5.5738135501745045,3.2,57.0,-10.515021459227468,94.02,1.12,82.1,4.223,9.18,5,31.8,12.3,16.3,59.8,51.5,27.47,2.9,-9.42,95.1,12.73,24.6,0.0,1501.244,56.0,0.0,19.7,0.969,100.0,13.7,14.79
76,200069847,CC Plateau de Caux,68.59099804305285,100.0,8.0,4.787995869833128,2.157760905852192,107.11296087283672,1.0,36.6,15.6,4.8,9.42,3.81,5.3,26.700000000000003,33.4,11.83,9.22,13.7,88.5,3.5,30.6,1.3,0.5160927090175472,28.03073420603301,0.5186351706036746,3.0,0.13,1.88,88.6,15.0,24.7,4.0,4.4,0.0,0.0,1.1990284396794206,31.004528232141208,62.5,14.499999999999998,102.0,20.45,49.34,4.915818634486792,0.94,1,4.941431360411409,-1.0,66.0,-24.78386167146974,92.73,0.94,76.128,4.234,9.01,5,26.4,9.3,15.8,54.5,77.5,20.22,2.6,-7.35,46.8,13.55,33.75,0.0,637.649,61.0,1.0,19.9,1.028,70.0,13.7,14.21
76,200070068,CC Bray-Eawy,83.48134991119005,100.0,0.0,2.876942461150777,1.8062417528674728,85.75493770281639,2.0,32.666666666666664,21.1,4.4,11.01,-0.17,7.8,30.3,31.3,24.26,15.45,16.900000000000002,85.0,0.8,28.433333333333334,0.8999999999999999,1.4870187283980387,26.88618730527216,3.282374768089054,4.2,0.0,1.61,88.5,23.3,31.3,4.0,19.4,0.0,1.6348782179429644,0.55351977213543,39.00502160457784,67.3,15.1,113.0,9.06,49.34,5.460487864505454,2.41,3,5.7353842480200585,1.0,63.0,8.715596330275229,91.91,1.75,66.853,2.643,9.72,4,31.2,13.0,15.4,56.2,74.2,23.95,2.6,-5.84,71.1,11.85,39.33,1.608,1185.722,60.0,0.0,18.1,0.436,92.0,13.7,14.61
76,200070449,CC Inter-Caux-Vexin,77.31987664704234,98.69203329369796,4.0,1.0192735359525575,0.4052967579646798,126.71222363678746,1.0,32.0,10.8,1.5,5.050000000000001,5.42,4.9,25.6,37.7,8.15,7.18,10.4,89.3,1.0,27.9,1.7999999999999998,2.126975048259098,38.474000522602566,0.077717879604672,3.8,0.09,1.97,98.4,21.2,32.7,4.0,14.5,0.0,0.1102741734476944,1.4035659900708963,32.06673823896936,64.7,8.9,108.0,16.0,49.34,3.3013644826807167,0.36,0,4.447657826331958,-2.0,60.0,-15.196998123827392,90.63,2.85,72.785,3.451,8.73,5,23.0,5.8,10.5,47.1,77.7,20.84,2.6,-2.8899999999999997,46.3,11.77,20.56,0.536,4531.583,63.0,1.0,23.0,0.683,81.0,13.7,10.61
76,200084952,CU Le Havre Seine Métropole,92.49249249249247,99.83948635634027,0.0,0.0,11.163633196168623,39.39886138446324,3.0,32.0,16.1,2.8,30.37,-0.47,8.8,22.1,56.1,1.87,0.46,15.0,72.5,-2.0,32.2,1.7000000000000002,2.0979361553072167,41.76739547264695,2.601277669270833,3.1,0.01,2.58,176.2,25.6,67.0,4.0,7.0,30.0,14.887286001522634,1.6389496996527482,31.14564341899433,59.4,25.1,107.0,9.74,49.34,6.105765822875613,2.66,7,2.9956667125412406,-3.1,12.0,-30.48780487804878,27.73,3.13,49.597,2.905,10.12,5,41.2,16.9,19.2,40.6,59.9,21.86,3.3,-4.77,114.7,8.13,11.06,0.262,841.694,62.0,27.0,19.4,0.87,86.0,13.7,16.68
76,247600505,CC Campagne-de-Caux,,,0.0,,,86.60098489385773,2.0,35.75,12.0,4.5,2.85,-6.67,4.9,29.9,36.0,14.71,4.56,10.4,89.1,2.0,32.2,1.4,3.195526263231476,33.15972222222222,0.0,2.4,0.0,2.0,158.7,18.1,49.1,4.0,2.5,0.0,0.0,0.9289630528654156,30.483807525894846,64.4,11.8,100.0,11.940000000000001,49.34,4.225369785292079,1.33,0,5.765225476522548,4.5,77.0,-29.22374429223744,75.27,1.88,91.773,3.925,8.54,4,22.6,6.8,12.8,44.9,80.9,18.24,2.5,-6.92,36.3,11.45,14.14,2.663,885.669,61.0,0.0,21.8,1.007,68.0,13.7,11.71
76,247600588,CC des Villes Soeurs,83.16831683168317,100.0,14.0,2.936604730133677,2.4253364427135025,93.91730183990842,2.0,32.333333333333336,23.9,25.4,11.81,3.08,7.7,30.4,52.900000000000006,7.04,4.71,17.8,85.1,1.5,25.2,0.8999999999999999,3.116926878580254,35.091482097522544,2.3039009752438107,3.1,0.03,3.65,162.7,12.6,24.8,4.0,14.0,2.0,5.0852410199143865,0.995941491481266,39.13604303318056,53.4,20.200000000000003,128.0,5.06,49.34,6.376632948367728,8.42,4,4.096286479322749,2.2,33.0,-25.6,52.19,1.98,62.047,2.368,10.47,6,37.4,14.9,20.7,54.2,67.6,33.56,2.7,-7.630000000000001,102.5,5.57,8.21,0.0,191.838,57.0,1.0,18.2,0.745,154.0,13.7,16.82
76,247600604,CC de Londinières,81.35802469135803,100.0,2.0,1.535118794577488,2.149984088615987,57.35612480739599,3.0,30.666666666666668,21.3,11.0,5.67,6.67,8.6,35.8,26.6,35.64,41.37,18.0,89.9,4.9,28.700000000000003,0.7000000000000001,1.1556240369799693,21.51690024732069,2.1416046319272124,2.8,6.77,1.93,76.6,13.9,10.7,4.0,12.0,1.0,1.792632386799693,0.2771048087939982,33.200531208499335,54.6,19.9,111.0,14.149999999999999,49.34,5.965428136220216,1.93,0,7.062261995430312,1.0,75.0,-31.753554502369667,92.8,2.49,82.82,2.195,9.52,4,28.0,15.1,14.0,61.3,58.2,28.51,2.6,-8.1,51.0,14.75,26.81,0.0,123.316,58.0,0.0,15.3,0.344,98.0,13.7,16.96
76,247600620,CC Yvetot Normandie,,,15.0,,,0.0,1.0,34.0,15.2,1.3,18.52,-0.05,6.5,25.5,46.7,8.46,0.78,13.7,80.7,0.6,29.8,1.4,2.315166236526492,36.76350484190876,1.6116589962743813,3.9,0.08,2.66,110.2,15.1,37.9,4.0,7.9,1.0,29.43085012110829,1.717657216189015,36.53506187389511,75.3,11.5,109.0,9.5,49.34,4.5656037382773205,0.76,1,4.563034754296964,-5.5,40.0,-21.808510638297875,60.81,0.08,72.129,9.225,8.55,4,34.3,10.8,13.1,45.0,83.6,21.37,2.8,-6.09,96.9,6.21,25.37,0.759,1985.857,63.0,0.0,20.4,0.972,94.0,13.7,14.58
76,247600646,CC Caux - Austreberthe,86.07594936708861,100.0,20.0,3.136175013864188,3.1318360763307425,69.30835228859891,1.0,34.0,17.0,0.7,31.35,-0.32,4.5,23.4,53.3,3.67,1.64,15.6,86.8,1.5,27.9,1.6,2.2277917014759114,37.81783070485999,1.7505041774704693,3.4,0.22999999999999998,3.18,116.4,18.5,22.8,4.0,12.0,0.0,0.059765448804691,2.9299248345844924,35.20520050125313,72.4,16.1,108.0,7.07,49.34,5.495900290526124,2.39,1,4.903836987607245,-4.6,26.0,-14.084507042253522,47.86,2.57,60.603,7.6,9.08,4,32.4,12.1,16.6,37.2,78.8,17.62,2.7,-6.370000000000001,81.8,4.0,23.0,0.796,3776.629,63.0,0.0,20.9,0.886,83.0,13.7,14.53
76,247600729,CC Falaises du Talou,82.27383863080684,100.0,2.0,2.2628239431236143,2.4914018670076734,63.63549739550248,1.0,31.0,14.6,7.2,7.66,-1.83,6.6,30.5,33.800000000000004,15.53,21.64,13.6,87.9,-1.3,28.700000000000003,0.8999999999999999,3.311680040759139,29.73837756446452,1.6636868686868689,1.8,0.32,1.7,94.8,12.8,15.6,4.0,13.1,0.0,3.955264989860468,0.682573123479634,28.827408851466256,49.7,16.8,108.0,7.960000000000001,49.34,5.034233947870312,0.42,0,5.940283958465777,-2.7,68.0,-32.448377581120944,91.77,2.69,67.16,2.391,10.5,5,26.1,10.2,14.5,58.1,57.2,19.62,2.5,-7.3,54.9,15.13,16.21,0.0,522.626,58.0,0.0,18.9,0.437,84.0,13.7,14.36
76,247600786,CA de la Région Dieppoise,93.78531073446328,100.0,0.0,1.7154760446023771,7.065993091093367,104.81354900426123,2.0,33.5,21.6,10.7,29.7,0.94,10.1,22.9,58.4,3.31,3.55,14.2,75.9,1.4,32.2,1.6,3.050033528737373,40.57343475716793,1.8813293502613893,3.3,0.0,4.11,145.9,18.2,45.0,4.0,14.3,2.0,4.506835637480799,1.7235162294455506,42.24072352294819,67.9,17.0,129.0,9.049999999999999,49.34,6.722213893130714,4.76,3,5.666594538451552,-8.9,13.0,14.4,38.27,3.55,50.283,3.214,10.09,6,44.2,19.0,21.2,47.9,64.1,23.79,3.3,-6.35,147.4,5.0,7.69,0.865,1237.004,58.0,0.0,19.2,1.242,145.0,13.7,17.75
77,200023125,CC Les Portes Briardes Entre Villes et Forêts,99.85714285714286,100.0,28.0,1.4908256880733946,,6.989487430623572,7.0,17.5,9.6,2.3,17.330000000000002,15.13,5.5,19.1,48.2,1.44,0.12,10.8,66.7,2.4,26.6,2.0,2.335589628251984,45.13280820663125,1.702149629212429,2.2,0.0,2.81,112.4,11.5,55.9,2.04,32.7,0.0,0.0,1.219012376720227,39.59273598425702,65.1,22.0,95.0,11.83,34.58,4.31749585742683,1.08,0,5.640118831778763,-14.4,6.0,12.5,9.17,,24.633,4.0,7.37,5,27.4,8.9,12.7,36.3,61.0,14.08,3.2,-4.87,61.1,1.0,7.8,0.0,3680.563,75.0,1.0,22.2,0.855,65.0,7.6,10.94
77,200023240,CC Pays de Nemours,100.0,100.0,5.0,9.95475113122172,2.2708531557247063,92.09418534221685,4.0,38.25,16.900000000000002,5.6,20.75,2.5,9.0,27.500000000000004,48.6,5.41,2.65,14.099999999999998,69.9,-1.3,43.6,1.5,3.96318935984416,34.34062818913709,2.188790877796902,2.0,0.0,3.36,94.8,19.7,33.5,2.04,31.2,1.0,99.9958437611727,0.4339568451702374,37.301823718266974,67.8,18.9,109.0,9.65,34.58,6.442701054198786,1.01,0,4.700621953269457,-10.7,31.0,-31.85185185185185,33.79,4.65,47.789,2.868,5.45,6,35.7,14.7,18.4,43.0,50.8,38.09,3.1,-5.83,88.9,6.52,9.9,0.0,2008.076,66.0,2.0,18.8,0.442,88.0,7.6,13.06
77,200023919,CC Gâtinais Val de Loing,97.1830985915493,98.27586206896552,18.0,3.3444816053511706,2.344717014047534,94.51139941374444,3.0,33.666666666666664,18.7,6.6,9.21,0.71,13.4,30.7,43.4,14.08,14.85,15.5,75.5,0.8,43.6,1.2,5.154079861111112,27.164757412398924,0.8233108573001239,1.1,0.48,2.71,94.5,11.9,23.7,2.04,15.0,0.0,18.078542246432587,0.3218657973887937,35.169174938627386,63.9,20.4,113.0,9.049999999999999,34.58,6.538143841943339,0.54,0,5.522577887030407,6.8,45.0,-13.656387665198238,42.21,8.38,78.702,2.428,5.32,5,32.3,13.2,18.4,45.4,48.9,41.5,2.8,-4.18,50.2,13.9,15.15,0.0,1722.169,61.0,1.0,16.6,0.337,97.0,7.6,13.23
77,200033090,CC Plaines et Monts de France,98.29188646068827,99.95243757431628,0.0,2.1234938292048584,,1570.1278310189712,3.0,25.166666666666668,6.9,1.2,2.96,157.14,5.1,21.2,40.5,5.17,3.59,10.1,82.3,-0.3,35.0,1.7000000000000002,2.6498324370664794,39.76044946595048,1.2447648902821318,2.3,0.0,1.56,92.7,13.9,41.2,2.04,11.7,0.0,3.8916977483077777,1.337922909202329,30.061823802163836,61.3,23.4,83.0,5.970000000000001,34.58,3.582900511333897,,0,3.873132826025688,-3.3,57.0,-31.35593220338983,32.95,,69.961,3.86,5.93,4,20.7,5.0,11.6,48.9,52.6,23.34,2.5,-4.14,30.4,7.6,13.35,0.0,2067.233,69.0,0.0,22.7,1.166,39.0,7.6,9.21
77,200037133,CC du Provinois,97.67054908485858,100.0,7.0,3.8264329991581847,1.176226019707787,387.4107308584687,5.0,32.6,16.8,5.0,16.25,-1.24,9.7,29.6,42.1,12.78,13.93,13.2,72.1,3.0,47.2,1.5,4.48953413795114,32.252602221226155,0.3984720014131778,1.8,3.5900000000000003,2.92,106.3,10.2,36.9,2.04,13.8,2.0,2.789513846936505,0.3498882044075925,37.36388063923066,75.1,11.7,108.0,8.28,34.58,6.329816925034706,1.75,0,5.158722813512263,0.2,47.0,-17.632241813602015,39.42,2.49,77.257,3.446,5.66,6,32.9,15.2,18.0,46.6,54.3,23.44,3.1,-6.959999999999999,81.1,10.87,12.26,0.0,2790.836,65.0,0.0,17.8,0.336,76.0,7.6,13.61
77,200040251,CC Bassée-Montois,97.67102166680192,100.0,1.0,3.8264329991581847,1.1764345643320648,121.30924042415062,2.0,30.4,17.9,11.0,4.06,-1.02,8.8,35.2,39.7,14.24,19.84,14.7,76.7,0.9,47.2,1.2,3.755665875242823,29.45623173675518,0.0046808510638297,1.2,0.0,1.3,88.2,11.4,15.6,2.04,25.2,0.0,51.44078885214927,0.2084788004598736,33.57701462087725,69.4,17.2,106.0,17.26,34.58,5.7478253668351575,6.04,0,4.433399175541052,1.4,73.0,-27.800829875518676,46.87,9.89,57.657,3.682,7.04,6,29.8,8.6,17.4,53.2,55.9,20.55,2.6,-5.800000000000001,44.4,15.17,16.9,0.0,1106.341,65.0,0.0,13.8,0.5,84.0,7.6,12.11
77,200057958,CA Paris - Vallée de la Marne,99.89817219082532,100.0,12.0,3.79080913511111,27.70423621653343,3.702456480704698,11.0,11.0,7.5,1.3,28.16,8.03,4.4,18.8,55.50000000000001,0.12,0.0,9.7,49.3,-0.6,26.6,1.9,1.401933464065779,44.43551804505969,3.977795138888888,2.3,0.0,2.54,101.8,14.8,62.8,2.04,27.9,1.0,1.3593100581878637,2.724814421318956,35.089969896004376,66.7,10.9,90.0,5.489999999999999,34.58,4.483861696759615,0.39,0,3.176643777012352,48.4,0.0,10.0,0.5700000000000001,2.25,5.77,1.826,7.93,5,32.6,14.8,13.8,36.1,52.1,23.49,3.3,-5.13,79.0,0.92,6.75,0.0,3831.974,,2.0,18.1,2.125,53.0,7.6,13.44
77,200070779,CC Brie des Rivières et Châteaux,87.77292576419214,100.0,3.0,3.3962733132199667,,26.339453426670985,3.0,28.142857142857142,10.1,4.1,3.85,4.9,6.7,27.3,43.2,5.35,4.1,12.0,81.1,0.1,34.3,1.9,1.9723379601094648,39.57317296762128,1.6986295428918383,1.6,0.03,1.48,99.0,12.7,28.8,2.04,28.5,0.0,7.739128060931997,0.8212904430567022,34.2347175148131,63.6,22.8,90.0,6.0600000000000005,34.58,4.044904996124507,0.25,1,3.9488362659094367,1.7,52.0,-35.13513513513514,37.23,2.93,59.711,3.027,6.14,5,24.9,5.1,13.0,48.0,56.1,19.11,2.6,-4.43,38.8,8.45,13.29,0.0,2825.34,66.0,1.0,23.8,0.631,56.0,7.6,9.15
77,200072130,CA du Pays de Meaux,97.57575757575758,100.0,5.0,2.760933590735653,24.003410895500963,60.23165799584536,10.0,29.5,11.3,1.2,25.19,-2.31,6.5,20.3,34.7,1.81,0.08,11.1,59.3,0.1,35.0,1.9,1.890513061726608,40.43168829301607,1.9532273374466065,2.3,0.0,2.44,104.4,15.8,71.7,2.04,17.0,1.0,2.374848738713581,1.6154771713566614,36.03902509011998,74.0,16.7,89.0,11.76,34.58,5.176513834734815,0.36,3,3.5046554234979097,-2.7,12.0,32.323232323232325,25.28,0.29,53.435,3.692,6.0,5,32.4,15.3,18.7,39.0,49.7,24.32,3.2,-3.02,73.5,6.54,7.85,0.0,3680.034,,3.0,17.0,1.426,48.0,7.6,13.28
77,200072346,CA du Pays de Fontainebleau,99.96632996632997,100.0,5.0,7.177412958997541,5.316373239309381,65.54168413444164,4.0,38.5,13.3,6.6,9.569999999999999,1.94,8.3,25.4,55.39999999999999,2.21,1.06,11.1,61.5,-2.2,43.6,2.3,3.1356115887580374,45.39364673578564,1.451122914919392,2.4,0.03,3.47,109.2,19.8,58.5,2.04,59.4,0.0,100.00050229457294,0.4100829989809413,40.29107729625294,72.4,9.8,106.0,13.65,34.58,4.206028066924969,0.43,0,3.4470928449371248,16.3,22.0,-20.23809523809524,31.26,8.85,29.173,3.1,5.92,5,37.9,8.7,12.5,45.4,59.1,47.11,3.7,-4.63,77.1,7.35,12.42,0.0,2538.465,69.0,1.0,27.1,0.372,106.0,7.6,11.92
77,200072544,CC des Deux Morin,97.67054908485858,100.0,29.0,3.8264329991581847,1.1762260197077867,54.7601915752159,3.0,32.25,15.9,6.2,7.85,5.24,9.6,30.2,42.5,15.74,13.69,14.7,79.1,1.5,40.0,1.3,4.684371576442144,29.092009685230018,0.4992025518341307,1.3,1.27,1.89,110.3,9.5,23.2,2.04,12.9,0.0,9.162684984090106,0.3916633963670515,34.3257965823446,63.1,24.7,104.0,4.45,34.58,5.870932390275388,1.89,0,6.201995481927711,0.3,72.0,-18.241042345276878,54.8,8.4,74.206,3.073,6.89,4,28.7,11.4,17.4,46.2,52.1,21.19,2.8,-5.4,45.4,9.16,19.16,0.0,2012.163,65.0,0.0,15.1,0.749,75.0,7.6,12.76
77,200072874,CC Val Briard,99.7698504027618,100.0,7.0,1.7571647775082908,,15.463485982935747,3.0,30.4,9.2,2.4,4.71,-4.06,5.9,28.000000000000004,41.0,9.11,4.3,12.3,76.7,0.0,26.6,1.7000000000000002,3.2808174703530293,36.98221863002627,0.6154819124715405,1.9,0.01,1.03,101.1,9.1,27.0,2.04,30.1,1.0,0.0281795362180253,0.614950493249146,35.766201277847266,55.6,25.0,90.0,13.309999999999999,34.58,4.625524761633699,0.34,0,6.22345951330582,-1.7,67.0,-10.416666666666668,41.77,5.97,55.957,3.408,6.84,4,24.5,5.5,12.5,44.1,59.6,19.34,2.5,-4.5,53.5,9.43,14.05,0.0,4258.815,70.0,3.0,20.7,0.33,54.0,7.6,9.34
77,200090504,CA Coulommiers Pays de Brie,90.50543920668986,100.0,21.0,5.199061499446001,2.0734123865064835,75.09175156304548,4.0,30.33333333333333,15.0,3.6,9.01,2.63,8.5,28.1,40.8,6.32,2.05,13.4,72.0,1.0,37.5,1.7000000000000002,3.722291928063572,37.21285043083272,0.3905795285909765,2.0,0.06,2.2,106.0,11.4,40.6,2.04,22.7,1.0,0.8118786424408638,0.8600674092472572,35.155565180624734,77.6,12.9,96.0,10.39,34.58,4.922178594685107,0.52,2,5.57498372042544,-4.1,34.0,-12.42603550295858,37.95,10.89,59.691,3.073,7.24,4,29.9,10.0,16.2,37.2,58.2,26.18,2.9,-5.33,49.1,6.89,13.76,0.0,2994.153,71.0,0.0,18.7,1.173,65.0,7.6,10.73
77,247700032,CC Moret Seine et Loing,100.0,100.0,12.0,4.522318303089935,0.1388418600734698,344.05542353392104,3.0,29.5,13.6,5.1,11.25,7.45,8.2,29.6,52.3,5.44,2.06,13.0,66.0,-1.7,43.6,1.5,2.955639921522664,38.74024753890773,1.303472655437721,2.3,0.0,2.04,111.1,18.2,35.9,2.04,31.4,1.0,89.6817147856518,0.5767362356338555,31.234420181473727,67.5,7.5,102.0,13.68,34.58,4.406344544310225,4.08,0,3.443783171020766,1.1,26.0,-49.24242424242424,35.4,17.02,44.558,2.474,6.49,5,31.3,8.5,15.5,43.3,61.7,37.05,2.9,-1.91,45.4,8.78,10.89,0.0,1596.62,72.0,1.0,21.4,0.536,88.0,7.6,12.04
77,247700057,CA Melun Val de Seine,99.72022868264202,100.0,4.0,3.007222664053593,25.23710220763101,148.36250036623596,10.0,22.75,11.5,1.7,31.630000000000003,5.35,7.0,19.9,45.4,1.74,0.2,11.5,59.9,-1.7,34.3,1.7000000000000002,1.9983897866467308,39.56164847253957,3.1916160762314614,1.6,0.16,2.37,122.2,13.3,65.3,2.04,25.5,0.0,39.49500648508431,2.2778073008481567,35.5585015395142,76.8,9.3,94.0,9.3,34.58,5.429633667141059,0.65,7,3.761307980409104,-11.9,3.0,12.06896551724138,10.87,8.93,40.689,3.255,5.58,6,36.2,18.0,18.2,34.2,48.8,20.47,3.5,-7.07,89.3,3.7,7.1,0.0,3927.971,,1.0,20.4,1.084,54.0,7.6,15.13
77,247700065,CC du Pays de l'Ourcq,99.85875706214688,100.0,0.0,0.5026448694320114,3.335772407786381,52.8598141628672,5.0,27.33333333333333,13.3,3.4,9.53,-0.63,7.8,33.300000000000004,40.3,18.25,16.0,13.3,75.4,1.8,35.0,1.3,4.664555139648718,30.239113530326595,0.0,1.0,0.0,1.73,87.0,11.1,33.1,2.04,21.6,1.0,5.664922802092638,0.3119683209985028,32.00271401108221,66.9,19.5,96.0,7.79,34.58,5.83362175676336,1.15,0,6.9171702200433245,3.2,80.0,3.4482758620689653,42.95,0.73,67.706,3.717,6.12,5,26.9,12.3,15.4,43.6,52.7,31.04,2.9,-5.91,38.8,14.14,17.0,0.0,2788.646,69.0,1.0,16.1,0.81,51.0,7.6,12.44
77,247700107,CC Pays de Montereau,94.6808510638298,100.0,12.0,8.167772793930464,6.890886106190837,131.90817002118644,8.0,24.0,14.4,3.2,25.759999999999998,-1.22,7.0,25.3,40.5,4.23,1.36,13.1,69.3,2.2,43.6,1.1,2.927803038704669,29.85942801745032,1.1435615666384895,1.8,0.0,2.44,125.4,12.7,25.6,2.04,23.2,1.0,35.8399428236329,1.3560581193997996,34.27670891063103,70.7,17.299999999999997,109.0,6.02,34.58,6.435285888537829,1.55,1,3.339762030793308,-3.1,31.0,-48.45360824742268,31.65,1.18,53.004,2.975,6.37,7,29.6,22.0,18.1,48.0,36.8,21.07,3.2,-9.93,86.2,8.76,8.76,0.0,3010.703,66.0,5.0,14.5,0.463,64.0,7.6,15.02
77,247700339,CA Val d'Europe Agglomération,98.23725583611244,100.0,14.0,6.161397549938386,1.650117199263064,6.551333948374221,7.0,21.33333333333333,3.8,10.8,12.36,29.86,8.2,18.1,47.5,1.4,0.01,11.0,59.4,1.2,30.8,3.2,1.921713496772268,51.22617619618819,2.8498659517426272,2.0,0.0,2.05,103.2,17.2,57.7,2.04,28.5,0.0,0.0,9.298563741737354,43.66755834332626,80.9,4.9,76.0,5.19,34.58,3.730825989737202,0.19,0,2.8840315010114104,-3.9,16.0,66.66666666666666,7.17,12.05,15.737,2.398,6.49,4,30.4,8.2,9.6,39.2,75.7,24.27,3.1,-5.45,129.6,2.5,8.1,0.0,8349.599,76.0,1.0,22.7,2.129,37.0,7.6,9.88
77,247700594,CA Marne et Gondoire,99.95615957913196,99.98039215686272,4.0,1.9441193431358477,1.620393717664865,0.0,9.0,22.0,5.6000000000000005,3.4,18.37,17.49,5.8,15.9,54.400000000000006,0.5,0.01,9.9,54.7,-2.9,26.6,3.0,2.144207006832388,51.28634543917572,2.268815220828502,2.5,0.0,2.45,115.4,14.6,74.0,2.04,30.9,1.0,6.456075650118204,5.250341701971197,37.33249392931019,58.3,14.2,79.0,4.41,34.58,3.859402750953947,0.18,0,3.4754208943477893,6.0,4.0,-29.09090909090909,5.16,6.25,20.987,2.422,7.3,4,33.5,10.2,12.6,39.3,56.4,25.43,3.3,-5.18,77.4,2.5,6.45,0.0,4639.626,,0.0,21.2,2.448,49.0,7.6,11.22
77,247700644,CC l'Orée de la Brie,100.0,100.0,32.0,0.3591094086665071,10.86780900017182,0.0,7.0,20.0,6.7,1.1,16.93,11.97,5.2,14.099999999999998,48.4,1.05,0.0,12.2,76.6,1.6,26.6,3.0,2.1159249366956883,49.14570085706386,4.48,2.1,0.0,2.77,102.5,16.1,48.5,2.04,13.1,0.0,0.0,2.339793734995302,46.84986824543992,64.5,17.8,86.0,3.5700000000000003,34.58,4.39424200614694,0.35,0,4.243792569101589,16.6,15.0,-3.0303030303030303,23.18,3.26,47.924,3.881,6.76,4,33.4,9.1,13.4,40.4,59.7,16.34,3.1,-5.7700000000000005,90.7,2.5,8.75,0.0,5346.497,63.0,1.0,23.0,1.32,57.0,7.6,10.69
77,247700701,CC Brie Nangissienne,97.83616692426584,100.0,4.0,3.6330128769470953,1.377323702300395,33.58872740163063,6.0,30.5,11.8,2.4,17.98,2.67,6.7,27.1,49.3,8.61,4.42,13.2,69.3,-0.1,34.3,1.4,3.035651253088598,31.450593123381704,0.4031476997578692,1.3,0.0,2.12,108.6,8.5,13.8,2.04,18.0,5.0,7.414216687083162,0.637412934300157,31.216135910791063,55.3,29.5,96.0,11.07,34.58,5.782047033314835,0.35,0,5.187742770824342,-3.6,61.0,20.33898305084746,36.75,1.96,65.466,3.27,6.37,5,26.9,12.1,15.3,48.9,61.3,18.14,2.8,-5.84,53.3,7.55,20.45,0.0,3722.865,67.0,3.0,18.5,0.37,53.0,7.6,12.28
78,200033173,CC de la Haute Vallée de Chevreuse,99.62839093273875,100.0,28.0,5.667709054661415,,0.0,3.0,26.5,8.200000000000001,3.8,9.35,18.25,6.7,25.7,61.4,2.17,0.86,7.6,71.1,-0.8,22.8,3.6,3.290386521308226,52.22886737776682,2.5538823529411765,2.3,0.0,2.38,64.8,17.2,48.1,2.14,45.1,0.0,100.03203391826638,0.5709636698810074,29.26848128673059,71.0,17.0,109.0,18.35,44.54,3.70191041777798,0.4,0,4.504170970048463,-7.7,12.0,4.166666666666666,26.79,22.75,30.302,2.892,7.78,6,30.1,5.0,7.8,47.1,66.3,34.01,3.3,-5.75,53.3,4.0,12.0,0.0,2474.869,71.0,0.0,34.1,1.165,98.0,6.7,9.94
78,200034130,CC Gally Mauldre,99.65546942291128,100.0,10.0,3.806448746241688,,144.25702901146133,2.0,35.0,9.3,2.6,4.18,30.47,6.5,25.2,55.900000000000006,2.42,0.21,7.000000000000001,74.4,-1.6,25.5,4.5,2.9295574592747124,55.288240320778286,2.071729957805907,1.8,0.0,3.11,71.4,18.9,42.0,2.14,23.7,0.0,0.0,0.8358314478871346,34.38370846730975,67.3,9.2,114.0,15.939999999999998,44.54,3.934544911501552,,0,2.8141987092082537,-4.9,24.0,-29.629629629629623,33.52,6.56,51.492,3.766,6.35,4,22.6,5.0,9.0,44.5,62.3,22.55,3.9,-6.22,47.3,4.09,10.09,0.0,1329.475,67.0,0.0,38.7,0.947,80.0,6.7,9.12
78,200058519,CA Saint Germain Boucles de Seine,99.92269701524586,100.0,11.0,3.9533868523972098,28.5705004268158,124.58015586977773,8.0,11.0,8.1,2.1,20.91,12.19,6.5,22.1,64.3,0.82,0.13,7.5,37.8,-5.3,25.5,2.8000000000000003,1.425865254269544,52.661150086946094,3.247753185781355,1.8,0.13,2.58,54.4,15.1,53.0,2.14,34.7,2.0,0.0,0.8343656483619554,32.071447690700346,67.6,10.4,92.0,8.0,44.54,3.917689873714569,0.35,2,2.8376939285948795,-24.7,0.0,-45.3551912568306,0.31,26.91,4.572,12.333,6.11,5,35.4,9.5,10.0,39.1,67.3,15.3,4.4,-5.58,60.0,0.89,3.84,0.0,1558.443,,2.0,28.0,1.719,65.0,6.7,10.64
78,200058782,CA de Saint Quentin en Yvelines,99.73567223356964,100.0,28.0,0.6778239477574445,,0.0,8.0,11.0,6.4,1.7,32.300000000000004,3.63,4.7,17.1,58.00000000000001,0.52,0.0,9.0,60.2,-1.1,22.8,3.5000000000000004,1.5839651356430684,55.27341473836871,5.903602350030921,2.5,0.0,2.65,74.4,20.8,64.5,2.14,20.6,0.0,17.329613590939374,1.7324134377370428,32.39628451543043,53.8,19.2,91.0,4.33,44.54,3.984533734026662,0.73,6,3.277310740304288,-26.9,0.0,215.3846153846154,2.49,31.32,18.239,4.115,8.47,6,34.7,12.6,13.0,38.9,60.2,19.92,3.4,-6.279999999999999,124.3,0.58,6.83,0.0,5952.262,,3.0,25.1,1.217,50.0,6.7,13.01
78,200059889,CU Grand Paris Seine et Oise,99.17469050894086,100.0,12.0,2.5060638694028725,,111.34377745994354,9.0,26.428571428571427,8.799999999999999,1.8,28.189999999999998,4.42,5.7,21.8,51.2,0.99,0.51,10.1,56.5,-1.8,25.5,2.4,2.0749904790481355,47.313832424392665,2.12935303190194,2.1,0.32,2.26,87.2,15.3,48.2,2.14,24.3,11.0,28.77692095841366,1.6314442543906502,32.37524375161453,66.1,23.3,95.0,8.02,44.54,4.945828628231977,0.99,9,3.517684679505605,1.4,7.0,3.4782608695652173,9.97,8.39,35.278,2.872,6.53,5,31.7,15.6,15.5,41.2,46.7,19.45,3.6,-6.98,69.9,3.86,6.78,0.0,2572.234,,6.0,22.9,1.2,54.0,6.7,13.8
78,200071074,CC Les Portes de l'Ile de France,100.0,100.0,13.0,1.6241299303944317,1.6198865351177845,70.69588145565483,3.0,34.25,12.8,6.5,14.78,16.72,6.8,27.9,44.6,10.84,5.5,13.0,71.6,-0.4,25.5,1.4,4.925044282196397,33.217669825170155,0.8988137268747353,1.5,4.05,1.73,60.7,13.9,31.6,2.14,20.5,0.0,17.68722617743702,0.8620539284353347,34.53274215552524,68.5,18.0,103.0,10.32,44.54,5.354044632170878,0.43,0,4.601400771310785,-0.3,41.0,-61.206896551724135,37.63,10.25,55.817,2.462,6.85,5,28.4,10.2,14.3,44.1,54.8,20.13,2.9,-7.630000000000001,35.8,7.17,14.0,0.0,2586.971,71.0,1.0,22.1,0.768,67.0,6.7,12.2
78,200073344,CA Rambouillet Territoires,93.81003201707576,100.0,27.0,3.314821400888208,0.4643521967010948,66.22173528668856,3.0,39.22222222222222,8.799999999999999,4.0,10.14,6.37,6.3,20.8,49.8,7.33,3.27,10.3,65.0,-0.2,36.3,2.6,3.796136209877472,46.04963946278984,3.559726282221632,2.2,0.01,2.26,66.7,17.0,48.1,2.14,45.6,1.0,60.11618002954396,0.4596078971173735,34.799230495889034,67.4,15.5,102.0,8.559999999999999,44.54,3.8678632905166928,1.13,1,4.424336776022681,3.3,31.0,-7.581227436823104,38.88,12.78,39.937,2.999,6.92,5,33.0,5.8,10.1,44.4,66.8,31.66,3.0,-5.3100000000000005,69.1,6.61,11.19,0.251,4352.845,69.0,0.0,34.4,0.44,86.0,6.7,11.29
78,247800550,CC du Pays Houdanais (CCPH),99.14782608695651,99.98289136013688,17.0,5.662888718589924,,103.80979058289982,2.0,34.75,12.0,6.9,3.06,13.19,7.4,24.1,45.49999999999999,4.52,4.78,11.2,79.6,1.4,30.700000000000003,2.6,3.565886353881203,40.36257656589606,2.069594895385072,1.5,0.0,1.32,61.0,17.4,30.5,2.14,17.8,0.0,0.7115154825714383,0.5755084168402119,38.14793244030285,63.3,15.7,100.0,14.149999999999999,44.54,4.397190134927611,0.66,0,4.608511932932188,0.3,60.0,-23.52941176470588,43.32,4.22,61.141,2.988,6.05,5,26.8,5.0,10.2,44.6,59.9,23.94,2.8,-4.45,53.7,8.42,18.17,0.0,3260.532,70.0,0.0,24.0,0.655,75.0,6.7,9.62
78,247800584,CA Versailles Grand Parc (CAVGP),99.88101089009028,100.0,19.0,3.008362213338577,18.01766805266789,0.0,6.0,32.0,7.399999999999999,3.5,20.369999999999997,15.3,7.2,20.9,58.3,1.58,0.03,7.399999999999999,46.6,-4.4,22.8,2.9000000000000004,1.6085611197372685,56.38358874378199,3.9895161290322574,2.3,0.0,2.76,51.5,21.3,59.0,2.14,25.3,0.0,3.9288871032543184,1.1233973513227609,33.92859100426437,61.1,12.6,93.0,7.08,44.54,3.577654315240418,0.74,6,2.9079627985721723,66.1,2.0,-47.12643678160919,1.83,17.42,16.231,5.26,7.12,5,39.1,7.3,11.3,39.4,73.1,19.81,3.9,-5.050000000000001,107.9,1.44,5.56,0.0,3707.772,,0.0,29.8,1.525,72.0,6.7,11.99
78,247800618,CC Coeur d'Yvelines,99.61013645224172,100.0,14.0,5.701089862042498,,2.820154187182455,2.0,38.4,8.7,4.4,6.529999999999999,27.28,5.9,21.8,49.2,1.73,1.67,9.6,76.4,0.2,22.8,3.6,3.2583397982932505,48.46601163023862,1.6023665382498624,2.0,0.0,1.94,69.4,22.0,40.2,2.14,21.9,1.0,45.60859146952468,1.5821434500312446,36.53470417512377,64.8,14.499999999999998,100.0,9.07,44.54,3.4035275345576,0.58,0,3.351455222386805,0.3,33.0,-46.34146341463415,34.44,2.2,56.192,3.093,5.89,5,25.7,5.0,9.0,45.0,61.8,27.93,3.0,-3.66,53.1,4.61,16.39,0.0,3062.769,70.0,1.0,28.7,0.887,76.0,6.7,9.23
79,200040244,CA du Bocage Bressuirais,95.86902056749985,100.0,60.0,2.986485209337492,0.7965693702654157,0.0,2.0,40.66666666666666,18.4,3.4,9.04,-2.64,7.2,26.5,46.2,17.23,12.63,16.8,85.9,1.2,27.9,1.2,6.757485837604532,23.11312895701433,3.1939549098991824,2.3,0.19,2.7,59.2,31.9,41.4,2.46,3.8,1.0,0.6266566094663398,0.7908940525328432,31.751223213584865,51.7,27.9,118.0,13.01,81.16,5.398204718306448,1.35,2,4.486035944387928,-1.8,59.0,-20.833333333333336,98.56,12.82,76.173,0.823,14.9,6,31.9,13.5,13.5,45.9,65.8,26.11,2.6,-6.569999999999999,92.9,12.61,23.36,0.674,676.758,55.0,0.0,28.6,0.266,95.0,16.4,17.89
79,200041317,CA du Niortais,94.86704446381866,99.72670807453416,46.0,0.5772994416260039,2.6296372734413755,80.0048077709277,1.0,36.0,14.099999999999998,3.3,13.3,2.58,7.4,26.0,49.0,5.98,6.13,15.4,80.6,-1.6,29.3,1.7000000000000002,4.765416690304647,38.38975668548108,3.3495238095238093,3.3,0.18,3.32,88.3,30.8,47.0,2.46,4.5,1.0,71.46575141863445,1.0068754798949895,35.572686356578146,71.0,8.0,105.0,23.380000000000003,81.16,5.116390416626395,0.97,3,3.818429347018928,-0.7,35.0,-22.857142857142858,82.88,14.06,72.673,1.626,11.73,7,39.9,10.9,15.1,45.5,74.2,27.72,2.9,-1.13,127.1,13.3,14.43,0.0,2252.753,,4.0,24.9,0.794,103.0,16.4,14.1
79,200041333,CC de Parthenay-Gâtine,95.50357192884158,100.0,52.0,4.794738389712016,0.7601225598193195,8.080437964117296,1.0,41.2,21.9,5.8,5.45,-6.17,9.4,29.5,51.1,17.29,18.5,16.5,83.6,0.5,28.6,0.8999999999999999,2.4102258571196447,24.54818639691878,1.3222222222222226,2.2,5.4399999999999995,3.79,70.0,28.3,28.2,2.46,8.2,0.0,9.374968740696636,0.4743463426121573,37.748744775373936,61.7,16.400000000000002,130.0,20.880000000000003,81.16,6.695685081267868,4.33,3,5.079631809911163,0.9,51.0,-0.5197505197505198,98.08,7.72,75.221,1.253,13.79,6,37.7,14.6,17.1,50.9,71.8,29.9,2.6,-4.03,94.9,13.89,31.05,0.542,355.932,58.0,2.0,22.8,0.453,144.0,16.4,18.85
79,200041416,CC Airvaudais-Val du Thouet,95.1443569553806,100.0,58.0,6.319344646218313,0.9105815741081243,1167.1553975623913,1.0,39.0,24.6,9.1,5.54,1.69,10.5,38.0,40.400000000000006,26.95,29.72,19.9,87.6,2.7,30.55,0.8999999999999999,1.5912049761319254,20.388349514563103,0.4759768740031898,3.2,0.35000000000000003,2.89,76.4,22.5,19.4,2.46,11.0,5.0,26.48358536050844,0.464435433472085,37.94076163610719,44.2,37.9,133.0,5.89,81.16,6.305127488141843,2.89,1,6.134551254168479,-0.8,70.0,-2.6548672566371683,97.4,8.47,76.344,2.278,11.22,7,37.3,14.0,10.2,61.9,71.2,31.82,2.6,-5.33,105.1,21.44,20.44,2.893,228.491,58.0,1.0,21.5,0.491,157.0,16.4,16.56
79,200041994,CC Haut Val de Sèvre,96.80259499536608,100.0,52.0,2.66634829672079,0.9619046699969463,165.2219239959412,1.0,40.5,16.400000000000002,3.1,7.580000000000001,-4.93,8.8,26.200000000000003,41.7,16.84,12.08,14.499999999999998,83.8,1.1,29.3,1.2,1.0451368476059837,30.2479815455594,0.360043414798458,2.6,0.04,2.61,82.6,21.0,30.1,2.46,6.4,3.0,15.246015505663312,0.8820729805466417,29.47180403164073,56.4,32.6,104.0,16.400000000000002,81.16,4.754726038197892,0.33,0,4.937406661905071,0.3,52.0,-5.901639344262295,95.29,4.87,71.902,1.558,10.21,6,31.7,9.9,11.0,48.7,77.2,24.1,2.5,-6.45,96.3,7.16,28.21,0.0,2160.309,59.0,0.0,25.0,0.666,92.0,16.4,19.74
79,200069748,CC Val de Gâtine,95.89479296250222,100.0,60.0,4.525226574132387,1.3683906446814431,0.0,1.0,41.5,20.1,5.8,1.73,-8.57,10.0,34.300000000000004,33.6,28.86,29.09,16.5,87.8,3.2,28.6,1.0,1.0662957811775615,22.112350094677044,0.1468245062836624,1.2,0.8999999999999999,2.32,62.8,16.5,26.2,2.46,6.2,2.0,16.839547413793106,0.4511484528295721,36.628540305010894,54.6,21.4,113.0,16.38,81.16,5.242839182609159,0.93,0,5.131868131868132,-2.1,83.0,-13.748378728923475,97.75,5.67,73.453,1.331,11.3,7,30.4,11.9,11.7,53.7,69.8,27.49,2.6,-3.93,56.8,18.35,25.94,0.464,649.964,57.0,0.0,25.3,0.613,96.0,16.4,15.46
79,200069755,CC Mellois en Poitou,90.91140044458558,100.0,41.0,1.774989867727792,0.9800738056547807,68.73878232574071,1.0,44.44444444444444,21.6,8.7,5.66,-4.71,10.6,37.5,33.2,30.66,25.93,16.5,86.2,1.7,30.85,0.8,1.0539901053990106,21.14035915337925,0.7080232558139538,2.9,0.88,3.23,85.2,16.4,47.0,2.46,11.2,5.0,32.0815614656569,0.4577613275942565,39.4712032012738,62.5,18.5,125.0,25.83,81.16,6.060276110444179,3.44,2,5.4764075630252105,-0.1,69.0,-26.40374331550802,100.0,6.52,75.403,1.74,8.75,7,33.3,13.4,15.5,47.3,67.2,26.31,2.7,-4.29,70.4,16.26,29.83,0.215,661.625,56.0,2.0,23.1,0.393,135.0,16.4,16.2
79,247900798,CC du Thouarsais,95.19569268999793,99.8214073103941,60.0,4.6116034044727465,0.984339759936446,98.12932758669258,2.0,38.333333333333336,23.5,4.6,8.62,-3.93,10.6,32.7,43.1,20.51,15.82,18.9,86.3,0.9,33.2,0.8999999999999999,1.4984873759506911,24.20089362433408,0.7336159017831043,2.6,0.09,3.39,88.5,23.2,18.0,2.46,8.6,1.0,12.254480286738351,0.5450023115361275,30.951196595368373,53.4,29.3,125.0,8.1,81.16,6.294399216343015,1.98,1,6.072888913817764,-3.8,49.0,-15.494978479196556,98.7,7.33,72.419,2.551,9.81,6,36.4,14.4,15.3,45.9,67.2,23.41,2.6,-5.71,94.3,10.33,24.29,0.0,410.656,58.0,0.0,21.2,0.815,122.0,16.4,18.02
80,200037059,CC de la Haute Somme (Combles - Péronne - Roisel),79.55517536355859,100.0,0.0,2.1834061135371177,1.915691629068486,70.94373449597835,2.0,36.2,22.5,3.0,10.93,-1.15,12.3,33.5,55.1,19.98,12.56,17.299999999999997,86.2,2.0,33.05,1.1,6.766462538746503,28.331682302896105,0.1375402360515021,2.3,0.0,3.02,147.9,12.6,31.0,4.47,5.3,1.0,2.1337812023781417,0.2728355927190001,41.11317254174397,54.8,29.1,114.0,15.03,61.01,6.7567220722019785,6.8,1,6.535841438796109,-2.8,61.0,-15.346534653465346,50.18,1.29,76.648,5.773,5.48,5,34.2,16.7,23.3,55.7,56.2,45.97,2.9,-8.57,100.8,10.73,11.6,1.134,517.254,59.0,2.0,24.2,0.362,105.0,19.2,17.25
80,200070928,CC Terre de Picardie,69.17249417249417,100.0,4.0,2.05004812319538,2.118636021839343,132.3072232385387,2.0,37.4,19.8,2.9,8.469999999999999,0.48,8.8,31.9,54.0,11.38,16.66,16.400000000000002,86.2,3.9,33.05,0.8,6.001000166694449,25.06779661016949,0.2991304347826087,3.7,0.0,3.33,124.3,13.7,29.4,4.47,1.8,0.0,0.3625464652891731,0.6031904038553089,32.1501069841444,45.4,22.6,101.0,7.24,61.01,6.475002151109581,3.89,0,6.529814378798664,7.9,68.0,13.524590163934429,44.34,1.55,94.599,5.529,4.88,5,29.0,15.9,21.2,55.8,49.4,33.84,2.8,-9.92,67.9,9.33,19.3,2.223,490.481,59.0,1.0,20.1,0.531,71.0,19.2,15.92
80,200070936,CC Ponthieu-Marquenterre,94.1535150645624,100.0,7.0,2.087147678048208,2.972877308237312,117.36057223035628,2.0,37.333333333333336,20.200000000000003,40.0,4.3999999999999995,3.17,5.3,33.7,39.6,22.32,15.1,15.1,84.0,1.1,33.7,0.8,9.18836140888208,27.29340409401062,2.777598978288633,3.9,4.53,3.37,140.7,15.8,41.3,4.47,14.0,1.0,12.04928516721981,0.3436544976162439,44.04121729203593,63.4,16.5,124.0,8.24,61.01,5.721244585145484,3.37,0,6.243673851921274,-1.9,73.0,-8.149171270718233,100.0,0.21,70.205,5.065,8.54,4,31.0,14.4,17.9,63.8,60.8,48.12,2.9,-6.92,68.0,13.17,17.27,0.919,132.484,55.0,0.0,22.3,0.407,119.0,19.2,16.94
80,200070944,CC du Vimeu,87.63666947014298,99.22048997772828,10.0,3.0612141120953558,1.2289245057977458,7.223021261390031,2.0,33.333333333333336,20.6,4.5,8.83,4.44,8.0,31.1,50.3,8.91,7.37,16.3,86.8,1.4,29.5,0.7000000000000001,4.722497076549429,29.933027846316534,0.675534991324465,3.5,0.0,2.7,140.4,16.0,21.1,4.47,3.8,0.0,0.5321944809461235,0.8428482083233543,32.42147922998987,40.1,32.2,114.0,8.44,61.01,5.515899309631088,5.4,0,4.139367435285803,-5.6,42.0,-36.02693602693603,68.8,0.78,77.43,4.242,8.2,3,30.8,13.8,18.3,53.0,60.2,38.23,2.6,-7.969999999999999,95.6,8.12,13.6,1.799,147.571,59.0,0.0,21.9,0.432,110.0,19.2,15.56
80,200070951,CC du Territoire Nord Picardie,80.86053412462908,99.44532488114103,0.0,8.655501643449679,3.732616314612755,63.4197203159394,2.0,35.0,17.9,2.5,7.68,0.1,8.3,31.5,48.4,13.02,16.61,14.8,86.5,3.2,33.7,0.8,5.970536699331559,25.527415785591344,0.5384245146799295,3.7,0.0,2.92,127.8,17.4,25.7,4.47,9.1,0.0,0.9603346075009692,0.3377702338223455,33.76656472986748,65.5,15.2,110.0,6.94,61.01,5.774368160887478,3.89,1,5.275375308088729,0.6,69.0,-15.051903114186851,94.93,3.37,78.739,5.175,7.29,2,29.2,13.9,19.6,53.9,69.9,39.07,2.9,-6.49,57.4,12.98,13.55,0.324,190.176,59.0,0.0,18.8,0.391,86.0,19.2,15.54
80,200070969,CC Avre Luce Noye,67.60416666666667,100.0,9.0,1.5884504458711337,3.736094967065745,42.587763382359725,2.0,35.714285714285715,15.5,2.9,4.91,-0.68,7.8,28.000000000000004,49.3,18.11,13.87,14.099999999999998,86.5,0.7,33.6,1.1,5.618499257057949,28.09200057861999,0.0228597041685342,3.8,0.02,1.86,108.0,13.6,14.6,4.47,9.6,2.0,1.917395003480548,0.302409677608817,33.84363785036115,49.8,28.5,101.0,2.74,61.01,5.183171862938783,3.25,0,5.756616906310102,3.0,62.0,-19.29824561403509,55.33,0.99,79.896,4.975,6.01,4,27.7,9.7,12.5,59.1,70.9,33.85,2.7,-4.62,47.1,9.04,19.4,1.393,556.489,63.0,2.0,25.9,0.397,71.0,19.2,13.3
80,200070977,CC du Grand Roye,91.34438305709024,100.0,8.0,2.0297378183341466,1.3081821803354232,73.64610994411636,2.0,36.0,22.9,3.6,15.440000000000001,2.62,9.5,32.800000000000004,55.400000000000006,16.17,11.14,18.4,83.1,2.6,33.05,0.8999999999999999,5.223998733576064,25.63986556359876,0.135958904109589,3.5,0.0,2.77,117.3,8.8,20.9,4.47,7.4,2.0,1.5933395050917003,0.4189248597280249,39.51521764545419,55.6,29.1,105.0,7.48,61.01,6.914982714397234,5.14,2,4.473185011709602,3.1,53.0,-14.52513966480447,50.26,1.66,75.456,5.304,5.82,4,34.0,16.4,21.8,56.6,51.0,32.14,2.8,-9.68,100.7,7.21,13.5,0.792,623.904,58.0,0.0,18.6,0.602,87.0,19.2,18.3
80,200070985,CC de l'Est de la Somme,72.5748502994012,100.0,0.0,1.9635768015077115,2.129361312123318,99.26869736244892,2.0,37.0,23.6,3.0,11.31,-1.41,10.8,35.3,58.3,15.78,15.75,17.5,84.9,2.4,33.05,1.0,7.415684681023973,27.64099151555482,0.0584752929805485,2.6,0.88,3.56,108.8,10.2,15.6,4.47,5.7,3.0,3.038480272771554,0.4703768622539654,31.803180318031803,50.9,23.6,116.0,6.29,61.01,7.0636631426319045,11.17,1,7.405252266456444,-15.2,57.0,-5.494505494505495,45.72,1.1,78.748,5.796,5.23,4,33.7,18.2,22.0,61.7,58.3,43.22,2.9,-9.8,90.3,9.83,19.22,0.0,201.02,59.0,3.0,21.3,0.536,105.0,19.2,20.38
80,200070993,CA de la Baie de Somme,88.82211538461539,99.24357034795764,2.0,2.609166543592773,1.6920250013797418,74.95162864082708,2.0,34.8,21.5,16.9,19.53,2.57,7.3,29.3,53.0,9.36,7.12,15.2,79.1,0.7,30.866666666666664,1.2,5.818455806944474,32.90082784254097,4.079639610650792,3.9,0.13999999999999999,3.77,129.1,18.0,38.4,4.47,8.9,0.0,18.861095863067018,0.5002964539428509,41.89708693953909,70.5,15.1,119.0,12.139999999999999,61.01,6.71346831500333,3.56,1,6.630266710300254,0.7,39.0,1.3966480446927374,79.99,1.36,62.986,2.913,10.6,5,39.2,18.2,22.1,53.5,66.6,45.84,3.0,-5.08,116.4,10.28,13.19,0.209,303.23,58.0,0.0,20.3,0.554,126.0,19.2,17.01
80,200071181,CC Somme Sud-Ouest,84.4627895515032,99.07462686567165,10.0,0.263260349654239,2.548280912215342,71.51281715929898,2.0,34.875,18.5,4.3,5.3100000000000005,3.52,9.2,31.8,39.0,22.16,22.78,15.1,87.0,3.6,33.7,0.8,7.412274937573925,24.394958321588213,0.8789839019347216,3.6,0.0,3.15,124.2,17.3,22.6,4.47,12.7,0.0,0.6162742397411513,0.3047964717960133,36.94231315714692,63.2,12.7,109.0,10.65,61.01,5.629351166467208,15.25,0,6.189730065156686,-2.5,78.0,-11.11111111111111,100.0,3.19,74.44,3.774,7.13,4,29.2,12.3,15.4,63.2,61.7,43.08,2.8,-5.390000000000001,51.7,12.59,28.69,1.314,486.967,58.0,0.0,21.1,0.369,95.0,19.2,15.48
80,200071223,CC Nièvre et Somme,88.37920489296636,99.38271604938272,0.0,4.182549767047861,4.803617515712888,198.09193827516583,2.0,33.0,17.9,1.5,7.580000000000001,0.91,8.1,31.8,49.5,8.06,16.92,15.3,87.9,1.7,33.6,0.8,4.293084166095458,28.448422364470638,2.228689006466784,4.1,0.0,3.25,126.5,18.2,17.6,4.47,14.0,2.0,6.045541098064106,0.6470075960574047,31.164298180004987,61.1,31.7,104.0,12.78,61.01,5.485770188545002,6.13,0,3.977018854500178,-2.5,60.0,-3.30188679245283,62.13,0.79,61.22,4.51,7.69,5,28.3,12.8,18.7,51.0,72.3,37.84,2.6,-7.340000000000001,49.9,19.64,19.81,0.722,507.177,61.0,1.0,17.6,0.527,89.0,19.2,15.49
80,248000499,CC du Val de Somme,70.52631578947368,99.65397923875432,2.0,2.57281782561488,2.446234131165638,202.33424729567307,2.0,34.4,15.6,3.2,7.88,2.26,7.5,28.8,54.2,7.83,6.39,13.900000000000002,85.2,0.5,33.6,1.1,3.660239236255236,32.16136631330978,2.258415147265077,4.6,0.0,3.4,121.5,19.3,31.7,4.47,5.0,1.0,5.96904137235116,0.6664287910100921,33.47498695295609,60.2,20.9,103.0,9.93,61.01,5.196632978580811,5.66,0,5.305911052730344,-2.8,50.0,-18.421052631578945,47.03,1.35,70.896,4.715,6.49,4,27.3,9.2,12.4,55.0,71.8,35.96,2.6,-4.7,55.0,7.48,21.36,0.377,360.098,61.0,2.0,22.9,0.645,84.0,19.2,12.02
80,248000531,CA Amiens Métropole,94.27207637231504,99.72602739726028,5.0,1.4365522745411017,15.19868023646956,71.72503275385614,5.0,30.5,14.8,2.5,29.82,2.14,8.6,23.6,61.80000000000001,1.29,0.37,15.6,64.3,-3.3,33.6,2.0,2.8820807857635056,43.80449315481235,4.643129887585532,5.4,0.0,3.39,134.3,26.2,91.2,4.47,10.0,1.0,4.475737797956867,1.1554258922876073,35.26543063999828,71.5,14.099999999999998,91.0,13.07,61.01,5.671175906560598,4.21,11,5.334264009907559,-3.2,11.0,-10.197368421052632,30.32,2.75,59.98,4.723,6.54,5,46.5,20.9,15.4,37.7,65.8,53.01,3.7,-4.04,143.8,7.03,10.51,0.109,1023.589,,7.0,19.7,0.487,71.0,19.2,21.44
80,248000747,CC du Pays du Coquelicot,59.49646490774272,99.60230620318154,0.0,1.1672537988327465,1.1022100125766714,34.82310507800007,2.0,35.4,20.9,4.6,6.460000000000001,-0.25,9.1,33.7,56.1,13.91,11.63,13.3,81.5,-0.5,33.6,0.8,4.765487835465262,27.39484318970915,1.193050910442215,3.8,0.0,2.87,131.2,17.3,35.4,4.47,4.8,1.0,3.181456528713507,0.3218105670433131,36.81609601129545,53.2,34.300000000000004,109.0,7.670000000000001,61.01,5.868724879319745,3.94,0,5.622614166548848,0.9,58.0,3.7593984962406015,68.02,0.35,82.894,5.015,6.34,4,32.9,14.6,17.4,58.8,49.7,41.71,2.8,-7.19,82.4,10.65,21.82,0.358,496.294,58.0,0.0,20.2,0.522,96.0,19.2,15.61
81,200034023,CC Tarn-Agout,100.0,98.28030954428203,45.0,4.292720332546295,0.7698862357157094,0.0,1.0,37.8,12.3,2.3,5.54,17.11,8.4,25.2,33.9,12.04,6.28,12.0,81.7,-0.4,34.2,2.0,0.8355056480181805,35.88869118228549,1.7117421681316205,2.3,0.0,2.01,169.4,26.2,66.4,3.09,4.2,0.0,0.5718560576996853,1.2865150533492975,42.3957149813342,68.6,16.0,107.0,17.23,48.1,5.1062984684106585,1.67,1,5.343883839966573,-3.3,31.0,-30.48780487804878,59.9,13.91,67.522,3.958,8.06,6,31.2,9.7,16.2,52.2,80.9,29.58,2.8,-3.88,83.9,9.19,10.48,1.003,1764.973,63.0,1.0,33.8,1.096,85.0,9.2,12.13
81,200034031,CC des Monts d'Alban et du Villefranchois,99.86329460013673,99.55849889624724,53.0,0.008879338666856,1.6362341954394926,42.72577610536218,2.0,34.333333333333336,19.8,17.9,0.7100000000000001,5.0,10.8,29.0,36.8,44.71,42.93,16.1,77.4,-1.2,34.5,0.8999999999999999,2.044025157232704,21.211438865120464,0.0,2.5,8.88,4.72,184.6,9.4,43.6,3.09,36.2,0.0,0.1005309630672651,0.1637588037096336,49.61360123647604,57.8,15.4,123.0,26.290000000000003,48.1,5.585563968377686,28.3,0,6.796258768511302,4.3,65.0,-17.805383022774325,98.11,3.91,56.686,0.585,15.94,5,33.7,16.8,11.3,65.7,59.9,40.88,2.8,-5.3100000000000005,60.8,28.36,28.86,1.572,843.895,55.0,0.0,22.3,0.227,140.0,9.2,17.55
81,200034049,CC Centre Tarn,100.0,99.94869163673678,79.0,0.0399158573726584,1.639844249937635,406.8035459729152,1.0,35.333333333333336,17.7,9.0,1.96,-3.96,9.1,28.8,31.2,28.24,22.55,16.0,84.3,-0.2,34.5,1.0,1.2415750266051793,24.573422957600823,4.554029850746268,2.5,13.55,2.66,104.8,22.6,31.4,3.09,22.9,0.0,33.05467282754509,0.3418110380412951,40.36537625054371,62.3,11.7,114.0,24.34,48.1,5.439949402616129,3.55,0,4.949351117519827,-2.9,64.0,-6.976744186046512,98.42,7.19,60.28,0.813,14.03,6,31.3,15.3,15.1,55.6,51.1,35.47,2.9,-5.4399999999999995,58.0,9.64,18.82,0.887,326.229,56.0,0.0,27.2,0.364,106.0,9.2,15.12
81,200034056,CC du Lautrécois et du Pays d'Agout,100.0,99.77703455964324,60.0,0.7901434202184838,1.3184599801300283,0.0,1.0,36.6,13.6,6.0,1.06,0.0,9.4,28.5,29.2,29.13,14.79,12.4,86.8,1.8,34.5,1.4,1.3283926448996717,26.56124093473006,6.91183879093199,2.6,0.24,2.8,139.1,28.6,48.7,3.09,10.1,0.0,0.375773896411134,0.3658291221628107,36.46649853452389,60.3,12.2,114.0,31.319999999999997,48.1,5.276625313370128,1.4,0,7.424706943192065,-1.3,65.0,-24.58471760797342,99.99,8.35,66.894,1.809,9.6,7,27.7,12.4,13.8,58.7,50.3,38.1,2.7,-3.71,48.0,11.46,15.82,2.097,68.843,57.0,1.0,29.7,0.688,109.0,9.2,13.81
81,200034064,CC du Cordais et du Causse (4 C),99.72375690607734,99.85380116959064,11.0,5.9609202985830345,1.227696013663541,41.093572778827976,3.0,35.0,23.200000000000003,30.6,2.5,1.56,8.4,31.9,32.2,45.84,39.39,17.2,75.7,-3.3,38.05,1.0,1.8583906337112064,24.67157120336311,0.0,2.2,4.760000000000001,1.86,101.1,18.7,38.8,3.09,43.0,0.0,38.3670983760569,0.1493596425265315,65.63636363636364,68.2,11.9,147.0,17.0,48.1,7.203666245259165,9.29,0,6.380752212389381,-0.9,75.0,-4.651162790697675,100.01,17.92,43.421,1.909,16.56,6,37.7,23.6,17.8,68.7,52.6,76.19,3.6,3.0700000000000003,73.3,23.96,30.68,0.0,10.909,56.0,0.0,20.1,0.626,216.0,9.2,21.34
81,200040905,CC Carmausin-Ségala,99.7805413313826,98.75,11.0,4.301789049636528,1.2784474688250604,81.63242702251877,1.0,34.75,25.7,7.1,15.079999999999998,-2.67,10.6,27.9,57.6,18.52,12.65,16.900000000000002,86.9,1.2,36.1,1.0,1.1954175659970114,24.90619365527996,3.2429399432729062,2.6,1.8800000000000001,3.65,248.5,27.7,41.8,3.09,19.7,1.0,5.697705633152972,0.569202014796534,39.88687341525259,69.8,14.499999999999998,131.0,21.95,48.1,6.948578820051068,3.32,1,5.865777449267571,-1.9,44.0,-20.575539568345324,97.44,10.22,59.049,0.96,14.71,7,38.0,18.0,20.0,55.2,47.5,31.94,2.8,-2.85,68.2,11.65,22.52,1.328,579.611,58.0,0.0,24.2,0.484,143.0,9.2,15.72
81,200066124,CA Gaillac-Graulhet,100.0,100.0,49.0,5.608224108330977,1.2568178857354704,65.70687251921571,1.0,33.666666666666664,15.2,5.5,5.37,2.91,7.9,29.8,33.300000000000004,14.83,9.92,13.8,84.6,-0.3,36.13333333333333,1.5,2.5847591056995918,27.987957057402053,0.6194411648957103,2.7,0.38999999999999996,2.89,171.1,30.2,50.8,3.09,19.3,2.0,8.64014230193285,0.5865620730765764,40.85355670036871,63.6,12.9,119.0,14.549999999999999,48.1,6.2033759178556505,2.76,2,6.3076985293126455,0.1,41.0,-20.820433436532507,99.71,14.01,57.505,4.075,10.52,7,32.1,15.2,17.3,49.7,55.7,35.27,3.0,-5.58,68.9,11.02,23.38,1.574,832.102,62.0,2.0,26.7,0.599,103.0,9.2,15.39
81,200066553,CC du Haut-Languedoc,98.49624060150376,94.109396914446,30.0,3.311664418005642,6.26449273720976,154.64928553522185,1.0,32.8,23.200000000000003,50.1,2.64,0.0,6.6,28.000000000000004,35.3,43.52,60.77,18.5,76.7,3.1,35.5,0.7000000000000001,2.8916268544128743,23.30971078337484,0.6303683737646001,1.5,32.879999999999995,5.03,164.6,8.1,18.9,3.09,65.7,0.0,99.9542660314028,0.1265751732402858,61.82399213372665,57.8,30.4,135.0,14.510000000000002,48.1,6.421272419023825,3.77,2,6.138538413491568,-0.6,47.0,2.631578947368421,90.44,16.22,28.82,0.199,22.09,6,36.7,19.4,17.0,74.1,43.3,53.18,2.9,-5.72,101.8,34.55,41.45,0.0,68.83,51.0,0.0,14.6,0.16,202.0,9.2,16.14
81,200066561,CC Sidobre Vals et Plateaux,99.89561586638833,99.82978723404256,17.0,0.4773197360346095,1.6317626176372393,365.7535415325177,1.0,35.333333333333336,20.5,21.0,3.81,-0.45,9.9,29.5,35.4,31.87,34.1,17.0,84.5,-0.8,34.5,0.8999999999999999,3.377020181715848,27.85423318286909,0.8353987068965516,1.6,5.64,3.22,123.2,13.1,38.2,3.09,55.5,0.0,95.74748605757844,0.29468427377715,41.36789851075565,54.0,19.3,124.0,11.63,48.1,5.95174527498723,6.43,0,7.721017083829956,-5.5,67.0,-20.0,90.55,8.8,33.24,0.308,18.55,6,33.9,15.6,13.9,58.2,56.1,36.75,2.8,-1.27,69.3,21.31,23.25,3.216,84.312,57.0,0.0,19.7,0.249,174.0,9.2,15.29
81,248100158,CC du Sor et de l'Agout,99.57264957264957,98.98793304787856,62.0,3.4519548846714008,0.7538707060809985,46.67750724386974,1.0,36.8,14.9,4.2,2.04,1.0,8.7,28.000000000000004,26.9,12.32,11.25,14.2,90.5,2.0,32.9,1.4,1.2927691114366973,30.74623222893404,0.7052457346574993,3.1,0.1,3.02,150.7,35.7,55.5,3.09,15.6,0.0,21.94321766561514,0.973422547907149,39.0356394129979,57.7,23.200000000000003,113.0,19.139999999999997,48.1,5.14054034631656,3.02,0,4.725777525042649,-1.4,60.0,-15.777262180974477,98.27,8.43,61.629,1.178,10.18,6,30.2,11.1,16.9,53.2,62.4,29.04,2.7,-5.74,60.7,14.31,17.65,1.293,303.983,61.0,0.0,26.4,0.781,107.0,9.2,13.05
81,248100430,CA de Castres Mazamet,99.52198852772467,100.0,38.0,11.69950738916256,3.403446374669785,23.43074425035836,2.0,35.0,18.6,3.3,12.44,-0.32,10.3,25.6,54.29999999999999,5.46,1.56,17.0,82.0,-2.0,32.9,1.5,3.975992098665383,36.29243857835732,2.239507769403302,2.4,0.13,3.55,200.9,35.1,64.0,3.09,45.2,0.0,48.59330330918347,0.966388950085092,41.85411903532709,66.2,14.2,127.0,14.149999999999999,48.1,6.398637077208505,3.29,4,4.827979712595098,0.2,17.0,-18.27242524916944,46.23,17.02,29.439,0.716,16.43,7,41.6,18.9,18.1,41.8,52.5,26.1,3.1,-6.5,120.2,6.5,13.21,0.0,294.761,60.0,2.0,23.3,0.542,130.0,9.2,19.45
81,248100497,CC Val 81,,,11.0,,,124.3127475693194,2.0,37.25,20.3,16.5,1.9,51.72,11.1,29.5,42.2,48.91,44.93,16.0,80.2,5.8,36.1,0.7000000000000001,2.1586616297895307,18.05787423483584,0.0,2.3,12.07,3.6,162.5,10.0,24.3,3.09,33.0,0.0,0.0067171093267449,0.2041666952815817,41.85800070646415,70.6,8.3,131.0,47.63,48.1,6.138958119218912,8.99,1,6.711510791366907,0.1,74.0,-14.565826330532214,97.77,6.61,59.188,0.307,16.07,6,32.3,17.6,14.4,69.5,45.8,36.16,2.9,-2.17,71.7,26.05,29.21,0.0,74.179,54.0,0.0,23.3,0.465,158.0,9.2,13.96
81,248100737,CA de l'Albigeois (C2A),100.0,100.0,27.0,1.1357274254178995,1.785986109650886,72.7248438250841,2.0,31.0,15.1,3.4,13.100000000000001,4.68,6.8,24.4,49.8,3.31,0.82,16.6,79.3,-1.5,36.1,1.7000000000000002,4.858463110129123,36.83376336159233,3.862119013062409,3.9,0.01,3.44,203.8,35.2,69.3,3.09,4.8,2.0,0.0,1.8619586009608784,48.146220139973394,74.6,11.0,119.0,17.4,48.1,5.417584222215271,2.85,7,4.5576478602535095,-5.1,16.0,-30.29315960912052,38.33,15.96,45.013,2.613,11.94,5,44.6,15.6,15.2,45.7,64.1,32.96,3.2,-3.9800000000000004,127.6,7.13,7.13,0.832,3496.674,,0.0,29.6,1.263,130.0,9.2,17.52
81,248100745,CC Thoré Montagne Noire,97.53846153846156,92.09621993127148,11.0,3.5869490239359867,4.541664959574909,466.0221038089599,1.0,34.333333333333336,22.3,18.4,3.2300000000000004,-3.8,12.2,38.0,41.8,20.5,28.72,17.7,85.9,-1.3,32.9,1.0,3.1639311844967373,29.77291841883936,6.137497289091304,3.1,6.460000000000001,1.98,120.0,16.7,30.9,3.09,67.0,0.0,90.85704411210256,0.2432553464777347,42.1216848673947,45.4,15.4,149.0,5.89,48.1,6.737385807619424,3.95,0,6.387250049495149,6.3,39.0,-5.405405405405405,81.96,24.11,25.298,0.144,22.49,6,35.3,17.7,18.8,54.2,22.4,33.81,2.9,-5.16,92.3,13.78,30.78,0.0,167.707,56.0,0.0,17.5,0.394,189.0,9.2,16.36
82,200040418,CC du Pays de Serres en Quercy,92.64705882352942,98.77049180327867,75.0,2.0246955827416087,1.5349415940274962,80.04583432800192,2.0,34.57142857142857,23.0,19.1,2.77,-9.68,13.0,36.7,32.9,46.83,51.73,18.3,79.3,-3.3,39.85,0.7000000000000001,0.4769854519437157,19.344933469805525,0.3396017699115044,1.6,15.870000000000001,3.58,168.3,3.1,1.2,2.58,16.6,0.0,0.0671889523303678,0.1686317905787333,52.6006119086844,59.6,6.6000000000000005,147.0,18.060000000000002,46.55,7.365642831744528,8.35,0,5.1380822567263245,2.6,71.0,-49.28977272727273,100.0,16.87,61.88,2.843,14.15,4,37.0,22.6,18.3,56.3,51.5,48.06,3.2,-6.02,76.7,23.36,24.59,0.0,43.54,55.0,0.0,17.5,0.583,190.0,12.6,20.28
82,200066322,CC Terres des Confluences,99.33123524783636,99.86480396575034,77.0,2.9224677609768746,1.286357976741504,71.74140540029319,2.0,36.0,15.8,3.1,8.16,-1.02,8.8,29.3,41.1,10.24,4.19,15.8,84.2,1.7,39.2,1.2,0.8733212169849175,25.66536314970196,1.840392156862745,2.2,0.15,2.12,218.6,13.1,34.1,2.58,10.5,0.0,4.391250249961117,0.7476543854181614,39.182992913714045,66.3,13.900000000000002,120.0,18.73,46.55,6.913565476909278,5.66,2,4.993358290061587,-3.2,39.0,-18.48101265822785,55.97,15.81,53.969,8.662,12.23,6,33.9,20.4,21.9,49.8,46.9,25.37,3.1,-9.06,89.9,8.68,14.27,0.472,1556.204,59.0,1.0,20.1,0.893,96.0,12.6,23.12
82,200066652,CC Grand Sud Tarn-et-Garonne,95.90984974958263,100.0,77.0,10.455662074504811,2.461136182280433,79.62158213316636,2.0,32.875,11.6,1.9,6.77,26.95,6.8,23.7,24.2,7.39,7.6,14.6,89.9,0.9,36.9,1.5,0.6928246460820766,28.57970224508568,2.787878787878788,2.6,0.12,2.31,159.2,22.6,47.5,2.58,12.4,0.0,3.396200659765669,1.3156680151939912,36.42842552032502,57.7,34.8,98.0,6.4399999999999995,46.55,5.081858805845284,1.39,0,4.310138786392744,4.9,47.0,-26.356589147286822,51.12,10.51,57.744,4.188,9.68,5,27.7,11.5,14.1,52.2,61.8,24.57,2.7,-6.35,50.2,8.2,22.28,0.924,2094.237,64.0,3.0,24.9,0.945,64.0,12.6,12.99
82,200066884,CC Quercy Vert-Aveyron,94.73684210526316,98.6206896551724,75.0,6.608038952650668,1.6258884656525567,88.74434620753838,2.0,31.0,14.2,5.7,6.660000000000001,-0.83,7.4,24.4,22.0,15.24,13.39,15.7,87.6,-1.2,40.0,1.1,0.4146127977150228,26.7435437094324,0.2551351351351351,2.6,0.27,2.76,166.1,20.4,30.7,2.58,22.4,0.0,5.222179426404361,0.9814886625766204,37.758885773718006,74.2,9.5,111.0,19.470000000000002,46.55,5.889627334781658,0.46,0,5.440565103932332,-0.8,54.0,-28.28507795100223,90.08,6.57,50.109,2.975,13.92,5,29.8,14.0,15.9,49.5,47.3,28.61,2.8,-4.88,46.9,14.67,20.17,0.0,199.873,59.0,0.0,23.2,0.651,87.0,12.6,15.29
82,200067122,CC du Pays de Lafrançaise,99.438202247191,100.0,80.0,3.907608245715704,0.9053911905002444,72.96733892557559,1.0,31.0,14.9,3.9,1.97,0.0,8.7,28.8,26.1,18.53,22.63,14.000000000000002,89.9,1.4,39.2,1.1,0.3556820202738751,24.18457648546144,0.0250609119387399,1.7,0.7799999999999999,1.78,167.5,14.9,15.2,2.58,15.0,0.0,0.8374031622344039,0.5882182469172411,35.96621092049116,62.8,6.800000000000001,115.0,19.439999999999998,46.55,5.539072843384127,0.89,2,4.385244412138833,-3.2,65.0,-11.822660098522167,100.0,17.05,50.65,5.004,13.03,5,26.7,13.8,16.7,58.8,45.3,31.48,2.7,-4.91,41.1,15.73,16.09,0.0,52.251,61.0,0.0,24.6,0.986,89.0,12.6,15.09
82,248200016,CC des Deux Rives,97.8920741989882,98.50746268656717,69.0,1.8624443573125449,1.6489353347510851,129.0856129953966,2.0,34.0,20.1,7.2,3.8899999999999997,-1.49,10.2,31.1,33.599999999999994,14.07,14.03,18.6,85.1,0.6,35.15,1.5,0.6311471098721927,26.462372658560632,2.922504254112309,2.6,0.51,3.68,164.2,11.8,38.5,2.58,9.1,0.0,4.699060199598475,0.3949402758952011,43.15399650241745,53.8,11.5,122.0,10.79,46.55,6.963176847159241,4.21,2,5.120938917044545,3.2,48.0,-26.356589147286822,73.46,9.75,62.309,4.129,10.11,7,33.8,16.5,21.2,60.8,55.6,28.19,3.0,-8.12,92.0,9.18,20.86,1.052,544.183,58.0,0.0,24.4,1.082,115.0,12.6,19.13
82,248200057,CC du Quercy Caussadais,100.0,100.0,77.0,15.31322552038183,1.6843357228226083,93.71592976934048,3.0,31.0,21.1,7.3,6.2,14.01,10.6,26.6,31.2,17.25,13.67,19.6,85.3,0.2,40.65,1.3,0.7340706665361652,24.964018422567644,0.0850720949957591,3.1,1.41,3.92,186.4,22.0,34.6,2.58,14.5,0.0,1.202562538133008,0.4830790949593851,42.49440236291744,60.1,13.1,126.0,12.6,46.55,7.179922294393642,8.32,0,5.119045270736759,-4.5,53.0,-33.27922077922078,100.0,9.92,57.297,2.143,16.14,5,36.9,17.5,19.7,53.2,52.8,30.88,2.9,-7.3,80.9,10.21,30.68,0.0,537.85,58.0,0.0,20.4,0.667,127.0,12.6,17.39
82,248200065,CC de la Lomagne Tarn-et-Garonnaise,90.25177533892834,100.0,68.0,17.507518148037104,1.1371658932570134,59.13769123783032,2.0,38.25,21.6,7.6,2.27,-4.9,12.4,35.2,30.600000000000005,29.93,25.79,17.2,86.2,4.8,37.9,1.3,0.7997600719784065,23.48804500703235,0.0,3.6,0.22999999999999998,2.0,122.3,9.4,49.1,2.58,7.7,0.0,0.0,0.2334332770012564,44.36229205175601,67.4,7.8,139.0,27.02,46.55,7.095449619256766,2.0,0,6.582152126172889,-3.0,53.0,-22.22222222222222,100.0,12.12,74.229,2.742,7.58,5,33.3,17.5,22.7,62.0,48.4,35.49,3.0,-5.319999999999999,90.9,11.16,33.32,0.0,379.414,54.0,0.0,25.5,1.195,145.0,12.6,16.35
82,248200099,CA Grand Montauban,75.8462946020128,99.56440572495332,81.0,3.80101258054618,3.0361074312414127,79.39431620749566,3.0,29.0,13.7,1.6,12.93,10.25,10.2,22.6,45.7,6.59,0.76,16.0,81.5,0.1,40.0,1.7000000000000002,3.943634286275907,34.8950393946629,2.345831892078865,3.8,0.06999999999999999,2.21,249.5,33.3,90.0,2.58,7.6,0.0,1.212485843714609,2.120132955264394,51.00634132892198,72.3,12.4,108.0,14.219999999999999,46.55,5.860036321629494,2.33,8,5.22244435046711,-8.9,26.0,-14.425427872860636,28.44,9.72,40.785,9.836,10.43,5,37.6,17.1,17.5,43.8,63.9,30.04,3.3,-5.3100000000000005,132.8,7.58,9.17,0.0,1645.269,63.0,0.0,24.8,0.786,91.0,12.6,17.49
82,248200107,CC du Quercy Rouergue et des Gorges de l'Aveyron,100.0,100.0,73.0,4.330392943063352,1.4333103507537657,122.55627009646302,3.0,34.0,23.5,30.9,1.71,-8.33,10.0,30.6,32.2,39.82,45.22,18.2,77.7,0.1,35.300000000000004,0.8999999999999999,1.019367991845056,20.525480514900373,0.2842133620689654,3.4,25.369999999999997,6.37,131.4,20.5,8.5,2.58,43.1,0.0,11.346777493055406,0.137972221346433,65.98222110930261,70.6,9.5,150.0,19.15,46.55,7.175707591029123,3.82,0,5.244337412132257,-2.7,65.0,-19.195046439628484,95.57,13.86,44.598,0.177,26.05,6,41.0,24.5,17.2,65.3,46.1,66.64,3.4,-2.11,92.1,24.76,30.94,0.0,96.407,55.0,0.0,16.8,0.325,218.0,12.6,21.04
83,200004802,CC du Pays de Fayence,100.0,99.62121212121212,27.0,0.0,2.6980974966951736,341.5596352374398,5.0,21.0,15.0,24.6,2.27,0.0,8.1,22.0,17.2,13.62,10.66,13.7,89.1,0.4,41.3,2.4,5.777822567100003,39.69568136048333,0.4264383384932921,3.2,0.8699999999999999,2.35,198.2,11.4,57.1,2.86,79.2,0.0,31.069080397824703,0.8744656640007749,61.65582378389089,74.8,10.5,116.0,8.9,41.33,6.276375015258169,5.71,1,5.916227570492737,-1.3,45.0,56.060606060606055,5.34,15.34,9.66,0.669,29.86,7,28.4,14.8,15.1,42.3,56.6,29.06,3.5,-7.39,57.5,6.11,27.56,0.672,1695.453,62.0,0.0,25.4,0.268,114.0,14.8,11.87
83,200027100,CC Méditerranée Porte des Maures,100.0,100.0,30.0,2.4241998383866776,3.6369067352703257,14.732781893181867,5.0,18.5,10.6,49.0,9.08,28.01,2.3,35.0,15.4,8.06,5.04,15.9,80.7,1.9,38.8,1.7999999999999998,2.041254834550924,42.62666039731985,1.5139838214084156,3.4,0.36,3.22,206.0,23.8,55.2,2.86,74.8,0.0,58.65187008102524,0.72942566379924,61.51235549899247,73.2,8.200000000000001,129.0,8.53,41.33,6.340965919764721,1.29,0,9.122069559697094,11.6,14.0,-27.516778523489933,1.53,35.13,14.385,19.847,14.88,6,35.9,13.1,17.8,48.2,58.2,25.7,3.2,-5.13,83.0,3.5,20.83,0.645,488.705,58.0,0.0,22.6,0.181,174.0,14.8,15.38
83,200035319,CA Estérel Côte d'Azur Agglomération,100.0,100.0,33.0,,25.98571749382439,59.10696559408448,6.0,18.0,10.2,38.4,11.16,19.65,3.9,20.4,24.2,3.97,3.64,14.4,81.9,-1.0,41.3,2.3,3.575253315759124,48.82737496571272,1.721604184367035,2.8,0.26,3.38,238.4,28.2,93.3,2.86,63.5,4.0,39.3170523924464,1.036703516907088,63.34198993669859,77.4,12.4,135.0,7.000000000000001,41.33,6.122696399187574,0.25,4,4.260589070077225,17.6,5.0,-49.0990990990991,1.52,26.46,4.536,10.289,21.18,7,40.3,14.9,15.6,39.8,59.5,21.58,3.5,-8.19,99.7,3.2,7.8,0.082,1107.125,58.0,3.0,22.5,0.401,178.0,14.8,14.91
83,200036077,CC du Golfe de Saint-Tropez,100.0,100.0,27.0,1.4410114971024823,4.0490343822464245,80.07361215140483,8.0,15.75,15.8,57.5,8.58,12.02,3.9,22.4,11.5,6.33,8.53,15.8,75.8,3.1,47.9,2.4,6.659190891054947,47.40458869613878,0.9072313367925378,3.6,2.17,3.97,196.1,6.0,78.1,2.86,65.8,0.0,21.68175839390793,0.9852799377473314,99.06799551005136,74.1,11.3,118.0,4.89,41.33,6.730096843007666,0.35,1,5.306573163073058,29.0,14.0,-22.591362126245848,1.63,49.29,8.773,22.982,21.34,6,38.6,15.6,19.8,49.7,57.3,29.02,4.1,-8.92,112.2,4.0,11.17,0.0,220.076,57.0,0.0,24.3,0.426,156.0,14.8,16.55
83,200040202,CC Provence Verdon,100.0,100.0,39.0,9.49945195469492,4.845636654664111,121.83530345800988,3.0,24.25,16.5,16.3,2.34,0.0,10.6,28.3,17.099999999999998,14.72,26.44,16.1,86.0,-0.7,46.1,1.5,3.1409501374165685,30.73167754927687,2.415138461538461,2.9,1.08,2.62,205.9,9.7,34.3,2.86,74.1,0.0,44.859370910378594,0.3708333660230671,44.3508530663114,72.3,7.5,122.0,16.79,41.33,6.336138047224653,1.74,2,4.80428519985596,19.4,33.0,-26.190476190476197,39.46,35.91,19.627,2.297,28.42,8,31.5,15.5,18.6,54.5,44.6,38.74,3.0,-7.85,42.8,8.13,32.33,0.872,330.053,57.0,0.0,15.7,0.196,120.0,14.8,15.49
83,200040210,CC Lacs et Gorges du Verdon,100.0,100.0,29.0,1.729559748427673,4.020132054086621,148.700186833718,3.0,23.0,18.1,38.2,2.9000000000000004,0.0,8.4,29.1,15.9,18.92,38.39,17.0,74.9,-1.9,42.6,1.2,5.6767586821015135,33.51169545940987,0.0025886101154918,2.6,13.74,2.23,204.9,13.4,34.9,2.86,84.3,0.0,84.95199096806567,0.2173510423921234,72.72727272727273,75.5,5.4,160.0,10.76,41.33,7.128433466359044,4.45,0,5.030554343081624,36.8,67.0,-24.778761061946906,26.83,25.35,12.027,0.732,29.58,5,35.6,20.0,18.1,56.8,58.7,48.98,3.4,-6.93,76.8,21.69,37.75,0.0,112.815,56.0,0.0,14.9,0.136,212.0,14.8,17.69
83,200068104,CA de la Provence Verte,99.58419958419958,99.0950226244344,36.0,0.0,6.672039664285873,94.33650687819276,4.0,22.125,12.9,9.4,5.609999999999999,3.93,9.0,24.9,18.8,4.86,5.98,14.099999999999998,86.4,0.3,42.6,1.7999999999999998,2.65380443204711,35.98702030826768,0.3514218136859647,2.8,0.33,2.23,254.6,19.8,53.1,2.86,67.7,0.0,48.43475799603736,1.1347008230277198,50.16665242286984,73.0,12.1,113.0,11.52,41.33,5.928000259295006,0.97,3,4.6359786225673085,23.3,26.0,-12.401883830455258,5.62,45.41,16.435,10.14,21.76,8,30.1,13.9,16.2,44.7,57.7,33.15,3.1,-8.959999999999999,67.1,7.54,16.68,0.387,921.384,58.0,1.0,20.6,0.259,101.0,14.8,14.76
83,248300394,CA Sud Sainte Baume,,,28.0,,,60.86850358073425,4.0,11.0,11.7,38.0,7.07,57.39,3.5,26.0,23.6,6.67,3.13,13.5,81.3,0.4,35.95,2.0,2.484700685593337,47.2654219805701,0.4692021200401089,2.6,0.12,3.37,344.0,25.8,62.3,2.86,69.5,0.0,76.38659448599174,1.3759621956025927,65.82209590614984,74.1,15.8,141.0,7.1,41.33,5.450574827878045,0.46,2,4.967359195730583,-1.2,12.0,-19.653179190751445,2.07,56.76,9.365,35.651,20.57,6,37.8,10.9,14.2,40.6,77.8,30.58,3.6,-4.9,73.6,4.44,13.33,0.307,754.067,63.0,1.0,27.2,0.384,196.0,14.8,12.59
83,248300410,CC de la Vallée du Gapeau,100.0,100.0,29.0,1.6494322146799467,6.590632592227765,40.907882620173126,3.0,14.0,8.799999999999999,3.7,8.870000000000001,21.48,5.4,24.7,19.6,5.68,1.37,13.1,86.0,-0.5,38.8,2.0,1.9720275477078968,44.06896255213036,0.0133377425044091,3.9,0.1,2.73,267.5,31.8,74.2,2.86,61.6,0.0,45.611349546971866,2.462637041028413,48.91401902710465,66.1,16.6,103.0,5.43,41.33,4.943898639196235,2.73,0,4.3842680910593925,92.4,5.0,-31.428571428571427,1.48,23.22,10.519,9.191,12.1,7,30.9,10.9,20.9,34.1,55.4,24.79,3.0,-1.18,78.3,1.4,18.2,0.303,659.666,65.0,0.0,22.0,0.53,109.0,14.8,13.09
83,248300493,CA Dracénie Provence Verdon Agglomération,,,33.0,,,139.56144695928845,5.0,22.0,13.0,12.7,12.15,22.62,10.4,27.500000000000004,23.0,6.21,6.17,16.0,82.5,1.3,46.8,1.6,2.0437827599876663,38.79121025381657,0.6785585166821608,2.5,0.8,2.47,227.6,27.3,58.0,2.86,70.8,0.0,38.928164097226734,0.9656911791779208,52.4501801031382,78.2,9.9,114.0,12.25,41.33,6.754925626044072,1.32,4,5.317033141237248,22.1,21.0,-19.207920792079207,3.83,26.08,12.436,7.993,21.43,7,35.1,18.1,19.5,45.5,46.6,30.74,3.4,-8.459999999999999,87.6,12.57,18.48,0.0,553.007,,2.0,20.9,0.275,109.0,14.8,15.08
83,248300543,Métropole Toulon-Provence-Méditerranée,99.26931106471817,99.72324723247232,25.0,1.0392901153612029,,23.614949844128237,6.0,14.0,10.6,12.0,14.48,8.1,5.0,26.3,40.3,0.85,0.27,13.7,70.5,-1.4,38.8,1.7000000000000002,2.378930237314965,46.34379553181156,2.446782935571292,3.5,0.0,3.78,284.8,31.5,84.6,2.86,39.0,5.0,42.48705597416577,1.770967211318063,49.58933727077373,79.0,11.1,114.0,11.53,41.33,5.9941968537356844,1.0,9,4.5930495368028685,-5.5,2.0,-30.81570996978852,0.5700000000000001,63.93,7.39,22.42,10.34,8,43.4,17.1,16.9,35.4,54.0,29.01,3.4,-6.4399999999999995,106.3,1.58,4.67,0.067,562.557,,2.0,19.7,0.621,130.0,14.8,15.23
83,248300550,CC Coeur du Var,99.08256880733946,100.0,33.0,3.271243398943831,7.247179643013768,331.643797535916,4.0,21.666666666666668,13.7,8.0,6.76,12.8,9.3,26.9,14.499999999999998,6.26,7.28,16.3,86.9,3.1,43.4,1.5,2.836941340782123,34.576094736157195,0.2961235568468537,2.1,1.06,2.4,199.2,20.2,43.5,2.86,63.9,0.0,27.97314319930807,0.8505623023015711,44.402334244923445,70.0,19.1,108.0,6.710000000000001,41.33,6.695474078499863,0.87,0,5.443744829488004,4.7,44.0,-8.30860534124629,2.21,23.51,16.791,14.016,21.26,6,31.1,15.8,19.1,46.6,52.2,34.68,3.0,-9.39,66.9,5.27,24.0,0.0,761.214,60.0,0.0,19.2,0.259,90.0,14.8,15.03
84,200000628,CC Rhône Lez Provence,98.98477157360406,97.40932642487049,38.0,1.8124854353848945,4.03610253459799,181.01254009915428,2.0,29.5,17.299999999999997,3.0,9.56,-13.89,10.8,24.6,37.1,5.46,3.61,16.900000000000002,89.0,1.9,33.8,1.2,3.321714168546237,29.86069770210739,2.15976821192053,2.1,2.42,3.28,182.0,34.2,54.4,3.64,29.4,0.0,10.461472034010894,1.7392687200678183,43.550276734133234,66.1,11.2,119.0,8.08,38.53,6.643761472278191,1.23,1,3.912484828192357,1.0,39.0,-24.418604651162788,23.28,15.83,36.266,6.939,15.61,9,34.7,21.2,22.0,48.0,47.2,21.0,3.2,-12.06,86.1,4.2,17.8,0.0,637.498,54.0,2.0,23.0,0.57,101.0,12.2,16.43
84,200035723,CC Ventoux Sud,98.8251879699248,100.0,41.0,0.6423357664233577,5.046226005354901,127.86856425282544,2.0,28.5,18.7,25.6,2.55,-5.56,9.4,25.3,26.8,23.57,26.98,17.5,84.6,14.7,37.46666666666667,1.0,6.044815007816571,29.46783161239079,4.2399864986498645,2.2,35.03,3.13,132.9,7.3,17.8,3.64,61.3,0.0,92.65282552244342,0.2264000588588263,49.34613812832039,70.1,7.1,101.0,16.34,38.53,6.559042091972558,2.08,0,4.239165158130125,38.2,69.0,-19.21824104234528,51.39,59.16,31.59,3.333,25.58,5,35.1,16.9,32.8,58.8,56.2,47.94,3.2,8.86,56.9,10.27,25.55,0.0,326.931,56.0,0.0,19.3,0.238,123.0,12.2,19.28
84,200040442,CA Luberon Monts de Vaucluse,99.65108164689462,100.0,40.0,1.0573134786794804,5.290459146363835,212.5628919955642,3.0,28.2,14.7,12.0,11.1,1.45,8.6,27.4,35.099999999999994,3.07,3.04,15.0,84.3,0.7,43.6,2.2,3.607490528071352,37.62746869756035,3.3689143551018863,2.7,0.18,3.81,239.2,24.2,41.7,3.64,48.0,0.0,100.03423328528662,1.04877671400428,52.6062464346834,61.1,18.5,117.0,9.93,38.53,6.0660133713785855,3.81,0,4.2441500218690775,-1.4,14.0,-12.741312741312742,6.17,38.18,19.138,27.94,20.72,7,37.2,18.8,17.0,47.0,50.0,25.42,3.6,-9.83,98.8,5.63,13.19,0.0,1078.687,63.0,0.0,21.7,0.564,115.0,12.2,15.71
84,200040624,CC Pays d'Apt-Luberon,98.25218476903868,99.72027972027972,41.0,1.720993174864674,4.884835376687828,62.44889246596914,3.0,33.0,18.3,26.6,7.07,2.2,8.8,27.6,31.4,14.22,10.63,15.4,81.6,-0.6,42.1,1.7000000000000002,7.514022647899249,34.74654377880185,4.116666666666667,3.0,0.89,4.23,158.1,15.0,37.3,3.64,55.7,0.0,99.98315247091888,0.4714074580483205,62.184408936847205,65.8,11.6,138.0,9.01,38.53,6.9227628920578255,1.06,1,4.498318000823836,10.4,38.0,-2.1321961620469083,20.85,38.28,23.451,6.144,24.67,7,38.9,20.1,22.0,49.5,58.0,37.11,3.6,-7.39,97.2,11.36,12.44,0.0,238.985,58.0,0.0,15.8,0.602,156.0,12.2,18.9
84,200040681,CC Enclave des Papes - Pays de Grignan,82.42074927953891,94.51476793248943,47.0,2.1875854525567404,5.805569996482242,55.22514079549455,3.0,34.0,19.4,13.4,4.95,2.58,10.6,30.1,26.3,9.9,3.71,17.4,84.2,2.2,35.3,1.4,3.668346150446389,31.70294335889191,0.6785522788203754,2.3,0.04,3.09,173.7,17.0,35.1,3.64,39.2,1.0,11.052214002358744,0.409032606088253,47.88538484705072,60.8,13.7,132.0,14.44,38.53,6.815570714160379,10.61,2,6.878882260045622,-3.2,41.0,-7.093425605536333,20.03,35.28,34.728,14.315,13.53,6,36.1,18.6,19.0,51.2,39.4,32.62,3.3,-7.000000000000001,83.4,9.53,10.84,0.0,91.21,54.0,0.0,20.8,0.597,144.0,12.2,16.83
84,248400053,CA Ventoux-Comtat-Venaissin (COVE),98.79446746676712,99.81509096331644,37.0,0.6153973477435343,5.423991633666619,43.06726332758908,4.0,27.33333333333333,13.7,12.2,10.0,8.02,8.8,26.200000000000003,35.6,3.25,2.79,15.1,84.6,1.2,35.300000000000004,1.5,3.5054174633524537,34.502355650391905,2.588688380281691,2.4,0.2,3.05,202.2,22.2,54.9,3.64,42.6,0.0,70.37871325828642,0.8632003278229251,49.06152029640487,67.4,10.7,122.0,12.13,38.53,6.3761926250644665,1.66,3,3.681407942238267,-1.6,16.0,-17.338003502626968,4.55,28.87,28.17,19.415,12.17,7,34.5,20.2,19.3,48.1,41.7,34.56,3.5,-9.36,85.1,8.2,11.2,0.0,933.73,63.0,0.0,22.5,0.518,113.0,12.2,17.65
84,248400160,CC Aygues-Ouvèze en Provence (CCAOP),98.98477157360406,97.40932642487049,37.0,1.8124854353848945,4.03610253459799,22.112646545273137,2.0,28.33333333333333,13.8,5.1,3.81,23.57,7.7,24.7,29.200000000000003,4.48,2.57,14.000000000000002,89.0,-0.3,34.4,1.5,2.715781157416552,34.52389355544575,2.127962962962963,2.7,0.01,2.47,179.6,24.4,52.9,3.64,18.6,0.0,17.228821811100293,1.078906446679259,38.80914407230197,55.0,19.3,108.0,10.54,38.53,5.063223740891634,0.49,0,3.1069712767044875,-4.4,17.0,-14.19141914191419,9.25,27.38,54.384,19.195,6.58,7,28.8,11.0,15.6,49.6,61.3,27.21,2.9,-6.529999999999999,52.2,8.25,11.13,0.0,614.277,61.0,0.0,25.1,0.667,88.0,12.2,14.67
84,248400236,CC Pays d'Orange en Provence,99.3939393939394,100.0,36.0,0.3037346970401364,5.2458268239445935,68.6381032909815,3.0,23.0,14.099999999999998,2.1,16.470000000000002,4.03,9.7,26.1,44.3,4.52,0.53,16.5,81.9,1.1,34.4,1.9,2.6210876412413824,35.57715590300598,4.797045855379189,2.7,0.38,3.74,205.3,34.4,62.1,3.64,7.7,2.0,8.751020191849063,1.164172398276257,46.61566390041494,70.1,12.7,112.0,9.15,38.53,6.177021579888959,1.54,1,4.361028640310735,8.6,7.0,-28.22085889570552,12.27,30.36,59.995,17.429,8.54,7,38.6,19.7,18.5,45.8,49.5,21.63,3.3,-12.629999999999999,106.9,2.8,7.4,0.22,797.675,64.0,0.0,22.6,0.319,101.0,12.2,18.33
84,248400251,CA du Grand Avignon (COGA),99.06051395413098,100.0,21.0,0.3271537622682661,8.989525727674698,81.09005019039506,5.0,26.75,12.8,4.3,22.02,7.19,11.0,24.5,41.1,1.58,0.29,15.2,76.9,-2.3,35.1,2.0,0.77220856697269,39.78979973828493,4.5401007228750565,3.5,0.09,3.38,243.0,31.7,82.5,3.64,18.4,3.0,17.905510251246326,2.1286471206258843,49.955357142857146,70.5,12.3,107.0,11.26,38.53,6.077184642670006,1.51,10,4.355885511509548,-11.2,10.0,-13.372093023255813,4.29,26.65,23.507,10.781,16.18,7,40.5,22.5,19.4,39.5,46.4,29.71,3.7,-7.580000000000001,123.4,2.44,10.63,0.05,1477.381,,3.0,21.7,0.788,88.0,12.2,17.09
84,248400285,CC Territoriale Sud-Luberon,100.0,100.0,38.0,1.3121924548933843,2.9661534251162065,0.0,3.0,25.6,13.5,10.6,2.42,17.39,9.5,35.8,23.8,5.88,11.46,14.6,84.8,0.8,46.3,1.6,2.955013803025001,35.94990012416995,0.394117124322403,2.7,4.45,2.72,230.0,17.6,51.1,3.64,48.0,0.0,100.04676040805074,0.5570297876240121,46.56899954455746,67.5,7.000000000000001,112.0,22.15,38.53,5.340855674620564,1.56,0,4.091303828227701,8.0,42.0,-8.1145584725537,22.38,21.67,30.324,11.703,20.51,7,32.3,11.8,14.0,54.8,48.7,32.0,3.2,-6.329999999999999,45.7,7.13,11.5,0.0,655.078,61.0,0.0,22.2,0.438,101.0,12.2,13.92
84,248400293,CA des Sorgues du Comtat,98.79518072289156,100.0,37.0,0.5867068979968151,5.479196095155117,223.6727600109602,3.0,23.0,12.7,2.3,13.79,9.74,7.2,22.9,38.8,3.46,0.44,14.099999999999998,88.1,0.5,34.6,1.4,1.0975227343994982,36.343728100910994,2.7076333628057774,3.0,0.11,3.53,209.7,32.5,61.1,3.64,3.8,2.0,13.587078109932497,2.084686060810503,46.66139637120876,57.7,25.2,106.0,6.78,38.53,5.762903086862885,0.59,1,5.906211055276382,-21.2,13.0,-8.945686900958465,11.93,25.01,36.088,8.812,17.35,7,33.8,17.1,17.1,47.1,48.5,26.61,3.1,-8.35,83.4,0.8,12.2,0.0,1520.159,65.0,2.0,24.8,0.519,86.0,12.2,14.66
84,248400319,CC du Pays des Sorgues et des Monts de Vaucluse,99.6219281663516,99.88789237668162,33.0,0.971461121684337,5.718158058006502,8.560278642359567,3.0,22.0,13.2,9.0,10.65,3.95,6.3,25.6,32.800000000000004,3.89,0.06,15.0,83.8,-1.1,38.0,2.1,2.136814682551298,41.697529519410914,2.859289617486339,2.8,0.0,2.93,236.8,25.4,41.4,3.64,19.8,0.0,10.488456166296936,1.535125885149986,50.94156029992559,65.1,14.8,112.0,13.03,38.53,6.105952026221693,1.17,0,6.892312276519666,-20.3,12.0,-7.630522088353414,6.3,38.47,29.078,23.274,13.68,6,37.7,14.1,19.7,40.8,59.6,26.46,3.3,-3.53,84.7,3.8,13.8,0.0,1069.2,64.0,1.0,23.6,0.549,118.0,12.2,14.69
84,248400335,CC Vaison Ventoux,98.99732620320856,97.40791268758528,37.0,1.8448086979887968,4.042589649826638,102.86302681992338,2.0,31.33333333333333,19.6,22.2,3.84,-2.86,10.6,23.3,27.800000000000004,8.9,4.01,16.6,83.9,2.8,35.9,1.6,3.5731300619342545,34.48190176426737,3.757917337627482,4.1,0.74,2.38,202.9,16.6,58.5,3.64,43.7,0.0,28.49811566893753,0.5542680309694961,65.57472604336675,67.3,11.9,135.0,8.450000000000001,38.53,6.243271190504736,2.38,0,4.025656396115574,-0.2,44.0,-16.11785095320624,3.54,37.12,34.508,16.851,9.4,5,37.5,17.1,16.6,62.7,54.8,47.28,3.5,-7.7,102.2,11.0,11.11,0.0,275.122,58.0,1.0,19.3,0.62,154.0,12.2,18.23
85,200023778,CA du Pays de Saint-Gilles-Croix-de-Vie,99.94805194805195,99.7922077922078,90.0,0.3634994612418699,1.1632941238021328,105.07289102600798,1.0,29.0,14.9,46.6,4.68,42.4,4.0,16.3,29.7,5.86,4.7,16.900000000000002,86.5,0.2,34.3,1.5,1.673687377764405,39.87929433611886,5.453648915187378,2.9,0.0,2.82,92.7,20.0,58.7,2.32,5.4,0.0,14.080815992916255,1.950235740831994,42.382567657252416,64.0,22.9,164.0,11.39,86.58,5.434820815815729,1.88,1,5.267530580113843,0.8,29.0,-18.277310924369747,85.48,7.27,61.044,0.931,11.19,7,35.3,8.2,14.6,47.2,91.6,19.95,2.5,-5.72,89.9,6.57,18.29,0.752,2438.979,58.0,0.0,31.0,0.546,215.0,17.4,17.45
85,200070233,CA Terres de Montaigu,99.83473097875986,99.78322394171131,74.0,0.5497470417103906,1.2164001815191354,0.0,1.0,35.666666666666664,11.8,1.5,5.74,1.7,4.5,20.1,40.0,6.24,6.67,16.1,86.5,-0.4,30.566666666666663,1.7000000000000002,0.3363206520663935,30.46338339736873,4.580515665796344,3.3,0.0,2.57,75.9,19.7,59.2,2.32,0.7,1.0,0.0,1.4261196264478186,30.9972785701878,43.7,28.2,97.0,11.99,86.58,3.70829785677712,0.4,0,3.70715821812596,-4.1,44.0,-15.727002967359049,97.75,15.36,73.281,1.153,9.38,7,30.0,6.0,8.6,44.3,85.8,22.57,2.3,-5.42,96.8,8.44,10.78,1.385,8397.252,59.0,2.0,32.2,0.591,63.0,17.4,13.97
85,200071165,CA Les Sables d'Olonne Agglomération,99.94805194805195,99.7922077922078,86.0,0.3634994612418699,1.1632941238021328,0.0,1.0,27.0,16.900000000000002,33.1,7.3,11.5,3.5,22.4,42.3,1.95,1.51,13.7,80.5,-3.7,55.0,1.9,3.604927303480207,47.51026630929255,5.854238446425012,3.8,0.0,3.42,99.6,24.7,78.0,2.32,8.6,0.0,16.01593809551308,1.947153428093353,44.99199252635793,74.7,13.900000000000002,162.0,8.53,86.58,5.467131599284415,0.17,4,5.147352264006139,-5.5,13.0,-13.461538461538462,54.4,19.58,41.991,0.961,9.11,7,41.2,8.7,14.8,42.0,83.1,17.82,2.9,-2.97,102.4,8.8,9.6,0.342,3057.687,,0.0,29.5,0.68,231.0,17.4,15.66
85,200071629,CC Challans-Gois Communauté,99.94805194805195,99.7922077922078,94.0,0.3634994612418699,1.1632941238021328,11.79858415622549,2.0,30.0,12.7,6.2,5.33,33.59,6.3,19.9,34.3,6.53,8.99,17.0,86.0,-1.4,34.3,1.4,0.2761068928113598,33.93712143063167,2.770270270270271,3.1,0.43,2.76,112.9,23.3,57.3,2.32,1.2,1.0,35.19638556928409,1.4358073885463347,40.81121199853488,64.6,15.4,129.0,10.56,86.58,5.392388570461198,2.37,4,7.824022346368715,-1.3,42.0,-28.11004784688995,88.29,14.18,58.883,0.852,13.59,6,33.6,9.6,13.4,43.8,100.1,18.2,2.5,-5.390000000000001,94.5,10.18,11.18,1.381,3498.159,59.0,0.0,30.5,0.305,134.0,17.4,16.17
85,200071900,CC Vendée Grand Littoral,99.94805194805195,99.7922077922078,85.0,0.3634994612418699,1.1632941238021328,235.61682295626707,1.0,32.6,14.4,41.1,3.46,8.3,4.3,18.1,19.1,16.6,11.45,16.900000000000002,87.4,0.5,38.66666666666666,1.4,1.0726072607260726,35.302320592126435,2.483866889192333,2.7,0.33,2.75,89.0,25.1,33.0,2.32,6.5,0.0,36.25978100029595,1.0512113629411033,42.369205746814856,67.6,16.5,159.0,10.59,86.58,5.34528136751564,0.55,0,5.335404819135839,-1.4,61.0,-28.942807625649912,97.28,6.42,69.948,1.144,10.91,7,32.2,8.4,14.0,46.1,97.0,21.51,2.5,-5.83,61.5,12.55,21.4,1.375,2541.881,54.0,0.0,27.2,0.483,192.0,17.4,16.96
85,200071918,CC du Pays de Saint-Fulgent - Les Essarts,99.94805194805195,99.7922077922078,82.0,0.3634994612418699,1.1632941238021328,194.74172691879863,1.0,37.25,12.5,1.6,6.5,3.32,5.9,24.3,41.8,12.73,12.4,16.0,88.3,1.2,31.6,1.2,0.4818945339391436,24.229052019520303,3.200408997955011,2.6,0.24,2.41,63.3,24.9,50.9,2.32,4.0,3.0,0.0,1.1017902281790484,28.045574057844,38.3,45.6,97.0,9.06,86.58,4.301538170553414,0.69,0,4.579009518356831,-1.4,47.0,-34.206896551724135,97.44,5.64,52.93,1.616,8.6,6,28.6,6.4,8.9,43.4,87.3,24.61,2.2,-4.6,100.9,8.8,17.6,2.409,8236.028,58.0,0.0,32.8,0.283,60.0,17.4,13.85
85,200071934,CC du Pays de Fontenay-Vendée,99.94805194805195,99.7922077922078,78.0,0.3634994612418699,1.1632941238021328,193.3698370487722,1.0,41.6,17.8,6.4,11.07,0.62,9.4,29.2,45.8,14.37,11.87,16.400000000000002,85.4,0.8,32.3,1.2,0.2799003554734514,29.33481058507692,1.581580459770115,2.3,0.44,3.08,89.1,12.3,35.1,2.32,11.8,2.0,38.06228470547709,0.7153383926308937,33.955627705627705,65.9,17.8,129.0,14.97,86.58,5.73140199411386,4.76,1,5.007704160246533,1.1,56.0,-12.962962962962962,99.63,15.48,69.33,2.0,9.09,8,35.7,13.1,16.7,51.0,70.3,24.27,2.7,-4.5600000000000005,100.5,9.68,10.08,0.84,1243.506,58.0,1.0,24.8,0.638,134.0,17.4,16.89
85,200072882,CC de Vie et Boulogne,99.94805194805195,99.7922077922078,93.0,0.3634994612418699,1.1632941238021328,197.92671915552552,1.0,33.6,10.3,4.8,7.249999999999999,6.5,4.8,20.3,32.0,8.94,6.44,15.2,90.4,1.0,28.7,1.4,0.2805109615052649,28.247493519068,5.4442262642965416,2.4,0.0,2.37,69.8,25.6,47.2,2.32,2.8,2.0,0.0,1.1885461677417295,30.844361760602087,48.9,31.4,100.0,11.49,86.58,3.850097412127487,1.29,0,4.328207907155275,-0.6,53.0,-19.727047146401983,98.65,7.34,72.733,1.476,9.21,7,26.8,7.1,10.7,38.7,81.7,25.12,2.3,-5.029999999999999,72.2,7.93,20.2,1.942,6052.598,58.0,0.0,35.5,0.271,65.0,17.4,14.1
85,200073260,CC Sud Vendée Littoral,99.94805194805195,99.7922077922078,68.0,0.3634994612418699,1.1632941238021328,251.98434304125112,1.0,34.75,19.7,31.1,5.8999999999999995,1.72,5.5,24.9,31.5,16.5,18.0,18.2,86.2,1.6,30.5,1.1,0.8445794174198996,29.18114276551392,3.987402933563416,2.5,0.16999999999999998,3.05,74.9,24.9,44.3,2.32,4.4,4.0,66.86840331887294,0.5597896110686096,40.573964600838494,62.2,21.5,138.0,11.31,86.58,5.7995535795678,3.41,1,5.727196484894893,-1.5,45.0,-27.255092143549952,99.99,12.54,74.446,1.815,9.08,7,34.9,11.2,14.6,52.7,87.7,25.39,2.6,-4.63,83.6,9.57,15.36,0.898,2654.937,55.0,0.0,22.2,0.526,144.0,17.4,16.82
85,248500191,CC de l'Ile de Noirmoutier,99.94805194805195,99.7922077922078,92.0,0.3634994612418699,1.1632941238021328,0.0,2.0,30.0,24.3,68.6,5.34,18.89,1.4,33.1,17.0,7.43,4.49,17.1,78.6,-1.0,34.3,2.1,7.119741100323625,40.959904605753465,6.161456953642385,2.9,0.0,5.39,108.9,15.3,31.4,2.32,10.3,0.0,43.50736332459149,1.3487442799750788,70.09395122981104,72.8,11.0,165.0,16.34,86.58,6.003926882446874,2.16,0,6.930997420464316,-9.8,12.0,-52.80898876404494,19.8,45.17,14.529,50.885,19.92,6,41.5,11.8,14.0,59.0,99.0,30.85,3.2,-6.890000000000001,119.1,4.75,33.5,2.157,1258.313,51.0,0.0,23.1,0.64,287.0,17.4,17.22
85,248500258,CC Océan Marais de Monts,99.94805194805195,99.7922077922078,97.0,0.3634994612418699,1.1632941238021328,0.0,1.0,29.0,18.7,56.6,5.1,22.56,3.6,16.2,26.4,7.91,4.51,17.9,84.6,0.7,34.3,1.4,1.3364351828936296,35.4648176682075,5.720239457027378,2.8,0.0,3.46,111.8,17.2,61.7,2.32,10.8,0.0,72.38154210639674,1.3806322323835196,57.13592233009709,75.0,22.6,161.0,11.04,86.58,5.9840092476640026,0.99,0,3.989574148036724,0.7,35.0,-50.413223140495866,81.34,13.86,44.963,0.259,17.19,6,36.3,10.6,16.1,46.1,86.2,21.63,2.7,-5.24,89.6,6.8,16.0,0.0,2221.359,61.0,0.0,28.4,0.337,232.0,17.4,16.62
85,248500340,CC Pays de Chantonnay,99.94805194805195,99.7922077922078,82.0,0.3634994612418699,1.1632941238021328,0.0,2.0,37.0,15.3,3.8,7.62,3.63,6.6,27.200000000000003,36.3,16.62,9.57,17.5,88.8,2.1,30.15,0.8999999999999999,0.3445899379738111,22.196615526437085,2.9603672189879093,1.9,0.1,3.02,69.5,23.9,40.9,2.32,6.5,0.0,0.0,1.0480484046943317,29.30919960146131,52.0,29.3,109.0,12.58,86.58,4.76549847421902,6.89,0,3.876987447698745,1.3,47.0,-15.468409586056644,97.34,12.7,73.588,1.224,9.17,7,30.4,9.0,10.6,48.2,83.2,34.16,2.3,-5.17,83.4,8.0,35.5,1.292,5778.396,56.0,0.0,30.1,0.276,78.0,17.4,15.71
85,248500415,CC du Pays de la Châtaigneraie,99.94805194805195,99.7922077922078,79.0,0.3634994612418699,1.1632941238021328,318.8415447780344,1.0,43.333333333333336,17.1,8.1,7.32,-0.41,8.7,29.8,38.3,18.9,15.66,17.0,84.8,2.4,32.3,0.8999999999999999,0.5767382249279077,24.8168679469412,2.182659478885894,1.5,0.27,3.84,62.3,15.9,35.3,2.32,2.1,0.0,0.0,0.4222548778847957,34.309728407451544,44.3,30.6,130.0,11.01,86.58,5.395965718680755,11.53,0,3.067683630303807,-1.0,77.0,-16.79506933744222,96.99,12.73,82.991,1.006,8.81,7,31.3,12.8,14.0,50.3,96.3,23.33,2.4,-6.25,103.3,7.71,24.14,0.641,2248.009,58.0,0.0,21.7,0.518,118.0,17.4,17.03
85,248500464,CC du Pays de Pouzauges,99.94805194805195,99.7922077922078,78.0,0.3634994612418699,1.1632941238021328,12.10215355401148,1.0,42.0,15.9,3.9,6.38,-0.32,7.5,30.1,42.8,18.07,11.02,16.2,87.8,2.3,31.6,1.1,0.1290766715428964,24.37023267739248,5.299065420560748,1.7,0.02,3.01,80.0,23.7,44.1,2.32,3.1,0.0,0.0,0.4805322408957687,29.277868270475714,42.9,34.9,108.0,14.29,86.58,4.334808532131,0.86,0,4.382615444315095,0.6,64.0,-39.06666666666666,97.35,9.54,79.601,0.655,10.59,6,30.4,8.6,11.1,45.6,86.3,21.77,2.2,-5.58,87.3,8.5,36.5,0.43,5209.038,55.0,0.0,28.8,0.364,89.0,17.4,17.4
85,248500530,CC du Pays des Achards,99.94805194805195,99.7922077922078,88.0,0.3634994612418699,1.1632941238021328,0.0,1.0,30.25,11.4,6.5,4.99,14.41,5.4,20.0,27.1,12.07,13.21,14.2,89.8,-0.9,39.333333333333336,1.3,0.0991375037176564,29.537751496358258,3.200136147038802,2.1,0.0,2.48,72.8,31.7,33.6,2.32,2.5,0.0,0.0,1.1328299041080594,33.76598028691324,47.5,26.4,104.0,11.16,86.58,4.732972655278684,0.5,0,2.9172424705944406,-0.1,77.0,-33.15068493150685,98.12,7.34,69.564,1.171,9.17,5,26.6,7.8,10.3,48.0,82.8,19.68,2.2,-6.21,72.0,13.22,21.0,2.478,3790.378,58.0,0.0,32.5,0.298,70.0,17.4,14.09
85,248500563,"CC Vendée, Sèvre, Autise",99.94805194805195,99.7922077922078,79.0,0.3634994612418699,1.1632941238021328,0.0,1.0,45.333333333333336,17.2,9.7,5.07,-1.67,8.6,31.8,30.1,20.21,25.06,16.3,88.4,1.8,32.3,1.0,0.3088135383855228,24.502950522015432,0.676079734219269,2.1,0.77,3.71,78.3,13.4,31.2,2.32,3.5,1.0,76.85229540918162,0.420056962011295,31.474657161843776,58.7,23.0,123.0,13.089999999999998,86.58,4.905213416517389,1.24,0,4.728951757366112,0.1,47.0,-4.682274247491638,99.44,14.88,78.837,1.751,11.17,7,30.5,10.2,12.5,55.2,89.4,24.27,2.5,-4.14,58.0,15.53,16.33,0.0,1003.443,56.0,0.0,22.8,0.617,115.0,17.4,15.97
85,248500589,CA La Roche-sur-Yon - Agglomération,99.94805194805195,99.7922077922078,85.0,0.3634994612418699,1.1632941238021328,37.622001974092576,2.0,31.0,11.8,3.1,17.560000000000002,7.64,5.6,18.5,48.9,7.28,2.83,18.2,82.2,-1.5,28.7,2.0,2.832832426285436,37.859883387208846,4.520223703536324,3.3,0.01,2.64,91.1,32.4,74.6,2.32,3.6,0.0,0.0086751889595756,1.8424651325834267,35.55078334716189,68.6,13.3,107.0,19.28,86.58,4.680478389494192,1.93,8,4.211868512467401,-0.5,28.0,-6.896551724137931,91.23,13.49,62.631,1.385,10.06,8,40.1,11.0,11.7,44.2,79.4,37.16,2.7,-4.89,137.6,11.23,11.69,1.015,10958.954,56.0,2.0,31.1,0.269,85.0,17.4,17.99
85,248500621,CC du Pays des Herbiers,99.94805194805195,99.7922077922078,77.0,0.3634994612418699,1.1632941238021328,1.4607274989359265,1.0,36.5,10.3,2.4,8.14,9.29,3.9,23.6,42.5,11.0,3.74,16.7,87.8,0.6,31.6,1.4,0.1951727278641598,27.60878125615279,5.289876543209876,2.5,0.03,2.93,75.8,30.6,57.5,2.32,6.2,1.0,0.0,1.5648331702943798,35.52689803400973,48.0,36.0,99.0,10.45,86.58,3.963804979550836,3.25,3,5.772007366482504,0.6,47.0,-14.205607476635516,97.9,14.88,69.885,0.818,10.13,7,32.6,7.5,11.4,48.9,79.8,26.48,2.3,-5.779999999999999,126.8,8.25,30.63,2.277,10261.711,56.0,0.0,31.6,0.336,72.0,17.4,16.89
85,248500662,CC du Pays de Mortagne,99.94805194805195,99.7922077922078,58.0,0.3634994612418699,1.1632941238021328,14.202336848104872,1.0,38.66666666666666,11.9,3.3,8.61,6.31,4.9,23.200000000000003,46.9,10.3,8.1,15.7,87.8,1.0,32.5,1.2,0.2125097400297513,26.486373821061957,2.602472089314195,2.3,0.0,3.19,53.3,30.8,40.3,2.32,2.9,1.0,0.0,1.4928429605201088,28.56359085142132,40.7,33.300000000000004,106.0,11.62,86.58,4.216903704391517,0.35,0,4.364929765644748,-0.2,60.0,-12.224108658743631,95.02,8.54,79.213,0.738,11.02,6,28.8,5.8,9.6,41.1,93.9,27.52,2.2,-5.050000000000001,85.2,9.64,17.18,1.771,4439.872,55.0,0.0,32.1,0.507,83.0,17.4,14.31
86,200043628,CC des Vallées du Clain,93.44432882414152,98.81796690307328,58.0,4.891372261991895,1.5125039628918435,82.46359304000886,1.0,32.0,10.8,2.6,6.39,2.02,5.2,23.6,35.5,14.95,14.8,12.7,91.4,2.6,32.4,1.5,3.313940643640916,31.15850649706672,1.3533462558661498,3.8,0.01,2.95,88.8,19.8,27.2,4.02,23.1,1.0,0.3766113203543579,0.8094117956346631,31.13586229342205,69.6,12.9,101.0,23.94,51.21,4.831779567963063,1.84,0,3.986277229950133,0.1,48.0,-25.40322580645161,98.13,8.69,60.299,1.859,8.64,6,28.0,6.6,14.6,46.3,74.7,21.84,2.4,4.96,46.6,18.31,18.94,0.0,574.621,59.0,0.0,30.2,0.717,86.0,19.4,11.68
86,200069763,CC du Haut Poitou,93.44432882414152,98.81796690307328,75.0,4.891372261991895,1.5125039628918435,164.30678720045918,1.0,35.25,13.900000000000002,2.9,5.47,3.88,7.1,24.5,35.6,13.52,18.88,14.499999999999998,91.2,1.6,32.4,1.3,1.5023608527686363,27.414330218068542,0.8795584787705131,3.9,0.9199999999999999,2.15,92.0,16.3,33.0,4.02,9.4,0.0,26.802108248234774,0.5584014854324176,33.47466560472253,62.3,21.2,105.0,12.57,51.21,4.329278166598051,3.82,1,4.2127521613832855,-2.4,62.0,-21.352313167259787,100.0,5.65,78.011,2.79,6.8,6,29.0,9.1,12.7,44.8,68.4,21.34,2.5,-3.9600000000000004,47.8,20.74,27.96,0.0,841.435,59.0,2.0,25.3,0.538,79.0,19.4,12.67
86,200069854,CU du Grand Poitiers,93.71714991820112,98.91978499069673,63.0,4.516218425895588,1.6695757788781125,43.12245218651946,3.0,35.4,14.099999999999998,3.1,17.849999999999998,5.94,7.6,24.9,47.1,5.59,3.15,18.5,75.0,-2.9,30.9,2.8000000000000003,4.668553053355618,39.80661291123732,3.053604775243431,4.2,0.1,3.0,107.3,22.8,43.9,4.02,19.0,3.0,9.410299499589216,0.928414299271304,34.079230238365945,73.9,7.8,96.0,11.799999999999999,51.21,4.879843792678714,2.03,15,4.042022913155738,-2.4,25.0,-20.33678756476684,56.43,7.12,57.389,2.127,8.19,8,47.3,16.0,12.3,41.3,62.7,32.43,3.3,-3.44,125.3,11.9,17.52,0.102,1376.872,,1.0,25.8,0.628,80.0,19.4,19.19
86,200070035,CC du Civraisien en Poitou,93.44432882414152,98.81796690307328,54.0,4.891372261991895,1.5125039628918435,84.44444031790835,1.0,40.4,22.3,11.5,4.4799999999999995,1.09,12.9,34.599999999999994,34.2,30.87,31.37,17.599999999999998,84.9,0.9,31.6,0.8,1.1594419717993794,20.716704288939056,0.1354983202687569,3.1,1.37,3.74,82.2,15.8,47.8,4.02,11.4,1.0,0.2434040264847242,0.3255254949949084,39.278440500436425,63.6,18.4,139.0,19.950000000000003,51.21,6.611781465377919,13.84,0,4.976935990073717,1.2,66.0,-26.00258732212161,98.38,9.48,77.187,1.614,8.63,5,36.1,16.3,16.6,51.9,60.3,30.52,2.8,-2.71,76.3,15.74,26.37,0.0,217.486,57.0,1.0,20.4,0.568,153.0,19.4,16.26
86,200070043,CC Vienne et Gartempe,93.44432882414152,98.81796690307328,50.0,4.891372261991895,1.5125039628918435,102.53685294875096,2.0,38.888888888888886,23.200000000000003,14.6,5.35,2.48,14.3,35.9,35.8,28.33,39.96,19.3,81.4,-1.4,31.433333333333334,1.3,0.7753140021708792,24.186748153018996,0.561225056972931,3.0,5.33,3.88,79.9,15.4,44.9,4.02,13.1,3.0,7.200964694580097,0.2335458257444803,43.23143007862544,58.6,15.6,141.0,18.19,51.21,6.527523411596428,21.45,3,5.337112430256554,-2.1,65.0,-14.484272128749083,99.1,11.34,70.499,1.145,11.84,8,38.4,16.2,14.7,58.3,54.8,32.95,2.8,-3.1399999999999997,89.8,17.64,19.58,0.258,314.753,55.0,1.0,20.5,0.358,176.0,19.4,16.71
86,248600413,CA Grand Châtellerault,93.4520509977827,98.81299931821758,58.0,4.888961834381368,1.5128846605100998,92.35143485735584,2.0,35.875,18.9,5.8,12.13,-1.95,10.4,27.3,51.5,13.09,12.87,17.2,85.0,-0.3,29.4,1.1,4.652620413673401,28.937150500678097,2.354049295774648,3.3,0.43,3.37,77.1,10.3,36.6,4.02,24.8,4.0,4.031784044585707,0.6389877977790398,33.35848878617079,55.0,20.6,123.0,11.32,51.21,6.4417811012223325,3.74,1,4.151252408477842,-0.6,44.0,-33.0607476635514,96.93,8.52,53.588,1.766,9.65,7,38.0,15.8,20.1,43.5,54.7,32.45,2.9,-2.86,96.9,15.23,16.02,0.121,976.11,59.0,0.0,20.7,0.545,120.0,19.4,16.68
86,248600447,CC du Pays Loudunais,93.4457415634748,98.8191089640365,75.0,4.891982850279261,1.512208451483804,89.01440922190201,1.0,37.625,21.7,13.4,10.780000000000001,5.16,12.5,29.3,35.099999999999994,30.19,26.32,19.4,84.7,0.6,32.8,0.8,0.8212877792378449,19.70789074355084,1.1515465341066005,2.3,2.41,2.87,91.4,15.1,24.7,4.02,17.4,1.0,19.704121739742583,0.2829871965397647,36.0,61.5,13.0,125.0,18.47,51.21,6.649997660763996,4.11,0,5.634968069428525,3.8,64.0,-19.25754060324826,100.0,3.61,72.376,2.559,7.48,6,36.5,15.7,15.6,57.8,54.8,38.23,2.6,-4.9399999999999995,78.4,14.09,33.02,0.0,304.8,54.0,1.0,15.5,0.411,132.0,19.4,18.83
87,200040814,CC Briance Sud Haute Vienne,98.6100386100386,100.0,52.0,8.168431645400442,0.8735913086462108,47.29572836801753,1.0,24.0,18.8,14.9,2.8899999999999997,3.51,8.3,31.0,33.599999999999994,35.84,33.99,16.5,86.8,-1.7,31.8,0.8999999999999999,1.310329766324525,24.043715846994537,0.0994099767566601,2.6,3.6900000000000004,3.28,137.7,9.6,27.8,4.65,26.2,0.0,26.853053899501155,0.3613368049250515,41.09442060085837,59.1,17.299999999999997,112.0,11.12,48.06,5.16046139610746,12.01,0,4.032275771215281,-4.0,88.0,-12.912912912912914,91.89,7.68,55.686,0.294,17.37,2,33.1,13.0,12.1,57.9,63.1,44.22,2.8,-4.21,50.5,24.18,29.0,4.368,668.455,58.0,0.0,29.6,0.155,116.0,17.8,10.9
87,200059400,CC Porte Océane du Limousin,98.64527629233513,100.0,52.0,8.149811050019672,0.8394420856809706,10.381302521008404,1.0,34.0,20.5,7.2,11.82,10.74,10.0,26.9,49.2,15.03,11.56,18.3,87.3,1.3,32.5,1.0,1.0122245581250486,30.05666834988498,0.4206896551724138,4.0,0.6,3.5,157.6,12.8,40.0,4.65,21.9,5.0,41.02504193273108,0.8260313848774274,41.852827738954446,60.3,10.2,123.0,8.91,48.06,6.689206324488764,3.11,2,5.066025616070386,-6.5,50.0,-30.96590909090909,92.55,6.06,50.276,0.608,15.6,5,39.3,13.5,17.0,50.2,63.7,24.6,2.7,-2.23,99.3,12.69,12.69,0.779,683.545,53.0,2.0,24.4,0.204,141.0,17.8,14.81
87,200066512,CC Élan Limousin Avenir Nature,98.46846846846849,99.6527777777778,52.0,4.952767509845135,0.8530594823144331,428.6635707288757,1.0,35.5,19.0,10.8,6.74,-3.35,9.9,32.2,37.7,21.29,25.67,15.9,90.2,1.0,33.7,1.0,2.440001456717288,25.870548888451705,0.4313646170442286,3.3,0.58,3.64,154.8,12.4,24.6,4.65,49.2,0.0,4.04798719047696,0.4342936427487768,36.55558747486354,67.2,21.2,114.0,11.17,48.06,5.346405195178841,2.55,1,4.266633100769618,-2.3,65.0,-29.381443298969074,89.29,12.83,32.658,0.747,18.43,4,33.3,10.7,13.2,51.2,60.6,35.14,2.5,-2.8899999999999997,48.9,19.54,30.75,2.549,279.733,57.0,3.0,28.4,0.166,115.0,17.8,12.2
87,200066520,CC Ouest Limousin,98.531211750306,100.0,52.0,8.156140480690969,0.8471578940938093,45.57517667844523,1.0,36.25,22.3,20.0,3.1199999999999997,3.64,13.6,34.0,28.2,25.69,30.73,18.5,83.1,-3.2,32.15,1.0,2.286719437115216,24.8980570880307,3.089454976303317,3.2,1.8399999999999999,4.4,148.6,13.4,23.1,4.65,38.6,0.0,97.855037786359,0.2897776584445547,41.894828335506304,57.3,20.5,138.0,8.19,48.06,6.762745467093291,9.67,0,5.698199385155907,1.4,92.0,3.987730061349693,93.47,10.13,45.708,0.41,18.0,3,35.6,18.0,17.2,61.9,48.3,33.07,2.9,-5.46,64.1,20.25,25.13,0.88,40.852,54.0,0.0,20.5,0.154,190.0,17.8,15.83
87,200070506,CC Pays de Nexon Monts de Chalus,98.63885839736554,99.91995731056564,52.0,8.22150330109759,0.8720751565221375,31.180785758133823,1.0,33.5,21.5,11.8,2.17,20.37,11.2,35.2,37.3,22.22,31.46,17.0,87.1,0.9,32.15,0.8999999999999999,1.675169420543669,26.001944474451765,1.0678210678210678,2.9,0.35000000000000003,3.81,165.3,13.6,33.1,4.65,25.0,0.0,62.87163508842748,0.5424866327199274,40.93567251461988,63.1,20.200000000000003,125.0,12.86,48.06,6.124592165192257,3.81,0,5.075107296137339,-1.5,71.0,-19.143576826196472,98.6,8.5,56.022,1.149,16.41,3,34.4,13.5,14.0,57.1,59.8,37.31,2.7,-3.06,60.0,18.47,23.33,0.761,126.706,58.0,0.0,23.7,0.181,139.0,17.8,13.06
87,200071942,CC Haut Limousin en Marche,98.31223628691984,99.26730672056594,52.0,6.366127581536481,0.6788466702895259,71.22384526043062,1.0,38.0,27.1,18.9,7.720000000000001,-3.56,15.7,39.6,37.2,32.29,32.31,20.6,78.3,1.7,34.05,0.7000000000000001,0.8037867285880147,20.66881282438736,1.111827494806218,2.4,4.71,5.81,98.6,11.5,24.8,4.65,11.5,0.0,1.9540595932524043,0.1822981246220302,47.85500065197549,67.2,13.5,155.0,8.870000000000001,48.06,7.385458198550615,5.36,2,4.8602334562050205,-1.0,64.0,-24.28687856560717,97.91,10.83,66.252,0.299,14.27,4,41.3,21.0,18.7,63.8,49.1,33.13,3.0,-4.65,92.9,16.0,34.73,1.34,130.395,53.0,0.0,19.9,0.168,229.0,17.8,15.88
87,248700189,CC du Pays de Saint Yrieix,98.65319865319864,99.90982867448152,50.0,8.24115012855513,0.8811960651525131,1.7114177131526769,1.0,36.0,24.5,9.9,5.34,6.33,12.4,31.5,43.10000000000001,19.52,11.01,18.5,80.4,-2.2,33.4,1.0,1.151221116684483,28.53107344632768,0.2519893899204244,3.6,0.0,4.93,161.2,19.2,79.7,4.65,25.5,2.0,97.16833851161417,0.4921497128906479,46.162402669632925,67.0,11.7,140.0,8.559999999999999,48.06,6.6912462485617015,5.76,1,6.495059370588724,2.5,53.0,-23.450134770889488,94.03,11.82,56.286,1.646,16.16,3,39.1,16.0,13.9,46.1,60.3,38.98,2.9,-3.2199999999999998,103.1,9.78,9.78,0.0,237.566,52.0,0.0,24.7,0.154,203.0,17.8,16.77
87,248719262,CC Gartempe - Saint Pardoux,98.29059829059828,99.41176470588236,52.0,6.379198966408269,0.6783273939909111,11.416650304339289,0.0,40.0,25.6,21.0,3.88,0.0,13.0,31.2,31.4,34.18,35.84,17.9,85.5,6.4,33.300000000000004,0.7000000000000001,1.7595307917888563,19.04894327030033,2.821138211382113,2.4,0.33999999999999997,3.91,147.9,8.3,27.3,4.65,26.5,0.0,2.3698407539811503,0.2488610658524754,43.612504824392126,65.5,11.8,135.0,6.069999999999999,48.06,6.579409649219875,21.51,0,4.280402788536018,-3.3,70.0,-43.51464435146444,93.21,11.94,60.769,0.354,15.02,2,38.4,17.8,12.9,55.6,53.0,28.54,2.8,-0.96,52.2,16.5,44.17,1.955,81.05,56.0,0.0,19.3,0.124,156.0,17.8,14.54
87,248719288,CC du Val de Vienne,98.6013986013986,100.0,52.0,8.17651336443128,0.8770897129226288,7.783380420095812,1.0,30.5,14.6,2.4,6.550000000000001,6.74,8.4,24.7,46.7,15.59,6.79,13.1,90.9,-0.5,31.8,1.2,3.434529285495247,33.6924989639453,0.3186507580514937,2.9,0.0,2.45,186.7,16.0,25.0,4.65,17.2,0.0,0.38497772119669,1.1876281203569037,29.825514701442977,69.0,9.9,110.0,20.13,48.06,5.0278965407582765,1.23,0,5.638139995053178,0.1,56.0,-16.0,89.78,2.09,56.775,0.699,14.77,4,28.2,8.1,14.3,52.7,69.7,28.27,2.5,-2.93,42.7,7.44,16.67,0.613,292.821,60.0,0.0,29.6,0.373,98.0,17.8,10.46
87,248719312,CU Limoges Métropole,98.86197366281904,99.92454253914356,52.0,6.501215759358981,1.1072331782873368,34.50166008440779,3.0,24.0,15.1,2.9,20.23,2.84,7.7,22.2,59.20000000000001,2.68,1.13,17.5,78.7,-1.5,31.8,1.6,2.722704166606323,42.239355831558655,1.4997127221693711,4.3,0.01,3.62,195.3,21.9,56.6,4.65,21.7,2.0,0.0886484833425715,1.9229267473345184,34.8552492071869,72.7,8.6,106.0,7.7,48.06,5.538617947794022,1.64,13,4.158438188754226,-3.3,15.0,-8.55614973262032,25.42,11.48,35.769,0.502,16.24,7,48.6,17.6,14.1,40.7,54.7,41.46,3.4,-4.130000000000001,124.5,8.75,11.25,0.483,621.461,,1.0,25.5,0.294,106.0,17.8,17.96
87,248719338,CC Briance-Combade,95.0,98.09523809523807,52.0,0.0,1.0292774644104217,94.40093632958802,1.0,39.0,25.1,15.3,3.9,7.45,15.3,40.7,32.3,32.77,47.68,18.8,83.4,-2.1,33.4,0.7000000000000001,1.486988847583643,23.584428715874623,0.0,2.4,0.6,5.58,118.2,11.9,38.6,4.65,32.9,0.0,35.4400636340184,0.2804526073146892,37.74967931097672,64.4,5.6000000000000005,135.0,2.8000000000000003,48.06,7.414688447020046,3.72,0,6.59136583550428,-0.6,59.0,-28.272251308900525,95.26,8.52,54.264,0.168,17.24,2,40.4,17.2,12.2,61.7,61.1,38.85,2.8,-5.9799999999999995,61.9,23.7,40.9,0.0,49.478,55.0,0.0,23.3,0.19,192.0,17.8,13.9
87,248719353,CC des Portes de Vassivière,92.5925925925926,89.24731182795699,52.0,4.506349856616141,1.0514810214294532,108.76846167339065,3.0,37.66666666666666,26.700000000000003,32.1,4.55,1.57,10.9,34.599999999999994,34.5,34.8,48.79,20.8,69.3,-7.4,34.13333333333333,0.8,1.053001053001053,23.462783171521032,0.010752688172043,2.2,9.91,5.27,153.8,17.4,33.4,4.65,55.6,0.0,99.9502581200258,0.1546916369128682,58.94590846047157,66.1,11.4,151.0,17.79,48.06,7.308276684253246,8.78,0,4.817294034090909,-6.8,59.0,-17.582417582417584,88.96,8.05,34.118,0.207,20.27,3,41.9,21.6,21.4,62.4,43.5,69.67,3.2,-3.56,94.2,30.42,43.92,0.0,183.773,54.0,0.0,15.5,0.134,217.0,17.8,15.65
87,248719361,CC de Noblat,98.7168520102652,100.0,52.0,7.356914762957504,0.6431603912929718,95.4253559553244,1.0,33.5,23.1,8.6,5.949999999999999,-9.67,11.2,29.6,41.3,26.34,27.47,16.400000000000002,91.4,4.7,31.8,0.8999999999999999,2.0434227330779056,27.894922841324068,0.0,3.5,0.0,3.41,108.8,11.4,34.8,4.65,28.0,0.0,2.366807774310169,0.4168355198750036,39.312244386946,65.1,14.4,122.0,8.48,48.06,5.830443711081939,5.11,0,4.659219290110446,-0.4,67.0,25.821596244131456,91.15,7.88,58.825,0.399,16.6,5,36.3,12.2,13.8,57.2,46.0,38.65,2.7,-2.82,55.2,9.92,23.42,0.851,48.41,57.0,0.0,27.6,0.18,129.0,17.8,12.63
88,200005957,CC de la Région de Rambervillers,100.0,99.7995991983968,55.0,1.12391121101433,3.098829753078052,104.42180462804784,2.0,43.5,25.2,3.6,6.77,-5.03,13.0,27.800000000000004,46.0,18.12,17.64,18.5,85.7,0.5,31.2,0.8999999999999999,0.5454687134730772,27.07462308374509,0.0711811691524705,2.7,0.0,1.56,106.1,21.5,24.9,3.31,49.2,2.0,7.07069447822914,0.303563218270911,38.37985436893204,55.9,20.200000000000003,118.0,15.110000000000001,47.78,7.427829605054255,3.12,0,5.225109220510462,1.8,60.0,-14.720812182741115,96.12,9.44,41.179,0.746,11.95,3,34.7,18.9,19.4,58.3,57.5,21.51,3.0,-9.31,76.6,7.67,28.47,0.0,191.141,58.0,0.0,18.6,0.667,95.0,19.8,18.56
88,200033868,CC des Ballons des Hautes-Vosges,100.0,97.84172661870504,55.0,0.3654970760233917,5.88879525834404,86.05764257520076,2.0,39.0,23.8,17.2,10.639999999999999,-6.97,8.9,25.1,48.2,7.29,11.22,19.7,84.3,-1.7,31.6,0.7000000000000001,1.310073777839068,25.54639175257732,5.492313257370229,2.2,0.36,4.83,64.1,7.5,34.3,3.31,72.4,0.0,39.20773270181219,0.6598288500348833,45.77228122059417,63.4,21.8,128.0,7.3,47.78,7.515771662995908,1.38,1,7.0449943757030375,6.2,29.0,-3.8461538461538463,62.64,17.06,20.755,0.059,17.71,4,39.1,15.3,17.4,39.8,74.2,30.82,2.6,-6.72,77.9,24.88,26.13,0.0,51.082,61.0,0.0,16.1,0.275,153.0,19.8,15.74
88,200042000,CC Bruyères-Vallons des Vosges,99.66329966329968,96.98996655518395,55.0,1.2535024332694291,3.219617742517129,79.58699872799089,1.0,39.0,23.5,6.6,7.22,1.26,10.6,26.4,44.3,14.41,14.85,19.5,87.6,-0.3,31.4,1.0,0.8779038357644515,28.80691526786612,0.1842397336293008,2.5,0.06999999999999999,2.7,76.5,27.0,30.3,3.31,53.9,0.0,0.5703576589595375,0.3276953380022767,38.843303335097936,64.0,5.7,115.0,8.57,47.78,6.708288165150585,2.03,1,4.2905311778291,-1.6,74.0,-4.069767441860465,85.38,4.8,35.051,0.375,12.89,3,35.5,13.6,17.6,57.2,63.9,26.34,2.7,-8.51,60.1,7.82,21.15,0.675,281.895,58.0,0.0,19.3,0.81,110.0,19.8,15.47
88,200068369,CC de Mirecourt Dompaire,86.82572614107885,98.2372383400661,56.0,2.257490764810508,1.9722458323135976,56.07543103448276,1.0,38.5,22.9,3.4,12.690000000000001,-0.28,14.2,26.0,46.1,19.86,17.75,18.9,86.1,2.3,31.2,1.0,1.572582831733637,27.067365873336023,0.2325248281130633,2.9,0.49,2.71,94.5,15.8,48.7,3.31,22.6,0.0,2.0993408069866062e-05,0.2637802713425701,37.400145243282495,66.4,12.1,116.0,9.969999999999999,47.78,6.340342099925631,2.17,0,7.663353841299889,-0.5,69.0,2.7777777777777777,99.14,9.84,62.146,0.75,11.37,5,37.1,13.0,14.3,61.1,68.6,29.07,2.7,-4.24,76.6,10.72,25.46,1.085,417.056,60.0,1.0,20.6,1.063,101.0,19.8,16.61
88,200068377,CC de la Porte des Vosges Méridionales,100.0,98.15668202764977,55.0,1.109443320498597,2.606177379568935,69.69381017881706,1.0,39.66666666666666,23.9,6.5,15.409999999999998,-3.59,10.5,22.7,58.1,8.09,7.06,20.5,82.4,1.6,31.6,1.2,1.1717269187028292,32.93158454448777,2.0131630456057934,3.5,0.04,4.14,108.6,27.5,65.2,3.31,59.4,1.0,53.07738731856379,0.6274857518886455,46.83785864943587,67.4,21.3,119.0,9.64,47.78,6.283527845778724,2.41,1,6.491500017034034,-5.4,26.0,-17.889908256880734,65.81,17.46,24.995,0.125,15.0,3,41.3,14.8,15.5,41.8,89.1,29.09,2.9,-3.83,114.6,8.1,8.1,0.689,494.158,59.0,0.0,23.6,0.328,139.0,19.8,15.56
88,200068559,CC de l'Ouest Vosgien,97.94908062234796,98.69029275808936,54.0,2.988481211155902,2.631902535272399,97.14254840940524,1.0,40.0,24.1,4.1,14.180000000000001,-2.14,13.0,28.7,45.4,22.52,23.91,19.7,83.9,0.6,31.53333333333333,1.0,1.957713390759593,26.50098103335513,0.526756256538183,2.9,3.4299999999999997,3.05,86.5,14.5,55.3,3.31,43.2,2.0,4.176840117154353,0.2342850910161651,42.91463672950646,64.7,18.7,121.0,9.15,47.78,6.511297063437591,2.61,0,5.416695264241592,-3.0,46.0,-10.606060606060606,96.19,6.75,49.386,0.983,9.88,4,38.6,15.9,15.3,56.9,74.1,30.45,2.8,-8.09,95.9,14.55,14.75,0.0,130.481,54.0,1.0,17.4,0.499,126.0,19.8,17.08
88,200068682,CC Terre d'Eau,78.24561403508771,97.4233128834356,56.0,0.7680884837933329,3.0727074659502267,143.33515207801253,1.0,40.75,25.2,7.9,12.24,-0.68,12.3,25.7,47.8,18.49,12.21,20.8,84.5,2.1,31.2,1.1,1.1148272017837235,30.52018310445276,0.3632890297931146,3.3,0.0,2.93,111.8,14.0,44.3,3.31,31.9,0.0,11.779630918384488,0.4633475088605154,43.19217141893032,60.0,19.8,119.0,15.120000000000001,47.78,6.76451795306757,3.52,1,5.456036188860616,-2.5,64.0,36.86635944700461,96.02,16.63,53.329,0.462,12.06,4,39.5,12.0,16.0,57.4,85.3,30.98,2.8,-7.16,114.2,12.04,12.49,0.587,245.768,53.0,0.0,21.2,0.476,139.0,19.8,17.19
88,200068757,CA d'Epinal,99.81868348443042,97.20012819392244,55.0,2.0397725663584128,3.123927121734135,82.45602116057032,2.0,38.66666666666666,20.3,3.6,18.93,-0.02,10.3,22.5,58.60000000000001,8.05,6.84,17.7,82.4,0.3,31.4,1.6,2.27068365743558,36.76946692715601,0.807868263059035,3.7,0.06999999999999999,3.54,119.7,34.8,70.5,3.31,46.1,3.0,1.393040962657958,0.5070595199756288,39.53494535784648,68.0,12.6,108.0,14.540000000000001,47.78,6.258031115032384,2.72,7,5.391821066731393,1.5,38.0,-4.87062404870624,88.39,7.22,38.551,0.591,12.48,5,40.2,15.8,17.4,46.0,73.2,26.48,3.0,-4.25,106.1,10.0,18.55,0.454,903.517,61.0,2.0,21.9,0.518,102.0,19.8,17.15
88,200068773,CC des Vosges côté Sud Ouest,95.71428571428572,96.4992389649924,55.0,0.9975647683595928,1.8556233414815615,108.77600548838006,1.0,39.25,25.5,14.3,6.329999999999999,-1.13,14.0,34.7,31.6,36.72,44.42,20.200000000000003,81.6,3.0,32.65,0.5,2.3348322379799376,22.336858395666752,0.2155075939248601,2.4,5.1,3.46,72.1,7.6,21.5,3.31,42.0,0.0,21.256049343665985,0.1362079460624717,43.0875188980346,65.6,6.0,133.0,12.740000000000002,47.78,6.599151349610563,2.59,1,6.3947566168489605,0.3,83.0,-30.118110236220478,98.48,12.43,54.12,0.6,12.76,3,38.4,17.2,20.0,65.7,46.3,35.37,2.9,-6.36,69.9,25.02,25.82,0.0,31.077,54.0,0.0,14.6,0.38,160.0,19.8,17.8
88,200071066,CA de Saint-Dié-des-Vosges,94.23558897243107,96.52125897294312,55.0,1.7320581369078996,4.480689281962586,73.60454241816967,1.0,39.5,24.4,10.1,14.11,-1.63,11.2,27.200000000000003,51.5,10.19,11.3,19.8,84.2,-0.8,34.6,1.2,5.974812601921259,32.272887946270764,1.6588192419825072,3.3,0.7799999999999999,3.56,147.0,19.8,55.5,3.31,70.4,1.0,38.850652464469,0.3146445535756103,41.562759767248544,64.2,17.599999999999998,118.0,8.89,47.78,7.098703821309852,1.64,4,5.404247934104957,-3.4,40.0,-26.923076923076923,58.4,28.99,13.757,0.181,15.66,5,40.1,17.3,21.0,44.5,62.7,29.59,2.9,-5.7299999999999995,88.2,10.13,17.62,1.096,564.047,60.0,0.0,20.0,0.428,126.0,19.8,16.69
88,200096634,CC des Hautes Vosges,98.6784140969163,97.1563981042654,55.0,0.7883039942757003,3.49951897939977,76.04831240750465,1.0,41.333333333333336,22.2,30.2,7.359999999999999,-0.14,6.2,21.7,38.7,13.97,9.86,17.7,88.1,1.9,31.6,0.8,1.2947156420830537,30.55144728502007,2.802111697693803,2.7,0.12,2.88,65.9,18.9,38.0,3.31,71.8,0.0,83.89666371420135,0.4431048047956607,44.38727782974743,58.0,24.1,128.0,7.9399999999999995,47.78,,1.92,2,,3.1,31.0,-12.5,62.92,22.41,15.903,0.011,17.88,4,36.3,11.3,13.5,42.8,74.0,33.85,2.6,-3.85,85.1,15.43,17.86,0.48,532.741,,0.0,21.0,0.282,152.0,19.8,15.99
88,200096642,CC Gérardmer Hautes Vosges,100.0,100.0,55.0,0.0,1.8026229592391652,92.2035641332676,2.0,41.5,22.2,38.7,12.97,-0.44,5.9,26.1,47.5,10.69,9.49,17.7,78.4,-2.2,31.6,1.3,2.144388849177984,36.84825315918021,2.5782828282828283,3.5,0.73,5.0,109.3,26.0,54.7,3.31,72.7,0.0,76.51439267465979,0.493984462485896,60.58547850302248,64.5,15.0,134.0,8.64,47.78,,1.43,5,,-2.4,17.0,24.390243902439025,44.43,34.86,7.821,0.146,18.46,3,40.5,12.8,14.7,49.6,73.3,35.88,2.9,-1.34,118.4,9.38,25.75,0.0,639.136,,0.0,26.3,0.23,180.0,19.8,15.57
89,200039642,CC Le Tonnerrois en Bourgogne,89.0474239093991,99.25885091265468,63.0,1.3388415921057932,2.689306241041822,123.86473684210526,2.0,36.16666666666666,28.8,14.8,13.600000000000001,-0.79,17.4,36.3,53.1,23.15,30.21,21.7,73.4,-2.0,36.9,0.8,0.1321178491214163,23.96910020672397,7.07891414141414,2.6,2.82,4.62,83.2,2.1,30.0,3.67,38.8,1.0,0.2848428975550616,0.0706423100993431,42.16674154418843,70.5,10.8,136.0,9.8,52.69,7.7671656875750115,5.28,1,6.356073526624976,-0.9,55.0,-45.19650655021834,97.48,18.55,51.616,2.365,7.23,3,41.8,17.4,20.8,60.3,71.1,65.86,2.9,-4.38,95.1,14.44,15.85,0.0,60.972,55.0,0.0,17.3,0.312,168.0,16.6,16.63
89,200039709,CC du Serein,93.29672843742853,98.6374896779521,68.0,0.1133705051171323,2.4721570602074334,64.10031170303202,1.0,35.0,25.7,26.4,3.81,-5.69,12.9,42.2,35.6,38.41,58.65,19.7,83.7,1.3,36.9,0.7000000000000001,0.2839698991906857,21.630164822759088,0.0514626218851571,2.0,1.9300000000000002,2.84,67.1,6.0,7.2,3.67,28.4,1.0,1.6434605096438126,0.4602956702826609,41.40127388535032,71.3,10.0,115.0,13.59,52.69,6.7076608129439625,8.52,0,8.536878453038675,-2.8,82.0,-20.714285714285715,97.46,18.42,63.301,1.662,8.51,3,39.3,13.0,22.0,65.1,32.8,69.71,2.9,5.47,71.5,18.11,18.66,0.0,40.155,55.0,0.0,12.9,0.277,177.0,16.6,15.24
89,200039758,"CC Avallon, Vézelay, Morvan",91.91208791208793,98.5474499677211,58.0,0.0496143216117066,1.1853486620600244,111.57215546173,1.0,36.0,25.5,19.0,15.17,3.21,13.3,34.599999999999994,40.900000000000006,26.79,27.35,20.200000000000003,79.4,1.4,37.3,0.7000000000000001,0.5949805279099956,25.329380764163368,2.374029551715502,2.7,7.17,4.33,73.7,8.6,34.4,3.67,44.5,0.0,48.72040611095039,0.1859703453304658,50.39270465447262,61.3,24.9,129.0,7.59,52.69,7.288329010321983,8.11,3,6.224961397156701,0.5,55.0,-7.446808510638298,97.51,14.99,42.759,0.793,15.4,4,43.0,15.0,20.0,58.9,64.3,71.18,2.9,-3.6700000000000004,106.4,12.85,12.85,0.541,92.773,53.0,0.0,16.0,0.274,155.0,16.6,15.63
89,200067080,CC Chablis Villages et Terroirs,78.3106158591185,99.23293523643072,62.0,1.993921500692444,1.8016216583315308,106.08487464036168,2.0,33.666666666666664,24.3,15.0,4.62,-4.94,14.6,37.3,43.2,21.07,33.95,19.9,82.3,2.1,36.9,1.1,0.3415767181308921,24.46524064171123,2.303803803803804,1.9,0.43,2.05,72.4,8.2,11.4,3.67,33.5,0.0,1.5557789454121542,0.1609643551594833,42.28640032014941,45.0,7.1,111.0,13.719999999999999,52.69,6.301470095773894,4.1,2,7.117205813408345,-0.9,70.0,-26.666666666666668,97.63,19.66,53.729,6.074,8.54,6,36.8,11.0,15.3,51.0,62.9,47.48,2.9,-4.53,79.4,18.58,19.33,0.0,506.903,57.0,0.0,19.9,0.293,112.0,16.6,12.93
89,200067114,CA de l'Auxerrois,85.89479112944817,99.9687255668491,42.0,0.0278959203212813,4.07963538089839,88.09083250816546,2.0,28.0,18.6,3.3,20.95,2.78,10.9,25.6,56.2,4.96,3.37,17.7,78.6,-1.0,36.5,1.6,3.396459448332647,36.5499849617102,3.042139344661376,2.7,0.01,2.65,114.9,17.8,68.7,3.67,23.7,2.0,1.345079924077843,0.5333801360323376,41.00078409009908,69.1,11.9,118.0,11.23,52.69,5.755803820778686,3.68,4,3.9816268336420015,0.7,33.0,11.875,44.31,18.96,51.989,3.022,8.87,6,44.3,14.6,16.8,44.8,66.0,43.82,3.1,-2.1,134.6,9.86,9.97,0.0,712.667,59.0,1.0,22.7,0.489,118.0,16.6,16.06
89,200067130,CC de Puisaye-Forterre,91.24576038133652,99.3795826283136,55.0,0.2006231816468597,1.436116430376149,138.5965219976219,1.0,33.0,27.6,21.2,5.62,-4.77,13.2,35.4,30.9,30.99,35.49,21.7,81.6,1.8,37.65,0.8999999999999999,0.0,24.555984555984555,0.5556895573212257,1.7,4.82,3.28,79.6,11.3,9.2,3.67,27.5,0.0,2.275430102339098,0.1298236222841548,44.21163218256632,65.4,21.4,141.0,12.42,52.69,7.13499171401021,4.47,2,6.085001314905181,-1.0,85.0,-21.076642335766422,98.11,11.41,56.972,1.726,9.12,4,40.5,15.7,18.1,56.7,63.9,49.61,2.9,-3.91,70.3,23.56,26.07,0.596,182.099,,0.0,16.2,0.2,170.0,16.6,15.71
89,200067304,CC Serein et Armance,88.23529411764706,100.0,60.0,19.76284584980237,4.147827367800854,98.3303544831695,2.0,30.0,22.2,8.0,8.24,-2.6,11.2,35.099999999999994,44.7,11.07,20.19,19.4,85.2,-0.6,36.5,0.8,0.2561803509670807,25.468489496498837,2.498445998445998,2.3,0.0,2.56,101.1,14.0,27.9,3.67,28.9,0.0,0.1158834968053507,0.2248975514650229,34.5217172985187,44.7,43.0,116.0,9.67,52.69,6.879140464940017,2.56,0,4.9041697753461,-1.4,53.0,11.363636363636363,74.02,2.78,59.186,2.118,7.63,6,35.7,13.7,19.7,44.2,58.5,35.35,2.6,-6.84,74.6,8.14,22.21,0.0,392.501,55.0,1.0,17.2,0.348,109.0,16.6,16.48
89,248900334,CA du Grand Sénonais,93.4289127837515,99.56563706563706,51.0,2.7612934479835287,3.565405546295148,128.9736749205709,4.0,28.5,19.6,4.3,21.990000000000002,1.44,9.7,25.9,53.8,5.83,2.86,16.8,74.4,-1.1,38.0,1.4,4.089399275592129,30.24381858292984,2.954064516129032,2.7,0.5700000000000001,3.34,143.4,16.2,44.0,3.67,28.0,0.0,0.2525510883755628,0.6804688728319447,40.37353272492776,63.3,16.1,118.0,9.370000000000001,52.69,7.141146668918348,3.17,3,4.1964198260575865,3.1,29.0,24.102564102564106,34.22,18.68,53.773,2.376,6.18,6,39.2,18.4,21.4,42.8,58.6,31.43,3.2,-4.79,114.6,6.22,8.59,0.0,525.036,60.0,4.0,16.6,0.391,97.0,16.6,17.64
89,248900383,CC de l'Agglomération Migennoise,91.93548387096774,100.0,66.0,0.0,4.41135678963224,45.53523053769325,4.0,27.0,22.7,2.9,18.17,-3.41,12.3,28.5,62.1,1.43,5.94,19.6,82.4,-3.3,36.5,0.7000000000000001,0.1393436912143802,26.49388048956084,2.8370385906040267,2.0,0.0,2.09,105.5,20.2,34.4,3.67,9.6,0.0,0.0,0.3079012672370246,30.276046304541406,57.9,45.7,119.0,10.57,52.69,7.362909732967545,3.48,1,5.0587414446142605,-2.2,34.0,-38.59649122807017,31.81,11.66,56.105,2.373,6.82,6,37.8,19.6,23.2,49.1,62.6,31.21,2.8,-7.000000000000001,87.3,4.25,10.75,0.0,867.868,60.0,0.0,18.3,0.831,94.0,16.6,16.07
89,248900524,CC de l'Aillantais en Bourgogne,91.23938879456706,99.37434827945776,63.0,0.0,1.4470278163133932,50.86429344084964,1.0,34.333333333333336,20.8,12.6,2.9000000000000004,-1.47,10.1,31.4,40.5,21.25,22.49,17.299999999999997,85.9,-1.4,36.5,1.0,0.0,28.54458736811678,0.0,1.3,7.090000000000001,1.98,83.7,17.7,14.6,3.67,27.3,0.0,0.3472081218274112,0.2731944961598332,37.27605471007513,63.4,16.5,117.0,16.78,52.69,5.789019508034339,0.99,0,4.851020801232665,3.2,82.0,17.647058823529413,64.63,13.98,59.503,2.146,8.73,3,33.7,9.7,12.3,51.3,51.1,41.22,2.6,-1.48,39.6,18.23,18.0,0.0,382.393,58.0,0.0,21.4,0.288,111.0,16.6,13.49
89,248900664,CC de la Vanne et du Pays d'Othe,83.22147651006712,99.4949494949495,52.0,4.568527918781726,1.6417605918733025,2799.725737898465,1.0,34.0,21.8,15.3,2.03,-2.53,12.7,37.8,31.8,32.03,54.11,18.2,86.4,2.5,37.25,1.1,0.0,23.60696080154684,0.0277464471012858,1.3,10.17,2.32,62.9,5.7,21.6,3.67,27.5,1.0,0.8035155668106659,0.2189189595356885,36.357419648962846,59.7,10.1,120.0,21.12,52.69,6.4513616901221456,4.65,0,6.84282063197026,-0.5,76.0,-18.877551020408163,94.6,22.93,59.973,2.278,6.26,3,33.7,12.7,18.8,52.2,41.6,36.01,2.7,-6.4399999999999995,45.0,21.05,25.45,0.0,242.763,57.0,1.0,18.0,0.189,121.0,16.6,12.6
89,248900748,CC du Gâtinais en Bourgogne,94.27027027027027,99.91212653778558,36.0,0.9633037920170447,3.5778331511254646,88.74422583404619,2.0,29.6,17.7,15.9,3.52,-3.73,7.9,28.4,31.7,21.17,23.78,15.5,85.9,3.4,38.0,1.1,0.0,25.62050947093403,0.1250687568756875,1.4,0.16999999999999998,1.7,102.3,10.9,16.1,3.67,17.8,1.0,1.133923040709631,0.4478605027052113,30.92266547804769,51.0,47.4,115.0,11.219999999999999,52.69,5.724921880112558,1.14,0,6.018094365551993,2.2,87.0,-28.02547770700637,44.82,2.03,67.687,2.8,5.67,3,30.1,9.4,17.4,48.6,48.5,30.25,2.6,-5.220000000000001,59.5,15.42,17.5,1.135,276.354,60.0,1.0,16.8,0.314,88.0,16.6,12.03
89,248900896,CC Yonne Nord,83.45454545454545,99.50894423009473,37.0,4.503798298248364,1.676158681788702,677.8720279720279,2.0,28.0,18.9,8.6,5.21,3.43,9.4,29.1,43.8,8.22,13.43,17.0,81.6,2.5,38.0,1.0,0.1637063108782842,26.70570107858244,0.2951981631226914,1.2,0.01,2.46,104.7,11.3,17.5,3.67,15.7,0.0,0.0823424735096659,0.3449818312286673,33.57969151670951,71.4,11.6,109.0,9.67,52.69,6.186075165841353,1.64,2,4.815647482014389,-0.5,73.0,-18.62745098039216,41.47,8.8,66.057,2.763,5.96,3,32.7,10.3,17.5,48.4,64.0,29.3,2.6,-6.34,36.4,14.96,14.96,0.0,314.107,61.0,1.0,14.3,0.251,91.0,16.6,11.73
89,248900938,CC du Jovinien,91.11354909489852,99.30124223602483,63.0,0.9713343423162936,1.739809210515032,150.84360603268513,3.0,29.0,23.1,8.9,14.11,0.68,13.1,30.1,58.00000000000001,13.34,9.42,18.7,78.3,-0.6,37.25,1.0,0.0975609756097561,31.14741698812496,0.7056368772470467,2.0,0.98,2.44,105.3,12.8,19.7,3.67,39.7,2.0,3.0611535199321462,0.3163808775768433,38.49973986662252,60.2,14.8,121.0,6.23,52.69,7.316734373620103,3.41,1,5.829901564506158,-3.5,48.0,-10.526315789473683,40.04,2.89,46.012,2.699,7.5,4,40.0,18.7,20.0,51.6,48.6,36.1,3.2,-5.41,102.8,7.84,9.63,0.488,519.321,55.0,2.0,18.7,0.298,105.0,16.6,17.55
90,200069052,CA Grand Belfort,100.0,100.0,32.0,5.072374118520352,4.812150911980625,42.93272468016002,2.0,34.6,15.0,1.6,24.82,-4.07,10.5,20.9,69.0,1.84,1.08,15.9,76.6,1.1,27.2,1.5,3.5386541285941,38.43980988142961,4.319831899139484,3.2,0.0,3.65,150.5,27.8,61.3,5.65,33.3,3.0,8.885528418169368,1.6225765140892177,37.336267724591934,68.4,11.7,102.0,11.77,51.9,5.775661483537289,2.46,2,3.644035378984262,-1.7,18.0,-52.79187817258884,21.7,2.22,34.086,0.72,12.34,6,42.2,18.1,15.6,40.8,41.6,23.28,3.5,-5.43,111.0,7.69,13.08,0.197,2841.533,,0.0,21.5,1.18,83.0,12.7,18.8
90,200069060,CC des Vosges du Sud,100.0,98.17739975698665,32.0,1.218218257554918,12.989438565853265,137.24065839251344,2.0,35.333333333333336,18.6,4.1,9.44,-2.95,9.2,26.5,48.7,8.22,9.88,16.5,87.7,1.0,27.2,1.2,5.981656254153928,35.13461538461539,1.535982008995502,2.8,0.04,2.66,115.4,17.1,26.0,5.65,64.8,0.0,87.02351726511415,0.5695001596553083,33.67875647668394,62.4,34.0,112.0,18.23,51.9,5.613339888561128,1.99,1,4.632186168469354,-1.4,46.0,-41.17647058823529,52.42,15.48,18.743,0.215,22.31,5,32.3,10.6,13.3,50.1,50.2,23.79,2.8,-3.1300000000000003,55.0,10.09,25.09,0.0,239.637,64.0,0.0,21.9,0.636,110.0,12.7,13.8
90,249000241,CC du Sud Territoire,100.0,100.0,32.0,5.593077247783875,3.929497527765245,58.82122123818806,2.0,35.333333333333336,20.200000000000003,1.5,14.35,-4.82,9.9,25.5,57.4,8.63,6.08,18.3,89.0,2.7,24.8,1.0,4.367182531269876,35.2407187128279,2.0934489402697496,1.6,0.0,1.7,91.4,15.9,28.6,5.65,37.2,0.0,18.73265093684941,0.6849940810795206,28.893528183716075,55.3,30.3,102.0,11.44,51.9,6.625415916653032,2.12,0,4.654617962750838,-4.2,54.0,-32.11009174311927,57.7,5.49,43.159,0.783,12.46,5,34.3,12.4,17.8,46.5,40.3,19.16,3.3,-7.9799999999999995,50.9,7.33,17.44,0.0,427.557,60.0,1.0,15.9,0.714,91.0,12.7,15.22
91,200017846,CA Étampois Sud Essonne,95.06102753335226,100.0,12.0,3.8908535160882463,4.197444136671215,87.22715676763322,7.0,32.2,13.5,3.3,13.18,8.9,8.9,24.0,43.7,6.96,5.1,13.0,68.0,-1.1,36.3,1.6,3.455808623406389,35.047124025425056,1.4906052076002814,2.0,0.03,2.15,87.9,11.5,38.3,2.4,11.3,1.0,20.35782532358826,0.4165907847627664,37.376898460015205,71.5,10.7,97.0,11.68,44.65,5.346624347194977,1.25,0,4.817472296874425,-3.7,25.0,-23.237597911227155,35.16,11.09,74.456,3.638,5.44,5,33.1,12.9,15.2,44.0,47.2,21.08,3.0,-7.91,70.1,11.0,11.68,0.0,4572.747,69.0,1.0,19.6,0.209,61.0,8.5,12.29
91,200056232,CA Communauté Paris-Saclay,99.88294473093109,100.0,32.0,3.1316930736916264,13.740395283262972,0.7351977118703056,7.0,11.0,7.6,2.7,27.150000000000002,11.94,6.0,19.3,46.2,1.7,0.14,8.799999999999999,58.8,-2.5,22.6,3.0,2.02693191948576,51.92637010179891,4.236380642844995,2.4,0.0,2.56,86.7,19.4,63.1,2.4,15.0,1.0,4.076111973451801,4.226589739114637,34.32750959464554,51.2,9.0,86.0,5.72,44.65,3.851729531073984,0.41,4,2.5994065943161666,-5.6,0.0,-27.56410256410257,2.78,17.75,23.738,3.514,6.59,6,36.8,11.3,10.4,41.6,69.8,19.16,3.7,-3.71,108.9,2.37,5.48,0.031,7262.451,,0.0,26.4,2.353,64.0,8.5,13.06
91,200057859,CA Coeur d'Essonne Agglomération,100.0,100.0,50.0,6.190373577291516,7.464360258106764,0.0,8.0,26.75,8.799999999999999,1.2,25.47,8.16,6.1,20.200000000000003,54.1,0.22,0.07,10.7,63.8,-0.3,22.6,1.9,1.725803892913628,44.47713123897945,2.458956960882507,1.9,0.0,2.31,106.4,18.3,50.6,2.4,17.1,1.0,3.5409516672911208,3.560029928360572,32.9073041067439,66.6,20.0,89.0,6.84,44.65,4.384709569294008,1.25,1,2.784590384844041,-11.3,2.0,-13.846153846153848,3.68,14.87,21.077,3.181,6.52,5,32.1,13.3,20.3,39.0,52.3,15.23,3.3,-0.8500000000000001,67.8,1.95,5.86,0.0,7884.129,,0.0,26.0,2.386,55.0,8.5,11.96
91,200058477,CA Val d'Yerres Val de Seine,99.66329966329968,100.0,19.0,7.6270143929142575,17.104663937631475,43.94861104049084,9.0,11.0,10.5,1.2,24.93,1.15,6.2,22.1,55.1,0.53,0.0,9.7,49.8,0.9,27.0,1.7000000000000002,1.4048574350674894,45.51182040135771,1.9818885866235327,2.0,0.0,2.47,89.8,12.9,46.7,2.4,32.4,0.0,0.3905245852637872,1.1169710099794652,32.326134282071415,82.9,9.3,100.0,12.58,44.65,4.643335370002527,0.79,0,3.089935760171306,4.5,0.0,0.0,0.15,,3.15,2.514,5.5600000000000005,5,31.5,14.1,14.4,37.6,55.6,19.85,3.5,-4.87,44.1,0.44,2.89,0.0,2056.1,,0.0,23.8,3.164,62.0,8.5,12.77
91,200059228,CA Grand Paris Sud Seine Essonne Sénart,100.0,100.0,2.0,3.4268180775407204,,156.93027534222065,13.0,11.0,7.6,1.2,30.620000000000005,5.21,6.0,18.4,49.6,0.73,0.03,10.0,60.2,1.1,27.0,1.9,1.5954617975536252,44.02805492015596,3.9305277221108894,2.1,0.01,2.19,125.8,20.9,64.7,2.4,18.6,3.0,5.306034288799892,4.055325668703482,34.81030939746309,61.3,20.0,90.0,7.42,44.65,5.002890480667437,2.83,4,3.0335135073721764,2.1,3.0,-25.0,3.33,6.95,21.812,4.048,5.61,6,32.9,19.3,16.9,34.6,46.3,21.59,3.4,-6.87,98.7,1.78,5.09,0.0,6324.506,,9.0,20.1,1.235,41.0,8.5,15.16
91,249100074,CC du Pays de Limours (CCPL),99.09909909909908,100.0,50.0,1.828343209844526,4.014218008874918,29.203247850687045,2.0,32.666666666666664,8.0,1.9,4.2700000000000005,28.49,5.9,22.8,46.0,1.91,2.52,9.7,80.7,-0.8,22.6,2.8000000000000003,3.700989373396848,46.67312661498707,1.9343210968597964,2.3,0.26,2.2,71.8,14.4,33.9,2.4,25.4,1.0,48.73135579017932,0.9707061967014669,35.03402585244662,66.6,8.200000000000001,99.0,23.849999999999998,44.65,3.600872787309186,,0,3.478625126229569,8.9,35.0,-36.61971830985916,37.44,19.66,52.275,2.905,6.8,4,25.2,5.0,9.9,46.2,67.8,20.92,2.7,-3.63,49.5,3.43,11.29,0.366,5456.739,68.0,0.0,32.6,1.134,71.0,8.5,9.0
91,249100157,CC des 2 Vallées,,,0.0,,,66.33588197286237,3.0,36.4,14.000000000000002,6.6,2.33,38.52,8.9,26.6,46.0,4.78,4.22,12.4,81.3,1.2,27.0,1.7999999999999998,2.941019196834394,38.80551301684533,1.1203007518796992,1.7,0.01,2.67,93.9,17.2,30.3,2.4,36.4,0.0,99.96462239169578,0.4886333714562402,43.69085173501577,64.2,17.9,110.0,14.71,44.65,4.819640162015647,8.02,0,5.129096593359207,-10.4,29.0,-40.625,37.62,19.71,49.411,4.39,6.71,4,30.2,5.7,11.5,45.3,60.2,27.06,2.7,-2.36,52.4,7.13,20.67,0.0,5162.461,63.0,0.0,22.7,0.585,103.0,8.5,9.72
91,249100546,CC du Val d'Essonne (CCVE),,,2.0,,,99.86245485610635,4.0,30.0,8.799999999999999,1.7,15.299999999999999,15.78,6.3,20.1,55.60000000000001,2.56,0.87,11.3,78.3,2.4,27.0,1.7999999999999998,2.4862142606700024,42.44096826889759,2.384048331670546,1.8,0.0,2.07,100.0,21.4,49.6,2.4,25.6,0.0,79.40698334106968,1.9422434124573695,31.484210856408165,73.1,9.5,94.0,6.93,44.65,3.850471806920627,0.16,0,3.469229104589416,1.5,27.0,-11.458333333333332,29.57,6.8,48.175,4.092,5.65,5,28.2,6.4,11.9,42.3,59.1,20.75,2.7,-1.94,45.5,3.48,12.62,0.0,4662.893,70.0,6.0,25.6,0.823,65.0,8.5,10.17
91,249100553,CC Entre Juine et Renarde (CCEJR),100.0,100.0,30.0,0.0,,62.32892698915824,4.0,33.5,10.3,2.5,4.18,5.05,5.9,26.1,52.7,3.13,1.03,10.7,69.6,1.2,36.3,2.0,3.22038143629012,42.92715526843395,0.9724938489685192,1.9,0.0,2.15,104.6,13.2,36.4,2.4,34.7,1.0,59.93753102763528,0.8637606039753853,30.724187802038877,54.8,11.6,94.0,7.6,44.65,3.806230975409581,0.72,0,3.76249000072722,2.4,29.0,-22.641509433962263,33.43,11.94,45.682,3.377,5.95,4,28.3,5.0,10.5,47.2,59.6,19.5,2.6,-2.2399999999999998,49.0,3.63,9.69,0.0,4463.297,71.0,0.0,25.5,0.711,76.0,8.5,9.62
91,249100595,CC le Dourdannais en Hurepoix (CCDH),97.06877113866967,100.0,50.0,1.8591928538610307,3.6961582581103016,18.35938543754175,4.0,35.0,10.7,4.9,15.02,1.87,6.9,23.4,47.0,4.07,1.7,12.0,72.0,0.9,36.3,1.7999999999999998,2.8467618084428965,40.74992252866439,1.0505189255189256,1.7,0.0,2.25,65.2,10.2,39.2,2.4,36.4,0.0,0.0153248734484432,0.5346563347823199,35.07154447558637,66.6,11.8,100.0,9.06,44.65,4.77534760087241,0.37,2,3.9073664122137406,8.0,26.0,39.21568627450981,36.65,25.43,47.497,3.167,7.17,5,31.7,8.7,14.9,43.7,60.7,22.59,3.1,-3.9800000000000004,59.2,4.82,6.18,0.0,3478.02,69.0,1.0,24.9,0.61,70.0,8.5,11.32
92,200057966,Vallée Sud-Grand Paris,99.92880028479884,100.0,0.0,4.090070300394585,30.236544170405114,0.0,10.0,11.0,,2.6,31.5,2.51,6.2,,,0.11,0.0,,32.6,-5.0,16.8,,,,,,0.0,2.6,,,,,8.4,1.0,0.1150760135135135,0.44901790557886,,60.3,,,9.229999999999999,33.2,,0.41,0,,,0.0,,0.0,,,,1.0,5,40.3,11.0,11.4,41.8,,17.06,,-4.05,80.7,0.0,2.82,,,,1.0,20.1,3.229,67.0,,12.44
92,200057974,Grand Paris Seine Ouest,99.92075621214694,100.0,0.0,3.909833443216386,28.04760164369733,0.0,10.0,11.0,,5.1,20.72,3.57,6.7,,,0.75125,0.0,,27.2,-4.4,16.8,,,,,,0.0,2.84,,,,,29.7,1.0,0.0,0.0353877663841039,,45.5,,,4.95,33.2,,0.47,1,,-62.5,0.0,,0.0,,0.076,1369.899,,4,44.1,9.1,8.6,39.2,,23.73,,-4.04,123.2,0.13,3.0,,,,0.0,22.5,2.973,74.0,,11.56
92,200057982,Paris Ouest La Défense,99.9227069735486,100.0,0.0,3.220751399997672,22.004148851544198,44.68760253396493,11.0,11.0,,5.1,26.479999999999997,3.87,7.2,,,0.1618181818181818,0.0027272727272727,,27.8,-5.5,16.8,,,,,,0.0,2.82,,,,,3.9,0.0,0.0,0.1581093989497449,,48.1,,,5.11,33.2,,0.42,3,,-50.0,0.0,,0.0,,0.03,3865.118,15.13,5,42.0,11.2,10.1,39.9,,20.05,,-4.26,178.8,0.0,1.82,,,,2.0,22.8,1.783,66.0,,11.31
92,200057990,Boucle Nord de Seine,99.94747554329984,100.0,5.0,3.403457287479271,25.07332932925987,4.350685930730224,17.0,11.0,,2.2,33.96,1.94,6.0,,,0.0828571428571428,0.0,,27.5,-3.9,16.8,,,,,,0.0,2.45,,,,,0.4,2.0,0.0,0.6403593620673508,,54.6,,,6.38,33.2,,0.95,1,,162.5,0.0,,0.0,,1.264,21.842,1.0,5,39.4,21.2,15.1,39.2,,15.5,,-6.34,89.8,0.0,2.0,,,,7.0,17.0,1.5,48.0,,13.73
93,200057867,Plaine Commune,99.92880028479884,100.0,0.0,4.090070300394585,30.236544170405114,0.0,27.0,11.0,,1.3,43.74,2.93,6.6,,,0.1125,0.0,,25.3,-1.7,16.8,,,,,,0.0,2.12,,,,,0.0,2.0,6.997046125880482,0.4837451312185449,,64.5,,,5.35,28.72,,2.95,2,,-13.3,0.0,,0.0,,1.172,38.038,,6,36.1,36.2,19.7,33.5,,20.84,,-9.16,116.0,0.13,2.38,,,,1.0,9.9,2.068,37.0,,18.95
93,200057875,Est Ensemble,100.0,100.0,0.0,0.0,1430.8138078221164,1.4160983072145985,20.0,11.0,,1.6,41.510000000000005,2.87,6.2,,,0.1855555555555555,0.0,,24.3,-1.7,16.8,,,,,,0.0,2.32,,,,,0.0,0.0,1.5139066088287827,0.5328876803740504,,72.3,,,8.67,28.72,,2.23,12,,-100.0,0.0,,0.0,,0.006,980.59,0.0,5,38.2,27.7,18.2,36.1,,27.41,,-6.0600000000000005,92.5,0.0,1.44,,,,0.0,13.7,2.692,47.0,,17.35
93,200058097,Paris Terres d'Envol,99.91766723842196,99.99313469724017,0.0,4.05241699263363,28.17772684687548,12.77966280466037,20.0,11.0,,1.1,34.050000000000004,2.96,5.4,,,0.2625,0.0025,,47.9,0.6,21.7,,,,,,0.0,2.25,,,,,0.0,1.0,4.569348659003831,3.0455317163675177,,68.1,,,4.96,28.72,,1.49,0,,-45.6,0.0,,0.27,,5.411,12.005,5.24,6,29.7,28.9,20.2,33.4,,15.79,,-10.780000000000001,82.8,0.0,2.13,,,,2.0,13.5,1.782,43.0,,15.57
93,200058790,Grand Paris Grand Est,99.92880028479884,100.0,0.0,4.090070300394585,30.236544170405114,323.99510429134864,15.0,11.0,,1.3,25.44,9.56,6.3,,,0.0707142857142857,0.0,,43.2,-2.5,16.8,,,,,,0.0,2.26,,,,,8.1,2.0,9.550382209867964,0.8065511263497711,,76.7,,,7.1499999999999995,28.72,,1.36,1,,4.1,0.0,,0.03,,0.713,5.626,13.63,5,33.5,20.2,16.4,36.0,,15.53,,-6.5600000000000005,59.7,0.64,3.64,,,,1.0,16.1,3.507,48.0,,13.59
94,200057941,Paris Est Marne et Bois,99.92880028479884,100.0,15.0,4.090070300394585,30.236544170405114,77.36418491465223,11.0,11.0,,2.5,22.18,6.25,6.8,,,0.3030769230769231,0.0,,29.8,-5.1,16.8,,,,,,0.0,2.72,,,,,0.1,2.0,0.0305506216696269,0.5018762347540718,,72.3,,,8.72,29.76,,1.55,2,,-100.0,0.0,,0.0,,0.004,5140.472,0.0,4,40.7,12.1,11.2,37.5,,21.47,,-3.85,67.8,0.0,2.08,,,,0.0,19.9,2.691,70.0,,12.48
94,200058006,Grand Paris Sud Est Avenir,99.91860654403386,100.0,29.0,3.131094189918211,9.281112514790724,12.000077237731558,13.0,20.0,,1.1,31.269999999999996,3.22,4.4,,,0.24625,0.00125,,45.7,-2.0,16.8,,,,,,0.0,2.43,,,,,21.8,3.0,0.0062880526998702,1.7130977932738385,,73.3,,,6.88,29.76,,2.21,1,,7.5,0.0,,0.57,,10.25,3.159,5.44,4,35.8,16.6,14.6,36.0,,19.68,,-4.8500000000000005,82.9,1.38,5.31,,,,1.0,18.0,2.61,60.0,,13.32
94,200058014,Grand-Orly Seine Bièvre,99.92880028479884,100.0,16.0,4.090070300394585,30.23654417040511,273.5678354892683,15.0,11.0,,2.0,34.489999999999995,4.26,6.3,,,0.2891666666666667,0.0025,,37.6,-2.7,16.8,,,,,,0.0,2.57,,,,,0.4,6.0,0.0,0.9019120985493492,,66.0,,,8.0,29.76,,1.52,2,,-22.6,0.0,,0.03,,1.108,8.641,5.87,5,39.0,20.9,15.2,36.7,,22.94,,-4.49,90.1,0.33,2.75,,,,8.0,16.9,2.975,54.0,,15.06
95,200035970,CC Vexin Centre,99.761620977354,100.0,13.0,1.5787908922218918,6.521527029981244,132.06211354693647,3.0,28.5,10.8,2.6,3.5999999999999996,18.58,6.7,29.8,45.3,6.44,4.78,10.9,77.8,0.3,25.1,2.5,3.938417472252058,41.72916285592342,0.7699051708713545,1.7,0.0,1.59,81.3,9.7,34.8,2.21,17.6,0.0,99.89367046905242,0.2922449896593459,40.109782395608704,59.7,21.2,96.0,9.629999999999999,36.75,3.8704493064377976,0.8,1,3.3390205625528147,8.1,66.0,-37.086092715231786,43.13,0.9,71.386,4.153,6.06,4,25.2,5.2,10.6,48.5,49.7,21.2,2.7,-2.29,50.2,7.06,12.12,0.0,2460.302,67.0,0.0,27.0,0.596,63.0,8.2,10.71
95,200055655,CA Roissy Pays de France,99.65477957675976,99.99007542675665,25.0,3.397155032711122,20.36268220455,19.437807283131026,15.0,22.4,9.3,1.2,32.08,6.62,5.2,22.1,47.7,0.47,0.61,9.9,58.2,0.7,21.7,1.6,1.7138149465603842,35.57261374036786,1.5661147954784194,1.9,0.0,2.59,93.4,11.0,48.4,2.21,7.4,3.0,1.6688472883385412,3.034995675427937,39.81148421906872,67.9,29.1,92.0,4.78,36.75,5.508096806142229,0.74,1,3.117489044833648,-11.7,5.0,-5.839416058394161,11.71,0.38,45.792,3.906,5.3,5,28.4,23.8,17.5,38.6,35.4,22.88,3.5,-9.91,120.1,2.9,11.33,0.0,3685.516,,11.0,16.7,1.158,41.0,8.2,14.36
95,200056380,CA Plaine Vallée,99.9291641368144,100.0,32.0,4.079276424818347,30.037833202650138,2.266911784584606,10.0,11.0,9.4,1.4,19.009999999999998,6.3,7.0,22.6,55.2,0.02,0.04,8.7,48.6,-3.0,21.7,2.0,1.3640073892683766,46.73765599565925,1.5901990049751242,2.1,0.0,2.63,93.2,12.2,48.4,2.21,20.5,0.0,0.094410270125702,1.314714923793485,37.7021852248337,78.7,7.6,95.0,11.360000000000001,36.75,4.203610930027446,0.21,1,2.5498485288397803,-20.6,0.0,13.333333333333334,1.65,1.96,15.795,6.863,5.54,5,33.3,12.7,13.0,36.3,45.5,22.03,3.8,-4.45,48.3,1.67,4.94,0.0,1451.153,,1.0,19.5,4.211,64.0,8.2,11.64
95,200058485,CA Val Parisis,99.92880028479884,100.0,22.0,4.090070300394585,30.23654417040511,0.0,9.0,11.0,8.9,1.1,22.09,8.35,5.8,21.4,56.10000000000001,0.32,0.01,9.4,50.4,-0.9,25.1,1.7999999999999998,1.1806293689345595,45.917601946035376,2.918486315581465,2.5,0.01,2.6,95.9,14.4,64.0,2.21,10.5,0.0,0.0756825250547172,2.797840862021334,35.27051492134816,74.8,12.2,91.0,7.960000000000001,36.75,4.133133331860845,0.42,1,3.164171913259528,2.1,0.0,-58.57142857142858,0.85,,12.076,4.001,4.61,5,31.8,12.8,13.3,36.2,48.5,13.46,3.5,-4.97,50.3,0.93,5.4,0.0,1968.752,,2.0,21.2,2.953,55.0,8.2,11.27
95,200073013,CC Carnelle Pays-de-France,99.56809674632882,100.0,49.0,2.288032995064809,2.009657938359758,151.17789862692666,4.0,25.75,10.4,1.8,7.06,16.0,5.3,23.9,51.1,3.45,1.61,11.4,75.4,3.2,21.7,1.9,2.415098840156236,44.42283057361104,1.3106332809342016,2.3,0.0,2.68,95.3,15.9,53.3,2.21,33.1,1.0,65.69531122365626,0.8567742841452956,34.789524847556486,70.7,17.2,94.0,6.47,36.75,3.995156403172624,0.6,0,3.539114160948222,16.9,24.0,-58.333333333333336,29.42,,45.679,4.595,6.98,5,26.6,5.9,11.9,47.8,46.3,24.09,2.7,-3.42,41.0,4.63,12.0,0.0,2023.154,69.0,0.0,28.2,0.992,67.0,8.2,9.49
95,249500109,CA de Cergy-Pontoise,99.34640522875816,100.0,13.0,0.980632507967639,7.441256786901496,4.705780028727592,13.0,11.0,7.7,2.2,32.690000000000005,1.05,6.2,17.8,35.400000000000006,0.49,0.03,10.0,51.1,-1.9,25.1,2.1,1.290393684877596,44.40857364664004,3.8593804792518993,2.4,0.0,2.25,113.8,15.5,71.8,2.21,10.0,0.0,0.1342752124971284,3.533917836707805,33.75830980784992,64.6,13.0,85.0,8.68,36.75,4.644538942384332,0.41,5,3.0106650205370498,-34.0,1.0,100.0,1.88,8.25,14.062,4.987,6.74,5,33.5,16.9,15.9,32.9,43.7,22.23,3.4,-5.17,99.5,1.08,6.23,0.0,4035.015,,7.0,21.0,2.216,39.0,8.2,14.91
95,249500430,CC Sausseron Impressionnistes,99.90654205607476,99.98238402818556,13.0,4.084182467687325,29.990573847573007,38.61429096060018,3.0,24.0,12.1,4.0,5.88,16.46,6.1,25.4,59.2,3.88,1.57,10.4,76.3,1.4,25.1,3.1,3.097275447530054,46.25845172073235,1.486648745519713,1.7,0.0,1.57,80.2,12.3,45.8,2.21,18.8,0.0,99.88684735616894,0.7381709643231141,37.56014279062549,62.0,23.4,101.0,4.32,36.75,3.772739058286663,0.52,0,4.004252229827837,-13.8,21.0,-10.714285714285714,34.03,,57.041,4.348,6.01,4,26.4,5.7,10.6,48.8,61.6,23.57,2.9,-4.2,52.8,6.73,10.6,0.0,1658.13,69.0,0.0,28.7,0.942,79.0,8.2,10.31
95,249500455,CC de la Vallée de l'Oise et des Trois Forêts,99.92938351811311,100.0,45.0,4.068822269226696,29.958347441381157,1594.628693713319,5.0,20.666666666666668,9.6,2.1,15.67,27.24,6.1,21.9,58.3,1.79,0.1,10.0,71.1,-0.7,25.1,2.1,1.2852498676948665,46.73849249601744,1.8558590308370049,2.4,0.0,2.77,120.6,17.9,62.6,2.21,46.8,0.0,12.844745222929935,1.214041882107243,40.64514523234686,76.5,11.4,101.0,10.69,36.75,4.144340901639042,,0,3.5833612708564355,5.2,16.0,-48.333333333333336,9.81,,29.486,3.011,6.08,4,31.6,8.0,10.9,42.0,54.7,17.19,3.2,-5.52,48.9,3.0,9.11,0.0,1974.513,73.0,0.0,25.8,0.868,75.0,8.2,10.14
95,249500489,CC du Haut Val d'Oise,99.70887918486171,100.0,24.0,1.3688828049653112,5.682800921448292,61.14917182701505,9.0,27.33333333333333,10.4,0.9,26.61,3.55,5.9,23.3,47.4,0.82,0.33,12.9,65.5,-1.3,25.1,1.2,1.5628815628815629,38.27518918661654,1.4164581961816984,2.1,0.0,1.71,119.9,14.4,57.4,2.21,23.1,0.0,19.740106079151364,3.155496821766838,32.614489944269444,69.3,19.4,91.0,11.92,36.75,5.225811800748311,0.98,1,3.108277967319088,-14.6,12.0,-56.09756097560976,10.59,,36.102,3.78,6.03,4,30.0,15.4,17.7,39.0,44.2,15.29,3.0,-6.069999999999999,59.9,2.78,3.56,0.0,2433.729,70.0,0.0,23.8,1.347,42.0,8.2,12.59
95,249500513,CC du Vexin-Val de Seine,100.0,100.0,13.0,2.045940667720636,9.272317423380038,66.01094934424258,5.0,27.666666666666668,15.4,7.1,12.879999999999999,10.68,8.0,32.4,41.5,8.55,8.12,14.2,79.7,4.2,25.1,1.6,4.835297673012995,35.812943962115234,0.7727272727272728,1.6,0.8,1.81,73.9,11.0,19.3,2.21,23.4,0.0,99.79525413653026,0.3320562719387343,43.57675111773472,74.8,13.7,98.0,6.88,36.75,5.462212685481525,0.6,1,5.348448544387205,-0.8,55.0,9.375,64.34,5.56,53.077,2.825,7.94,5,32.0,8.5,17.7,54.4,43.7,22.61,2.8,-3.39,56.5,8.0,8.73,0.0,3668.554,66.0,1.0,20.4,0.47,75.0,8.2,10.83
971,200018653,CA CAP Excellence,97.92857142857144,98.90829694323143,,1.2226088592118871,42.540682861105495,12.870222431880878,9.0,12.0,,4.5,40.64,-2.05,15.3,,,1.83,0.36,,83.1,0.9,,,3.741364111605404,62.74408513276165,,3.8,0.0,0.0,442.0,32.4,80.9,1.5,16.3,3.0,56.78446829922844,3.3696916846840765,71.68167649836026,73.5,,102.0,8.58,27.3,7.232245342300424,2.26,0,5.440120000802681,-0.7,,,,8.78,14.056,0.248,,5,40.4,,22.2,41.5,53.8,86.23,,-1.35,183.0,0.0,6.67,,,61.0,3.0,13.4,0.308,68.0,8.3,19.48
971,200041507,CA La Riviéra du Levant,97.92857142857144,98.90829694323143,,1.2226088592118871,42.540682861105495,11.021986030974794,8.0,12.0,,25.5,7.85,1.01,9.7,,,9.84,4.65,,87.4,1.0,,,4.168050983116373,55.16145402099304,,3.1,0.0,0.0,346.3,25.1,54.0,1.5,27.1,0.0,2.4317373329487557,3.5383176644467538,60.03022458964882,80.7,,105.0,5.3,27.3,7.425285144885633,1.96,0,7.121442361586847,16.0,,,,2.51,19.63,0.084,,4,39.2,,21.3,41.5,42.8,52.72,,-4.38,64.4,2.75,35.0,,,,0.0,16.5,0.196,95.0,8.3,16.65
971,200044691,CA du Nord Grande Terre,97.92857142857144,98.90829694323143,,1.2226088592118871,42.540682861105495,68.89977293691904,7.0,18.0,,9.9,13.73,0.14,14.3,,,10.24,8.88,,87.6,2.2,,,2.7644738695590925,48.45929289652936,,2.8,0.16,0.0,375.9,22.5,45.5,1.5,18.5,3.0,75.49902773207288,1.281996417164686,47.65464724086373,74.3,,116.0,17.68,27.3,7.605477165149672,2.11,0,6.645113886847906,1.0,,,,3.28,36.328,0.119,,3,39.3,,22.5,53.4,33.3,49.02,,-4.55,63.0,4.6,30.4,,,,0.0,12.9,0.123,101.0,8.3,19.18
971,249710047,CC de Marie-Galante,100.0,100.0,,4.705525197328476,5.636563602738586,93.01490398394957,6.0,17.0,,14.4,12.0,9.84,21.7,,,27.16,,,79.8,8.8,,,0.0,64.88764044943821,,2.9,8.25,0.0,291.4,0.0,5.0,1.5,39.0,0.0,4.1344194238268965,1.1691704399133511,66.50246305418719,76.5,,134.0,18.05,27.3,8.547658156560916,2.88,1,5.1940116388211,0.6,,,,0.92,27.424,0.006,,4,46.5,,28.0,55.7,37.9,71.29,,-2.04,100.1,,7.0,,,,0.0,11.8,0.125,147.0,8.3,18.47
971,249710062,CA du Nord Basse-Terre,97.92857142857144,98.90829694323143,,1.2226088592118871,42.540682861105495,640.8019440913235,7.0,16.333333333333332,,8.0,18.88,8.05,14.0,,,11.69,11.81,,88.3,1.5,,,0.180703452726686,50.3751453027581,,2.3,0.31,0.0,312.1,22.5,50.3,1.5,65.8,0.0,99.89590334793893,1.1610610945771602,43.23442439074131,75.4,,106.0,10.58,27.3,7.486214356783818,1.29,0,7.334479060331572,0.7,,,,5.65,11.527,0.149,,6,34.8,,21.9,44.3,35.3,39.04,,-4.4799999999999995,60.1,8.5,20.67,,,,0.0,12.8,0.255,78.0,8.3,16.88
971,249710070,CA Grand Sud Caraïbe,97.92857142857144,98.90829694323143,,1.2226088592118871,42.540682861105495,432.5278251515231,8.0,17.333333333333332,,5.1,16.81,5.67,17.9,,,6.92,13.09,,81.0,0.9,,,0.0,45.88020433551255,,2.3,1.03,0.0,360.1,27.2,28.5,1.5,64.1,0.0,71.87298487012798,1.358660330276583,47.54856371900502,83.8,,123.0,11.81,27.3,7.787643717399023,2.93,0,6.152055056394571,-6.7,,,,10.99,12.109,0.074,,5,39.6,,25.0,51.1,49.8,47.97,,-0.8999999999999999,95.4,8.91,12.0,,,,0.0,14.8,0.658,117.0,8.3,17.16
972,200041788,CA du Pays Nord Martinique,99.11111111111111,97.53694581280789,,10.802767363660958,6.096364354459849,180.91856173478456,7.0,12.75,,5.5,17.06,6.06,16.3,,,11.99,14.93,,83.4,2.5,21.433333333333334,,15.273160634761338,50.25287942538996,,2.6,1.39,0.0,339.3,25.2,37.0,2.89,52.2,4.0,100.50568093986703,1.1488246543561644,41.87118307792463,74.1,,120.0,9.89,22.16,7.499284617582462,2.4,1,6.536344168569062,-14.6,,,,4.95,20.101,0.124,,7,38.0,30.6,24.9,46.5,47.9,32.7,3.9,-2.15,71.6,5.78,23.28,,,,3.0,11.8,0.496,121.0,8.3,20.11
972,249720053,CA de l'Espace Sud de la Martinique,,,,,,0.0,7.0,11.0,,13.6,16.11,4.35,13.3,,,10.36,9.57,,86.4,1.3,21.450000000000003,,8.692779777117128,53.55816044377343,,2.6,0.0,0.0,334.2,29.8,49.8,2.89,42.4,0.0,103.27494923666993,2.457858933658039,46.91444961613108,77.9,,107.0,9.49,22.16,7.008552580115252,1.48,0,5.8125472608276185,-18.6,,,,2.78,19.319,0.197,,7,37.5,26.4,23.4,43.8,47.6,28.36,4.1,-0.08,69.2,4.33,29.58,,,,2.0,12.3,0.481,109.0,8.3,17.43
972,249720061,CA du Centre de la Martinique,99.59349593495936,100.0,,1.8833606377626708,29.784841456093435,167.92997773897278,8.0,9.0,,2.5,26.179999999999996,5.27,16.9,,,3.38,2.49,,84.1,1.6,12.6,,7.204486339415791,63.72034360512681,,3.4,0.09,0.0,368.5,40.3,70.1,2.89,34.3,5.0,103.0898968588842,2.921083811527098,52.130827820678384,74.9,,105.0,11.62,22.16,6.911580052294656,0.93,0,7.699960561959747,13.5,,,,6.24,22.178,0.195,,6,43.4,24.7,20.6,29.3,64.2,55.49,4.3,-0.8699999999999999,136.7,0.0,6.75,,,,3.0,14.5,0.506,97.0,8.3,18.07
973,200027548,CC des Savanes,,,,,,202.36706362708404,27.0,9.0,,6.8,38.81,5.35,11.4,,,11.38,28.53,,71.6,-2.6,,,0.0,41.84594953519257,,1.7,16.77,0.0,322.8,18.2,56.3,2.83,17.3,1.0,20.50440017127169,0.0291799432806745,36.3376543839951,69.7,,103.0,6.16,,7.736655464437709,2.75,0,4.961261351831373,120.0,,,,18.75,0.599,0.005,,7,22.1,,25.9,57.6,23.2,33.59,,-17.0,106.1,50.0,53.25,,,,23.0,16.5,0.001,17.0,12.5,23.93
973,249730037,CC de l'Ouest Guyanais,,65.99999999999999,,,0.0,34.65634224335848,51.0,4.5,,3.8,18.279999999999998,39.64,6.9,,,30.14,41.92,,72.1,20.6,,,0.0,51.03506042838339,,0.8,40.62,0.0,154.4,13.3,7.6,2.83,4.6,0.0,58.90033430377768,0.0125437434230769,12.461972286514186,81.0,,121.0,6.25,,8.199676319244292,1.02,0,9.381535861413331,-8.4,,,,5.2,0.327,0.02,,6,17.3,,48.8,58.3,4.2,13.54,,-19.34,99.6,19.5,40.0,,,,0.0,4.3,0.0,6.0,12.5,36.28
973,249730045,CA du Centre Littoral,96.45390070921984,98.58156028368792,,0.0,12.091241365001904,94.70704751063845,27.0,6.0,,3.5,25.019999999999996,13.36,10.7,,,9.33,11.2,,80.0,0.8,,,0.8673368815296669,56.7947971267715,,2.1,2.86,0.0,379.9,27.4,40.3,2.83,15.0,2.0,77.91625878351994,0.3742965874977398,37.43580708520121,77.8,,97.0,9.229999999999999,,7.9486807824836,1.84,0,8.57817766550161,88.0,,,,18.87,2.669,0.052,,7,28.5,,27.4,38.5,20.6,33.12,,-9.62,99.7,6.33,19.17,,,,3.0,13.6,0.006,23.0,12.5,22.71
973,249730052,CC de l'Est Guyanais,,,,,,29.45062521911885,50.0,6.0,,7.1,14.99,-4.26,11.6,,,48.24,83.16,,35.6,1.5,,,0.1144819690898683,31.069958847736626,,0.0,100.0,0.0,332.6,16.0,0.0,2.83,7.5,0.0,52.58789340706043,0.001627321826619,17.31309724564362,87.3,,89.0,6.069999999999999,,8.203967472156327,5.72,0,10.0,403.3,,,,4.08,0.107,0.0,,5,16.6,,54.8,68.0,2.7,20.61,,-28.15,100.3,105.0,116.0,,,,0.0,5.4,0.0,11.0,12.5,41.51
974,249740077,CA CIVIS (Communauté Intercommunale des Villes Solidaires),97.64397905759162,97.6923076923077,,1.2896196733704657,38.80512476749585,121.81238795514344,8.0,19.0,,4.5,18.459999999999997,9.67,9.1,,,4.99,5.25,,79.9,0.5,24.7,,5.570651434047952,37.59235566006201,,5.3,0.45999999999999996,0.0,545.2,48.9,95.5,2.93,48.6,3.0,51.36968879722905,2.258593877860733,40.699926821918986,76.7,,94.0,10.26,47.78,6.750129948052234,1.74,1,5.464864091244372,-15.3,,,,4.12,18.055,1.895,,7,29.4,36.3,28.3,55.3,39.8,26.58,4.2,-8.37,110.1,6.0,18.17,,,,0.0,14.7,0.382,46.0,10.0,23.49
974,249740085,CA du Sud,99.1869918699187,98.3739837398374,,1.0707506611074158,27.72005888717173,256.82476359560366,6.0,18.0,,2.8,13.73,18.17,6.4,,,6.22,9.98,,83.3,1.3,24.7,,7.20164609053498,34.59739365779634,,4.3,2.0500000000000003,0.0,488.8,31.2,67.7,2.93,63.9,1.0,47.34688677742981,1.0040912045941113,34.93514588465762,80.5,,99.0,9.59,47.78,6.9047001388210285,2.03,0,4.421775513211264,-7.7,,,,6.59,18.74,1.017,,8,31.0,39.3,27.3,53.7,30.8,21.27,4.0,-10.11,73.5,4.25,19.5,,,,0.0,15.8,0.147,50.0,10.0,26.07
974,249740093,CA Intercommunale de la Réunion Est (CIREST),98.29059829059828,92.3913043478261,,0.8298608658803588,30.43723711351685,193.02381101278883,10.0,17.5,,2.7,26.35,4.77,9.1,,,7.08,12.29,,83.5,3.1,26.3,,5.078897375256854,33.284196091875216,,3.2,1.09,0.0,563.1,31.7,40.5,2.93,69.2,3.0,86.04263323735536,0.6999873503051661,37.3066144573688,81.7,,102.0,11.75,47.78,7.06258791109169,1.16,0,5.329799058753045,-7.0,,,,6.08,13.309,1.534,,7,27.0,44.3,30.2,53.1,32.5,25.07,3.9,-9.24,83.9,6.0,13.83,,,,1.0,14.6,0.149,37.0,10.0,23.86
974,249740101,CA Territoire de la Côte Ouest (TCO),98.64176570458405,98.97435897435898,,0.0,21.87813858736017,177.40201657599496,10.0,14.5,,5.4,23.810000000000002,8.23,8.1,,,4.64,2.78,,81.6,2.3,21.6,,4.817571578610896,37.76274397654966,,5.5,0.21,0.0,408.3,35.2,87.0,2.93,56.1,5.0,59.24717276900683,2.048000935056958,41.75469006734919,73.8,,90.0,9.21,47.78,6.660547637112508,3.24,0,5.041459597875569,-8.6,,,,6.81,14.529,0.413,,8,27.9,32.1,28.8,47.8,41.3,29.11,4.4,-7.109999999999999,97.3,0.0,13.0,,,,4.0,20.2,0.172,46.0,10.0,21.99
974,249740119,CA Intercommunale du Nord de la Réunion (CINOR),97.61029411764706,97.60147601476017,,1.5171197481581218,34.947820808585064,148.8466040618176,11.0,12.0,,1.5,34.589999999999996,7.09,8.5,,,5.57,3.97,,74.6,-0.6,20.0,,3.6243928564832766,47.594091600940914,,3.8,0.37,0.0,437.9,39.9,59.8,2.93,55.0,0.0,64.07716092273486,2.48071446272188,37.19361428878296,79.6,,95.0,12.98,47.78,6.958334050677807,1.57,2,4.209279568078286,-10.6,,,,4.12,13.095,0.91,,8,35.0,33.0,24.2,44.1,43.4,30.59,4.5,-7.16,116.0,0.0,11.0,,,,1.0,18.5,0.277,45.0,10.0,21.5
976,200050532,CC de Petite-Terre,99.74025974025976,96.32829373650108,,2.070353685421259,14.931795594950309,0.0,,,,,5.56,694.0,,,,,,,,,,,,39.41747572815534,,,,0.0,,,,1.72,6.3,1.0,,,24.568061520023967,85.5,,,,,8.869472600299643,0.34,0,10.0,,,,,,,,,6,,,,61.2,,19.64,,,,6.5,6.5,,,,0.0,,1.0,,2.7,
976,200059871,CC du Centre-Ouest,99.74025974025976,96.32829373650108,,2.070353685421259,14.931795594950309,141.990843662535,,,,,2.09,,,,,,,,,,,,,40.89600575746672,,,,0.0,,,,1.72,60.3,0.0,,,28.008318917763223,91.4,,,,,8.989058662249388,1.8,0,10.0,,,,,7.57,,0.069,,5,,,,74.8,,19.41,,,,21.8,21.8,,,,0.0,,0.269,,2.7,
976,200060457,CA de Dembeni / Mamoudzou,99.74025974025976,96.32829373650108,,2.070353685421259,14.931795594950309,27.93855759867102,,,,,6.710000000000001,598.55,,,,,,,,,,,,52.11909611094947,,,,0.0,,,,1.72,43.5,0.0,,,25.199236726905376,84.7,,,,,9.116919123724417,0.69,0,10.0,,,,,4.77,,0.069,,6,,,,62.8,,21.78,,,,6.0,6.0,,,,0.0,,0.1,,2.7,
976,200060465,CA du Grand Nord de Mayotte,99.74025974025976,96.32829373650108,,2.070353685421259,14.931795594950309,118.88628433996138,,,,,2.96,2177.78,,,,,,,,,,,,38.63968287085333,,,,0.0,,,,1.72,51.2,1.0,,,23.40488968395945,79.6,,,,,8.877504875463956,0.51,0,10.0,,,,,0.52,,0.037,,7,,,,69.9,,16.46,,,,28.5,28.5,,,,1.0,,0.205,,2.7,
976,200060473,CC du Sud,99.74025974025976,96.32829373650108,,2.070353685421259,14.931795594950309,5.435465078645867,,,,,2.02,,,,,,,,,,,,,46.737298338550445,,,,0.0,,,,1.72,66.2,0.0,,,32.49334794177493,93.5,,,,,9.011158835985686,2.59,0,10.0,,,,,8.46,,0.001,,5,,,,75.5,,28.51,,,,33.75,33.75,,,,0.0,,0.242,,2.7,
